shader,slot,preset,type,propname,propvalue
NPR/XToon_2DRamp_Jade,Head,Depth,color,_BaseColor,1|1|1|1
NPR/XToon_2DRamp_Jade,Head,Depth,float,_RampSmoothing,0.0017
NPR/XToon_2DRamp_Jade,Head,Depth,float,_LightSensitivity,0.5
NPR/XToon_2DRamp_Jade,Head,Depth,float,_DetailMode,0
NPR/XToon_2DRamp_Jade,Head,Depth,float,_DetailBias,0
NPR/XToon_2DRamp_Jade,Head,Depth,float,_DepthNear,5
NPR/XToon_2DRamp_Jade,Head,Depth,float,_DepthFar,50
NPR/XToon_2DRamp_Jade,Head,Depth,float,_ManualDetail,0
NPR/XToon_2DRamp_Jade,Head,Depth,float,_NormalSmoothing,1
NPR/XToon_2DRamp_Jade,Head,Depth,float,_UseAbstractNormals,0.9
NPR/XToon_2DRamp_Jade,Head,Depth,color,_ShadowColor,0.25|0.25|0.35|1
NPR/XToon_2DRamp_Jade,Head,Depth,float,_ShadowStrength,0.4
NPR/XToon_2DRamp_Jade,Head,Depth,float,_LightingStrength,0.4
NPR/XToon_2DRamp_Jade,Head,Depth,color,_SpecularColor,1|1|1|1
NPR/XToon_2DRamp_Jade,Head,Depth,float,_SpecularSize,0.005
NPR/XToon_2DRamp_Jade,Head,Depth,float,_SpecularSmoothness,0.05
NPR/XToon_2DRamp_Jade,Head,Depth,float,_SpecularStrength,0.5
NPR/XToon_2DRamp_Jade,Head,Depth,float,_EnableRimLight,0
NPR/XToon_2DRamp_Jade,Head,Depth,color,_RimColor,0.408|0.408|0.408|1
NPR/XToon_2DRamp_Jade,Head,Depth,float,_RimPower,10
NPR/XToon_2DRamp_Jade,Head,Depth,float,_RimThreshold,0
NPR/XToon_2DRamp_Jade,Head,Depth,float,_RimStrength,1
NPR/XToon_2DRamp_Jade,Head,Depth,float,_EnableSobel,0
NPR/XToon_2DRamp_Jade,Head,Depth,color,_SobelEdgeColor,0|0|0|1
NPR/XToon_2DRamp_Jade,Head,Depth,float,_SobelThreshold,0.15
NPR/XToon_2DRamp_Jade,Head,Depth,float,_SobelSampleDist,1
NPR/XToon_2DRamp_Jade,Head,Depth,float,_SobelStrength,1
NPR/XToon_2DRamp_Jade,Head,Depth,color,_OutlineColor,0|0|0|1
NPR/XToon_2DRamp_Jade,Head,Depth,float,_OutlineWidth,0.005
NPR/XToon_2DRamp_Jade,Head,Depth,float,_AlphaBlend,0
NPR/XToon_2DRamp_Jade,Head,Depth,float,_AlphaCutoff,0.1
NPR/XToon_2DRamp_Jade,Head,Depth,float,_DebugMode,0
NPR/XToon_2DRamp,Head,Depth,color,_BaseColor,1|1|1|1
NPR/XToon_2DRamp,Head,Depth,float,_RampSmoothing,0.01
NPR/XToon_2DRamp,Head,Depth,float,_LightSensitivity,1
NPR/XToon_2DRamp,Head,Depth,float,_DetailMode,0
NPR/XToon_2DRamp,Head,Depth,float,_DetailBias,0.5
NPR/XToon_2DRamp,Head,Depth,float,_DepthNear,5
NPR/XToon_2DRamp,Head,Depth,float,_DepthFar,50
NPR/XToon_2DRamp,Head,Depth,float,_ManualDetail,0
NPR/XToon_2DRamp,Head,Depth,float,_NormalSmoothing,0
NPR/XToon_2DRamp,Head,Depth,float,_UseAbstractNormals,0
NPR/XToon_2DRamp,Head,Depth,color,_ShadowColor,0.25|0.25|0.35|1
NPR/XToon_2DRamp,Head,Depth,float,_ShadowStrength,0.6
NPR/XToon_2DRamp,Head,Depth,float,_LightingStrength,1
NPR/XToon_2DRamp,Head,Depth,color,_SpecularColor,1|1|1|1
NPR/XToon_2DRamp,Head,Depth,float,_SpecularSize,0.03
NPR/XToon_2DRamp,Head,Depth,float,_SpecularSmoothness,0.02
NPR/XToon_2DRamp,Head,Depth,float,_SpecularStrength,0.5
NPR/XToon_2DRamp,Head,Depth,float,_EnableRimLight,0
NPR/XToon_2DRamp,Head,Depth,color,_RimColor,1|1|1|1
NPR/XToon_2DRamp,Head,Depth,float,_RimPower,3
NPR/XToon_2DRamp,Head,Depth,float,_RimThreshold,0.1
NPR/XToon_2DRamp,Head,Depth,float,_RimStrength,0.3
NPR/XToon_2DRamp,Head,Depth,float,_EnableSobel,1
NPR/XToon_2DRamp,Head,Depth,color,_SobelEdgeColor,0|0|0|1
NPR/XToon_2DRamp,Head,Depth,float,_SobelThreshold,0.15
NPR/XToon_2DRamp,Head,Depth,float,_SobelSampleDist,1
NPR/XToon_2DRamp,Head,Depth,float,_SobelStrength,1
NPR/XToon_2DRamp,Head,Depth,color,_OutlineColor,0|0|0|1
NPR/XToon_2DRamp,Head,Depth,float,_OutlineWidth,0
NPR/XToon_2DRamp,Head,Depth,float,_AlphaBlend,0
NPR/XToon_2DRamp,Head,Depth,float,_AlphaCutoff,0.5
NPR/XToon_2DRamp,Head,Depth,float,_DebugMode,0
NPR/XToon_2DRamp,Body,Depth,color,_BaseColor,1|1|1|1
NPR/XToon_2DRamp,Body,Depth,float,_RampSmoothing,0.01
NPR/XToon_2DRamp,Body,Depth,float,_LightSensitivity,0.5
NPR/XToon_2DRamp,Body,Depth,float,_DetailMode,0
NPR/XToon_2DRamp,Body,Depth,float,_DetailBias,0
NPR/XToon_2DRamp,Body,Depth,float,_DepthNear,5
NPR/XToon_2DRamp,Body,Depth,float,_DepthFar,50
NPR/XToon_2DRamp,Body,Depth,float,_ManualDetail,0
NPR/XToon_2DRamp,Body,Depth,float,_NormalSmoothing,1
NPR/XToon_2DRamp,Body,Depth,float,_UseAbstractNormals,0.9
NPR/XToon_2DRamp,Body,Depth,color,_ShadowColor,0.25|0.25|0.35|1
NPR/XToon_2DRamp,Body,Depth,float,_ShadowStrength,0.4
NPR/XToon_2DRamp,Body,Depth,float,_LightingStrength,0.4
NPR/XToon_2DRamp,Body,Depth,color,_SpecularColor,1|1|1|1
NPR/XToon_2DRamp,Body,Depth,float,_SpecularSize,0.005
NPR/XToon_2DRamp,Body,Depth,float,_SpecularSmoothness,0.05
NPR/XToon_2DRamp,Body,Depth,float,_SpecularStrength,0.5
NPR/XToon_2DRamp,Body,Depth,float,_EnableRimLight,0
NPR/XToon_2DRamp,Body,Depth,color,_RimColor,1|1|1|1
NPR/XToon_2DRamp,Body,Depth,float,_RimPower,3
NPR/XToon_2DRamp,Body,Depth,float,_RimThreshold,0.1
NPR/XToon_2DRamp,Body,Depth,float,_RimStrength,0.3
NPR/XToon_2DRamp,Body,Depth,float,_EnableSobel,0
NPR/XToon_2DRamp,Body,Depth,color,_SobelEdgeColor,0|0|0|1
NPR/XToon_2DRamp,Body,Depth,float,_SobelThreshold,0.15
NPR/XToon_2DRamp,Body,Depth,float,_SobelSampleDist,1
NPR/XToon_2DRamp,Body,Depth,float,_SobelStrength,1
NPR/XToon_2DRamp,Body,Depth,color,_OutlineColor,0|0|0|1
NPR/XToon_2DRamp,Body,Depth,float,_OutlineWidth,0.005
NPR/XToon_2DRamp,Body,Depth,float,_AlphaBlend,0
NPR/XToon_2DRamp,Body,Depth,float,_AlphaCutoff,0.1
NPR/XToon_2DRamp,Body,Depth,float,_DebugMode,0
NPR/XToon_2DRamp,Eyelash,Depth,color,_BaseColor,1|1|1|1
NPR/XToon_2DRamp,Eyelash,Depth,float,_RampSmoothing,0.01
NPR/XToon_2DRamp,Eyelash,Depth,float,_LightSensitivity,0.5
NPR/XToon_2DRamp,Eyelash,Depth,float,_DetailMode,0
NPR/XToon_2DRamp,Eyelash,Depth,float,_DetailBias,0
NPR/XToon_2DRamp,Eyelash,Depth,float,_DepthNear,5
NPR/XToon_2DRamp,Eyelash,Depth,float,_DepthFar,50
NPR/XToon_2DRamp,Eyelash,Depth,float,_ManualDetail,0
NPR/XToon_2DRamp,Eyelash,Depth,float,_NormalSmoothing,1
NPR/XToon_2DRamp,Eyelash,Depth,float,_UseAbstractNormals,0.9
NPR/XToon_2DRamp,Eyelash,Depth,color,_ShadowColor,0.25|0.25|0.35|1
NPR/XToon_2DRamp,Eyelash,Depth,float,_ShadowStrength,0.4
NPR/XToon_2DRamp,Eyelash,Depth,float,_LightingStrength,0.4
NPR/XToon_2DRamp,Eyelash,Depth,color,_SpecularColor,1|1|1|1
NPR/XToon_2DRamp,Eyelash,Depth,float,_SpecularSize,0.005
NPR/XToon_2DRamp,Eyelash,Depth,float,_SpecularSmoothness,0.05
NPR/XToon_2DRamp,Eyelash,Depth,float,_SpecularStrength,0.5
NPR/XToon_2DRamp,Eyelash,Depth,float,_EnableRimLight,0
NPR/XToon_2DRamp,Eyelash,Depth,color,_RimColor,1|1|1|1
NPR/XToon_2DRamp,Eyelash,Depth,float,_RimPower,3
NPR/XToon_2DRamp,Eyelash,Depth,float,_RimThreshold,0.1
NPR/XToon_2DRamp,Eyelash,Depth,float,_RimStrength,0.3
NPR/XToon_2DRamp,Eyelash,Depth,float,_EnableSobel,0
NPR/XToon_2DRamp,Eyelash,Depth,color,_SobelEdgeColor,0|0|0|1
NPR/XToon_2DRamp,Eyelash,Depth,float,_SobelThreshold,0.15
NPR/XToon_2DRamp,Eyelash,Depth,float,_SobelSampleDist,1
NPR/XToon_2DRamp,Eyelash,Depth,float,_SobelStrength,1
NPR/XToon_2DRamp,Eyelash,Depth,color,_OutlineColor,0|0|0|1
NPR/XToon_2DRamp,Eyelash,Depth,float,_OutlineWidth,0.005
NPR/XToon_2DRamp,Eyelash,Depth,float,_AlphaBlend,1
NPR/XToon_2DRamp,Eyelash,Depth,float,_AlphaCutoff,0.1
NPR/XToon_2DRamp,Eyelash,Depth,float,_DebugMode,0
NPR/XToon_2DRamp,Hair,Depth,color,_BaseColor,1|1|1|1
NPR/XToon_2DRamp,Hair,Depth,float,_RampSmoothing,0.01
NPR/XToon_2DRamp,Hair,Depth,float,_LightSensitivity,0.5
NPR/XToon_2DRamp,Hair,Depth,float,_DetailMode,0
NPR/XToon_2DRamp,Hair,Depth,float,_DetailBias,0
NPR/XToon_2DRamp,Hair,Depth,float,_DepthNear,5
NPR/XToon_2DRamp,Hair,Depth,float,_DepthFar,50
NPR/XToon_2DRamp,Hair,Depth,float,_ManualDetail,0
NPR/XToon_2DRamp,Hair,Depth,float,_NormalSmoothing,1
NPR/XToon_2DRamp,Hair,Depth,float,_UseAbstractNormals,0.9
NPR/XToon_2DRamp,Hair,Depth,color,_ShadowColor,0.25|0.25|0.35|1
NPR/XToon_2DRamp,Hair,Depth,float,_ShadowStrength,0.4
NPR/XToon_2DRamp,Hair,Depth,float,_LightingStrength,0.4
NPR/XToon_2DRamp,Hair,Depth,color,_SpecularColor,1|1|1|1
NPR/XToon_2DRamp,Hair,Depth,float,_SpecularSize,0.005
NPR/XToon_2DRamp,Hair,Depth,float,_SpecularSmoothness,0.05
NPR/XToon_2DRamp,Hair,Depth,float,_SpecularStrength,0.5
NPR/XToon_2DRamp,Hair,Depth,float,_EnableRimLight,0
NPR/XToon_2DRamp,Hair,Depth,color,_RimColor,1|1|1|1
NPR/XToon_2DRamp,Hair,Depth,float,_RimPower,3
NPR/XToon_2DRamp,Hair,Depth,float,_RimThreshold,0.1
NPR/XToon_2DRamp,Hair,Depth,float,_RimStrength,0.3
NPR/XToon_2DRamp,Hair,Depth,float,_EnableSobel,0
NPR/XToon_2DRamp,Hair,Depth,color,_SobelEdgeColor,0|0|0|1
NPR/XToon_2DRamp,Hair,Depth,float,_SobelThreshold,0.15
NPR/XToon_2DRamp,Hair,Depth,float,_SobelSampleDist,1
NPR/XToon_2DRamp,Hair,Depth,float,_SobelStrength,1
NPR/XToon_2DRamp,Hair,Depth,color,_OutlineColor,0|0|0|1
NPR/XToon_2DRamp,Hair,Depth,float,_OutlineWidth,0.005
NPR/XToon_2DRamp,Hair,Depth,float,_AlphaBlend,1
NPR/XToon_2DRamp,Hair,Depth,float,_AlphaCutoff,0.1
NPR/XToon_2DRamp,Hair,Depth,float,_DebugMode,0
NPR/XToon_2DRamp,Shoe,Depth,color,_BaseColor,1|1|1|1
NPR/XToon_2DRamp,Shoe,Depth,float,_RampSmoothing,0.01
NPR/XToon_2DRamp,Shoe,Depth,float,_LightSensitivity,0.5
NPR/XToon_2DRamp,Shoe,Depth,float,_DetailMode,0
NPR/XToon_2DRamp,Shoe,Depth,float,_DetailBias,0
NPR/XToon_2DRamp,Shoe,Depth,float,_DepthNear,5
NPR/XToon_2DRamp,Shoe,Depth,float,_DepthFar,50
NPR/XToon_2DRamp,Shoe,Depth,float,_ManualDetail,0
NPR/XToon_2DRamp,Shoe,Depth,float,_NormalSmoothing,1
NPR/XToon_2DRamp,Shoe,Depth,float,_UseAbstractNormals,0.9
NPR/XToon_2DRamp,Shoe,Depth,color,_ShadowColor,0.25|0.25|0.35|1
NPR/XToon_2DRamp,Shoe,Depth,float,_ShadowStrength,0.4
NPR/XToon_2DRamp,Shoe,Depth,float,_LightingStrength,0.4
NPR/XToon_2DRamp,Shoe,Depth,color,_SpecularColor,1|1|1|1
NPR/XToon_2DRamp,Shoe,Depth,float,_SpecularSize,0.005
NPR/XToon_2DRamp,Shoe,Depth,float,_SpecularSmoothness,0.05
NPR/XToon_2DRamp,Shoe,Depth,float,_SpecularStrength,0.5
NPR/XToon_2DRamp,Shoe,Depth,float,_EnableRimLight,0
NPR/XToon_2DRamp,Shoe,Depth,color,_RimColor,1|1|1|1
NPR/XToon_2DRamp,Shoe,Depth,float,_RimPower,3
NPR/XToon_2DRamp,Shoe,Depth,float,_RimThreshold,0.1
NPR/XToon_2DRamp,Shoe,Depth,float,_RimStrength,0.3
NPR/XToon_2DRamp,Shoe,Depth,float,_EnableSobel,0
NPR/XToon_2DRamp,Shoe,Depth,color,_SobelEdgeColor,0|0|0|1
NPR/XToon_2DRamp,Shoe,Depth,float,_SobelThreshold,0.15
NPR/XToon_2DRamp,Shoe,Depth,float,_SobelSampleDist,1
NPR/XToon_2DRamp,Shoe,Depth,float,_SobelStrength,1
NPR/XToon_2DRamp,Shoe,Depth,color,_OutlineColor,0|0|0|1
NPR/XToon_2DRamp,Shoe,Depth,float,_OutlineWidth,0.005
NPR/XToon_2DRamp,Shoe,Depth,float,_AlphaBlend,0
NPR/XToon_2DRamp,Shoe,Depth,float,_AlphaCutoff,0.1
NPR/XToon_2DRamp,Shoe,Depth,float,_DebugMode,0
NPR/XToon_2DRamp_Avaturn,Look,Curvature,color,_BaseColor,1|1|1|1
NPR/XToon_2DRamp_Avaturn,Look,Curvature,float,_RampSmoothing,0.01
NPR/XToon_2DRamp_Avaturn,Look,Curvature,float,_LightSensitivity,0.5
NPR/XToon_2DRamp_Avaturn,Look,Curvature,float,_DetailMode,1
NPR/XToon_2DRamp_Avaturn,Look,Curvature,float,_DetailBias,0
NPR/XToon_2DRamp_Avaturn,Look,Curvature,float,_DepthNear,5
NPR/XToon_2DRamp_Avaturn,Look,Curvature,float,_DepthFar,50
NPR/XToon_2DRamp_Avaturn,Look,Curvature,float,_ManualDetail,0
NPR/XToon_2DRamp_Avaturn,Look,Curvature,float,_NormalSmoothing,1
NPR/XToon_2DRamp_Avaturn,Look,Curvature,float,_UseAbstractNormals,0.9
NPR/XToon_2DRamp_Avaturn,Look,Curvature,color,_ShadowColor,0.25|0.25|0.35|1
NPR/XToon_2DRamp_Avaturn,Look,Curvature,float,_ShadowStrength,0.4
NPR/XToon_2DRamp_Avaturn,Look,Curvature,float,_LightingStrength,0.4
NPR/XToon_2DRamp_Avaturn,Look,Curvature,color,_SpecularColor,1|1|1|1
NPR/XToon_2DRamp_Avaturn,Look,Curvature,float,_SpecularSize,0.005
NPR/XToon_2DRamp_Avaturn,Look,Curvature,float,_SpecularSmoothness,0.05
NPR/XToon_2DRamp_Avaturn,Look,Curvature,float,_SpecularStrength,0.5
NPR/XToon_2DRamp_Avaturn,Look,Curvature,float,_EnableRimLight,0
NPR/XToon_2DRamp_Avaturn,Look,Curvature,color,_RimColor,1|1|1|1
NPR/XToon_2DRamp_Avaturn,Look,Curvature,float,_RimPower,3
NPR/XToon_2DRamp_Avaturn,Look,Curvature,float,_RimThreshold,0.1
NPR/XToon_2DRamp_Avaturn,Look,Curvature,float,_RimStrength,0.3
NPR/XToon_2DRamp_Avaturn,Look,Curvature,float,_EnableSobel,0
NPR/XToon_2DRamp_Avaturn,Look,Curvature,color,_SobelEdgeColor,0|0|0|1
NPR/XToon_2DRamp_Avaturn,Look,Curvature,float,_SobelThreshold,0.15
NPR/XToon_2DRamp_Avaturn,Look,Curvature,float,_SobelSampleDist,1
NPR/XToon_2DRamp_Avaturn,Look,Curvature,float,_SobelStrength,1
NPR/XToon_2DRamp_Avaturn,Look,Curvature,color,_OutlineColor,0|0|0|1
NPR/XToon_2DRamp_Avaturn,Look,Curvature,float,_OutlineWidth,0.005
NPR/XToon_2DRamp_Avaturn,Look,Curvature,float,_AlphaBlend,0
NPR/XToon_2DRamp_Avaturn,Look,Curvature,float,_AlphaCutoff,0.1
NPR/XToon_2DRamp_Avaturn,Look,Curvature,float,_DebugMode,0
NPR/XToon_2DRamp_Avaturn,Shoe,Curvature,color,_BaseColor,1|1|1|1
NPR/XToon_2DRamp_Avaturn,Shoe,Curvature,float,_RampSmoothing,0.01
NPR/XToon_2DRamp_Avaturn,Shoe,Curvature,float,_LightSensitivity,0.5
NPR/XToon_2DRamp_Avaturn,Shoe,Curvature,float,_DetailMode,1
NPR/XToon_2DRamp_Avaturn,Shoe,Curvature,float,_DetailBias,0
NPR/XToon_2DRamp_Avaturn,Shoe,Curvature,float,_DepthNear,5
NPR/XToon_2DRamp_Avaturn,Shoe,Curvature,float,_DepthFar,50
NPR/XToon_2DRamp_Avaturn,Shoe,Curvature,float,_ManualDetail,0
NPR/XToon_2DRamp_Avaturn,Shoe,Curvature,float,_NormalSmoothing,1
NPR/XToon_2DRamp_Avaturn,Shoe,Curvature,float,_UseAbstractNormals,0.9
NPR/XToon_2DRamp_Avaturn,Shoe,Curvature,color,_ShadowColor,0.25|0.25|0.35|1
NPR/XToon_2DRamp_Avaturn,Shoe,Curvature,float,_ShadowStrength,0.4
NPR/XToon_2DRamp_Avaturn,Shoe,Curvature,float,_LightingStrength,0.4
NPR/XToon_2DRamp_Avaturn,Shoe,Curvature,color,_SpecularColor,1|1|1|1
NPR/XToon_2DRamp_Avaturn,Shoe,Curvature,float,_SpecularSize,0.005
NPR/XToon_2DRamp_Avaturn,Shoe,Curvature,float,_SpecularSmoothness,0.05
NPR/XToon_2DRamp_Avaturn,Shoe,Curvature,float,_SpecularStrength,0.5
NPR/XToon_2DRamp_Avaturn,Shoe,Curvature,float,_EnableRimLight,0
NPR/XToon_2DRamp_Avaturn,Shoe,Curvature,color,_RimColor,1|1|1|1
NPR/XToon_2DRamp_Avaturn,Shoe,Curvature,float,_RimPower,3
NPR/XToon_2DRamp_Avaturn,Shoe,Curvature,float,_RimThreshold,0.1
NPR/XToon_2DRamp_Avaturn,Shoe,Curvature,float,_RimStrength,0.3
NPR/XToon_2DRamp_Avaturn,Shoe,Curvature,float,_EnableSobel,0
NPR/XToon_2DRamp_Avaturn,Shoe,Curvature,color,_SobelEdgeColor,0|0|0|1
NPR/XToon_2DRamp_Avaturn,Shoe,Curvature,float,_SobelThreshold,0.15
NPR/XToon_2DRamp_Avaturn,Shoe,Curvature,float,_SobelSampleDist,1
NPR/XToon_2DRamp_Avaturn,Shoe,Curvature,float,_SobelStrength,1
NPR/XToon_2DRamp_Avaturn,Shoe,Curvature,color,_OutlineColor,0|0|0|1
NPR/XToon_2DRamp_Avaturn,Shoe,Curvature,float,_OutlineWidth,0.005
NPR/XToon_2DRamp_Avaturn,Shoe,Curvature,float,_AlphaBlend,0
NPR/XToon_2DRamp_Avaturn,Shoe,Curvature,float,_AlphaCutoff,0.1
NPR/XToon_2DRamp_Avaturn,Shoe,Curvature,float,_DebugMode,0
NPR/XToon_2DRamp_Avaturn,Hair,Curvature,color,_BaseColor,1|1|1|1
NPR/XToon_2DRamp_Avaturn,Hair,Curvature,float,_RampSmoothing,0.01
NPR/XToon_2DRamp_Avaturn,Hair,Curvature,float,_LightSensitivity,0.5
NPR/XToon_2DRamp_Avaturn,Hair,Curvature,float,_DetailMode,1
NPR/XToon_2DRamp_Avaturn,Hair,Curvature,float,_DetailBias,0
NPR/XToon_2DRamp_Avaturn,Hair,Curvature,float,_DepthNear,5
NPR/XToon_2DRamp_Avaturn,Hair,Curvature,float,_DepthFar,50
NPR/XToon_2DRamp_Avaturn,Hair,Curvature,float,_ManualDetail,0
NPR/XToon_2DRamp_Avaturn,Hair,Curvature,float,_NormalSmoothing,1
NPR/XToon_2DRamp_Avaturn,Hair,Curvature,float,_UseAbstractNormals,0.9
NPR/XToon_2DRamp_Avaturn,Hair,Curvature,color,_ShadowColor,0.25|0.25|0.35|1
NPR/XToon_2DRamp_Avaturn,Hair,Curvature,float,_ShadowStrength,0.4
NPR/XToon_2DRamp_Avaturn,Hair,Curvature,float,_LightingStrength,0.4
NPR/XToon_2DRamp_Avaturn,Hair,Curvature,color,_SpecularColor,1|1|1|1
NPR/XToon_2DRamp_Avaturn,Hair,Curvature,float,_SpecularSize,0.005
NPR/XToon_2DRamp_Avaturn,Hair,Curvature,float,_SpecularSmoothness,0.05
NPR/XToon_2DRamp_Avaturn,Hair,Curvature,float,_SpecularStrength,0.5
NPR/XToon_2DRamp_Avaturn,Hair,Curvature,float,_EnableRimLight,0
NPR/XToon_2DRamp_Avaturn,Hair,Curvature,color,_RimColor,1|1|1|1
NPR/XToon_2DRamp_Avaturn,Hair,Curvature,float,_RimPower,3
NPR/XToon_2DRamp_Avaturn,Hair,Curvature,float,_RimThreshold,0.1
NPR/XToon_2DRamp_Avaturn,Hair,Curvature,float,_RimStrength,0.3
NPR/XToon_2DRamp_Avaturn,Hair,Curvature,float,_EnableSobel,0
NPR/XToon_2DRamp_Avaturn,Hair,Curvature,color,_SobelEdgeColor,0|0|0|1
NPR/XToon_2DRamp_Avaturn,Hair,Curvature,float,_SobelThreshold,0.15
NPR/XToon_2DRamp_Avaturn,Hair,Curvature,float,_SobelSampleDist,1
NPR/XToon_2DRamp_Avaturn,Hair,Curvature,float,_SobelStrength,1
NPR/XToon_2DRamp_Avaturn,Hair,Curvature,color,_OutlineColor,0|0|0|1
NPR/XToon_2DRamp_Avaturn,Hair,Curvature,float,_OutlineWidth,0.005
NPR/XToon_2DRamp_Avaturn,Hair,Curvature,float,_AlphaBlend,1
NPR/XToon_2DRamp_Avaturn,Hair,Curvature,float,_AlphaCutoff,0.1
NPR/XToon_2DRamp_Avaturn,Hair,Curvature,float,_DebugMode,0
NPR/XToon_2DRamp_Avaturn,Eyelash,Curvature,color,_BaseColor,1|1|1|1
NPR/XToon_2DRamp_Avaturn,Eyelash,Curvature,float,_RampSmoothing,0.01
NPR/XToon_2DRamp_Avaturn,Eyelash,Curvature,float,_LightSensitivity,0.5
NPR/XToon_2DRamp_Avaturn,Eyelash,Curvature,float,_DetailMode,1
NPR/XToon_2DRamp_Avaturn,Eyelash,Curvature,float,_DetailBias,0
NPR/XToon_2DRamp_Avaturn,Eyelash,Curvature,float,_DepthNear,5
NPR/XToon_2DRamp_Avaturn,Eyelash,Curvature,float,_DepthFar,50
NPR/XToon_2DRamp_Avaturn,Eyelash,Curvature,float,_ManualDetail,0
NPR/XToon_2DRamp_Avaturn,Eyelash,Curvature,float,_NormalSmoothing,1
NPR/XToon_2DRamp_Avaturn,Eyelash,Curvature,float,_UseAbstractNormals,0.9
NPR/XToon_2DRamp_Avaturn,Eyelash,Curvature,color,_ShadowColor,0.25|0.25|0.35|1
NPR/XToon_2DRamp_Avaturn,Eyelash,Curvature,float,_ShadowStrength,0.4
NPR/XToon_2DRamp_Avaturn,Eyelash,Curvature,float,_LightingStrength,0.4
NPR/XToon_2DRamp_Avaturn,Eyelash,Curvature,color,_SpecularColor,1|1|1|1
NPR/XToon_2DRamp_Avaturn,Eyelash,Curvature,float,_SpecularSize,0.005
NPR/XToon_2DRamp_Avaturn,Eyelash,Curvature,float,_SpecularSmoothness,0.05
NPR/XToon_2DRamp_Avaturn,Eyelash,Curvature,float,_SpecularStrength,0.5
NPR/XToon_2DRamp_Avaturn,Eyelash,Curvature,float,_EnableRimLight,0
NPR/XToon_2DRamp_Avaturn,Eyelash,Curvature,color,_RimColor,1|1|1|1
NPR/XToon_2DRamp_Avaturn,Eyelash,Curvature,float,_RimPower,3
NPR/XToon_2DRamp_Avaturn,Eyelash,Curvature,float,_RimThreshold,0.1
NPR/XToon_2DRamp_Avaturn,Eyelash,Curvature,float,_RimStrength,0.3
NPR/XToon_2DRamp_Avaturn,Eyelash,Curvature,float,_EnableSobel,0
NPR/XToon_2DRamp_Avaturn,Eyelash,Curvature,color,_SobelEdgeColor,0|0|0|1
NPR/XToon_2DRamp_Avaturn,Eyelash,Curvature,float,_SobelThreshold,0.15
NPR/XToon_2DRamp_Avaturn,Eyelash,Curvature,float,_SobelSampleDist,1
NPR/XToon_2DRamp_Avaturn,Eyelash,Curvature,float,_SobelStrength,1
NPR/XToon_2DRamp_Avaturn,Eyelash,Curvature,color,_OutlineColor,0|0|0|1
NPR/XToon_2DRamp_Avaturn,Eyelash,Curvature,float,_OutlineWidth,0.005
NPR/XToon_2DRamp_Avaturn,Eyelash,Curvature,float,_AlphaBlend,1
NPR/XToon_2DRamp_Avaturn,Eyelash,Curvature,float,_AlphaCutoff,0.1
NPR/XToon_2DRamp_Avaturn,Eyelash,Curvature,float,_DebugMode,0
NPR/XToon_2DRamp_Avaturn,Body,Curvature,color,_BaseColor,1|1|1|1
NPR/XToon_2DRamp_Avaturn,Body,Curvature,float,_RampSmoothing,0.01
NPR/XToon_2DRamp_Avaturn,Body,Curvature,float,_LightSensitivity,0.5
NPR/XToon_2DRamp_Avaturn,Body,Curvature,float,_DetailMode,1
NPR/XToon_2DRamp_Avaturn,Body,Curvature,float,_DetailBias,0
NPR/XToon_2DRamp_Avaturn,Body,Curvature,float,_DepthNear,5
NPR/XToon_2DRamp_Avaturn,Body,Curvature,float,_DepthFar,50
NPR/XToon_2DRamp_Avaturn,Body,Curvature,float,_ManualDetail,0
NPR/XToon_2DRamp_Avaturn,Body,Curvature,float,_NormalSmoothing,1
NPR/XToon_2DRamp_Avaturn,Body,Curvature,float,_UseAbstractNormals,0.9
NPR/XToon_2DRamp_Avaturn,Body,Curvature,color,_ShadowColor,0.25|0.25|0.35|1
NPR/XToon_2DRamp_Avaturn,Body,Curvature,float,_ShadowStrength,0.4
NPR/XToon_2DRamp_Avaturn,Body,Curvature,float,_LightingStrength,0.4
NPR/XToon_2DRamp_Avaturn,Body,Curvature,color,_SpecularColor,1|1|1|1
NPR/XToon_2DRamp_Avaturn,Body,Curvature,float,_SpecularSize,0.005
NPR/XToon_2DRamp_Avaturn,Body,Curvature,float,_SpecularSmoothness,0.05
NPR/XToon_2DRamp_Avaturn,Body,Curvature,float,_SpecularStrength,0.5
NPR/XToon_2DRamp_Avaturn,Body,Curvature,float,_EnableRimLight,0
NPR/XToon_2DRamp_Avaturn,Body,Curvature,color,_RimColor,1|1|1|1
NPR/XToon_2DRamp_Avaturn,Body,Curvature,float,_RimPower,3
NPR/XToon_2DRamp_Avaturn,Body,Curvature,float,_RimThreshold,0.1
NPR/XToon_2DRamp_Avaturn,Body,Curvature,float,_RimStrength,0.3
NPR/XToon_2DRamp_Avaturn,Body,Curvature,float,_EnableSobel,0
NPR/XToon_2DRamp_Avaturn,Body,Curvature,color,_SobelEdgeColor,0|0|0|1
NPR/XToon_2DRamp_Avaturn,Body,Curvature,float,_SobelThreshold,0.15
NPR/XToon_2DRamp_Avaturn,Body,Curvature,float,_SobelSampleDist,1
NPR/XToon_2DRamp_Avaturn,Body,Curvature,float,_SobelStrength,1
NPR/XToon_2DRamp_Avaturn,Body,Curvature,color,_OutlineColor,0|0|0|1
NPR/XToon_2DRamp_Avaturn,Body,Curvature,float,_OutlineWidth,0.005
NPR/XToon_2DRamp_Avaturn,Body,Curvature,float,_AlphaBlend,0
NPR/XToon_2DRamp_Avaturn,Body,Curvature,float,_AlphaCutoff,0.1
NPR/XToon_2DRamp_Avaturn,Body,Curvature,float,_DebugMode,0
NPR/XToon_2DRamp_Avaturn,Look,Manual,color,_BaseColor,1|1|1|1
NPR/XToon_2DRamp_Avaturn,Look,Manual,float,_RampSmoothing,0.01
NPR/XToon_2DRamp_Avaturn,Look,Manual,float,_LightSensitivity,0.5
NPR/XToon_2DRamp_Avaturn,Look,Manual,float,_DetailMode,2
NPR/XToon_2DRamp_Avaturn,Look,Manual,float,_DetailBias,0
NPR/XToon_2DRamp_Avaturn,Look,Manual,float,_DepthNear,5
NPR/XToon_2DRamp_Avaturn,Look,Manual,float,_DepthFar,50
NPR/XToon_2DRamp_Avaturn,Look,Manual,float,_ManualDetail,0
NPR/XToon_2DRamp_Avaturn,Look,Manual,float,_NormalSmoothing,1
NPR/XToon_2DRamp_Avaturn,Look,Manual,float,_UseAbstractNormals,0.9
NPR/XToon_2DRamp_Avaturn,Look,Manual,color,_ShadowColor,0.25|0.25|0.35|1
NPR/XToon_2DRamp_Avaturn,Look,Manual,float,_ShadowStrength,0.4
NPR/XToon_2DRamp_Avaturn,Look,Manual,float,_LightingStrength,0.4
NPR/XToon_2DRamp_Avaturn,Look,Manual,color,_SpecularColor,1|1|1|1
NPR/XToon_2DRamp_Avaturn,Look,Manual,float,_SpecularSize,0.005
NPR/XToon_2DRamp_Avaturn,Look,Manual,float,_SpecularSmoothness,0.05
NPR/XToon_2DRamp_Avaturn,Look,Manual,float,_SpecularStrength,0.5
NPR/XToon_2DRamp_Avaturn,Look,Manual,float,_EnableRimLight,0
NPR/XToon_2DRamp_Avaturn,Look,Manual,color,_RimColor,1|1|1|1
NPR/XToon_2DRamp_Avaturn,Look,Manual,float,_RimPower,3
NPR/XToon_2DRamp_Avaturn,Look,Manual,float,_RimThreshold,0.1
NPR/XToon_2DRamp_Avaturn,Look,Manual,float,_RimStrength,0.3
NPR/XToon_2DRamp_Avaturn,Look,Manual,float,_EnableSobel,0
NPR/XToon_2DRamp_Avaturn,Look,Manual,color,_SobelEdgeColor,0|0|0|1
NPR/XToon_2DRamp_Avaturn,Look,Manual,float,_SobelThreshold,0.15
NPR/XToon_2DRamp_Avaturn,Look,Manual,float,_SobelSampleDist,1
NPR/XToon_2DRamp_Avaturn,Look,Manual,float,_SobelStrength,1
NPR/XToon_2DRamp_Avaturn,Look,Manual,color,_OutlineColor,0|0|0|1
NPR/XToon_2DRamp_Avaturn,Look,Manual,float,_OutlineWidth,0.005
NPR/XToon_2DRamp_Avaturn,Look,Manual,float,_AlphaBlend,0
NPR/XToon_2DRamp_Avaturn,Look,Manual,float,_AlphaCutoff,0.1
NPR/XToon_2DRamp_Avaturn,Look,Manual,float,_DebugMode,0
NPR/XToon_2DRamp_Avaturn,Shoe,Manual,color,_BaseColor,1|1|1|1
NPR/XToon_2DRamp_Avaturn,Shoe,Manual,float,_RampSmoothing,0.01
NPR/XToon_2DRamp_Avaturn,Shoe,Manual,float,_LightSensitivity,0.5
NPR/XToon_2DRamp_Avaturn,Shoe,Manual,float,_DetailMode,2
NPR/XToon_2DRamp_Avaturn,Shoe,Manual,float,_DetailBias,0
NPR/XToon_2DRamp_Avaturn,Shoe,Manual,float,_DepthNear,5
NPR/XToon_2DRamp_Avaturn,Shoe,Manual,float,_DepthFar,50
NPR/XToon_2DRamp_Avaturn,Shoe,Manual,float,_ManualDetail,0
NPR/XToon_2DRamp_Avaturn,Shoe,Manual,float,_NormalSmoothing,1
NPR/XToon_2DRamp_Avaturn,Shoe,Manual,float,_UseAbstractNormals,0.9
NPR/XToon_2DRamp_Avaturn,Shoe,Manual,color,_ShadowColor,0.25|0.25|0.35|1
NPR/XToon_2DRamp_Avaturn,Shoe,Manual,float,_ShadowStrength,0.4
NPR/XToon_2DRamp_Avaturn,Shoe,Manual,float,_LightingStrength,0.4
NPR/XToon_2DRamp_Avaturn,Shoe,Manual,color,_SpecularColor,1|1|1|1
NPR/XToon_2DRamp_Avaturn,Shoe,Manual,float,_SpecularSize,0.005
NPR/XToon_2DRamp_Avaturn,Shoe,Manual,float,_SpecularSmoothness,0.05
NPR/XToon_2DRamp_Avaturn,Shoe,Manual,float,_SpecularStrength,0.5
NPR/XToon_2DRamp_Avaturn,Shoe,Manual,float,_EnableRimLight,0
NPR/XToon_2DRamp_Avaturn,Shoe,Manual,color,_RimColor,1|1|1|1
NPR/XToon_2DRamp_Avaturn,Shoe,Manual,float,_RimPower,3
NPR/XToon_2DRamp_Avaturn,Shoe,Manual,float,_RimThreshold,0.1
NPR/XToon_2DRamp_Avaturn,Shoe,Manual,float,_RimStrength,0.3
NPR/XToon_2DRamp_Avaturn,Shoe,Manual,float,_EnableSobel,0
NPR/XToon_2DRamp_Avaturn,Shoe,Manual,color,_SobelEdgeColor,0|0|0|1
NPR/XToon_2DRamp_Avaturn,Shoe,Manual,float,_SobelThreshold,0.15
NPR/XToon_2DRamp_Avaturn,Shoe,Manual,float,_SobelSampleDist,1
NPR/XToon_2DRamp_Avaturn,Shoe,Manual,float,_SobelStrength,1
NPR/XToon_2DRamp_Avaturn,Shoe,Manual,color,_OutlineColor,0|0|0|1
NPR/XToon_2DRamp_Avaturn,Shoe,Manual,float,_OutlineWidth,0.005
NPR/XToon_2DRamp_Avaturn,Shoe,Manual,float,_AlphaBlend,0
NPR/XToon_2DRamp_Avaturn,Shoe,Manual,float,_AlphaCutoff,0.1
NPR/XToon_2DRamp_Avaturn,Shoe,Manual,float,_DebugMode,0
NPR/XToon_2DRamp_Avaturn,Hair,Manual,color,_BaseColor,1|1|1|1
NPR/XToon_2DRamp_Avaturn,Hair,Manual,float,_RampSmoothing,0.01
NPR/XToon_2DRamp_Avaturn,Hair,Manual,float,_LightSensitivity,0.5
NPR/XToon_2DRamp_Avaturn,Hair,Manual,float,_DetailMode,2
NPR/XToon_2DRamp_Avaturn,Hair,Manual,float,_DetailBias,0
NPR/XToon_2DRamp_Avaturn,Hair,Manual,float,_DepthNear,5
NPR/XToon_2DRamp_Avaturn,Hair,Manual,float,_DepthFar,50
NPR/XToon_2DRamp_Avaturn,Hair,Manual,float,_ManualDetail,0
NPR/XToon_2DRamp_Avaturn,Hair,Manual,float,_NormalSmoothing,1
NPR/XToon_2DRamp_Avaturn,Hair,Manual,float,_UseAbstractNormals,0.9
NPR/XToon_2DRamp_Avaturn,Hair,Manual,color,_ShadowColor,0.25|0.25|0.35|1
NPR/XToon_2DRamp_Avaturn,Hair,Manual,float,_ShadowStrength,0.4
NPR/XToon_2DRamp_Avaturn,Hair,Manual,float,_LightingStrength,0.4
NPR/XToon_2DRamp_Avaturn,Hair,Manual,color,_SpecularColor,1|1|1|1
NPR/XToon_2DRamp_Avaturn,Hair,Manual,float,_SpecularSize,0.005
NPR/XToon_2DRamp_Avaturn,Hair,Manual,float,_SpecularSmoothness,0.05
NPR/XToon_2DRamp_Avaturn,Hair,Manual,float,_SpecularStrength,0.5
NPR/XToon_2DRamp_Avaturn,Hair,Manual,float,_EnableRimLight,0
NPR/XToon_2DRamp_Avaturn,Hair,Manual,color,_RimColor,1|1|1|1
NPR/XToon_2DRamp_Avaturn,Hair,Manual,float,_RimPower,3
NPR/XToon_2DRamp_Avaturn,Hair,Manual,float,_RimThreshold,0.1
NPR/XToon_2DRamp_Avaturn,Hair,Manual,float,_RimStrength,0.3
NPR/XToon_2DRamp_Avaturn,Hair,Manual,float,_EnableSobel,0
NPR/XToon_2DRamp_Avaturn,Hair,Manual,color,_SobelEdgeColor,0|0|0|1
NPR/XToon_2DRamp_Avaturn,Hair,Manual,float,_SobelThreshold,0.15
NPR/XToon_2DRamp_Avaturn,Hair,Manual,float,_SobelSampleDist,1
NPR/XToon_2DRamp_Avaturn,Hair,Manual,float,_SobelStrength,1
NPR/XToon_2DRamp_Avaturn,Hair,Manual,color,_OutlineColor,0|0|0|1
NPR/XToon_2DRamp_Avaturn,Hair,Manual,float,_OutlineWidth,0.005
NPR/XToon_2DRamp_Avaturn,Hair,Manual,float,_AlphaBlend,1
NPR/XToon_2DRamp_Avaturn,Hair,Manual,float,_AlphaCutoff,0.1
NPR/XToon_2DRamp_Avaturn,Hair,Manual,float,_DebugMode,0
NPR/XToon_2DRamp_Avaturn,Head,Manual,color,_BaseColor,1|1|1|1
NPR/XToon_2DRamp_Avaturn,Head,Manual,float,_RampSmoothing,0.01
NPR/XToon_2DRamp_Avaturn,Head,Manual,float,_LightSensitivity,0.5
NPR/XToon_2DRamp_Avaturn,Head,Manual,float,_DetailMode,2
NPR/XToon_2DRamp_Avaturn,Head,Manual,float,_DetailBias,0
NPR/XToon_2DRamp_Avaturn,Head,Manual,float,_DepthNear,5
NPR/XToon_2DRamp_Avaturn,Head,Manual,float,_DepthFar,50
NPR/XToon_2DRamp_Avaturn,Head,Manual,float,_ManualDetail,0
NPR/XToon_2DRamp_Avaturn,Head,Manual,float,_NormalSmoothing,1
NPR/XToon_2DRamp_Avaturn,Head,Manual,float,_UseAbstractNormals,0.9
NPR/XToon_2DRamp_Avaturn,Head,Manual,color,_ShadowColor,0.25|0.25|0.35|1
NPR/XToon_2DRamp_Avaturn,Head,Manual,float,_ShadowStrength,0.4
NPR/XToon_2DRamp_Avaturn,Head,Manual,float,_LightingStrength,0.4
NPR/XToon_2DRamp_Avaturn,Head,Manual,color,_SpecularColor,1|1|1|1
NPR/XToon_2DRamp_Avaturn,Head,Manual,float,_SpecularSize,0.005
NPR/XToon_2DRamp_Avaturn,Head,Manual,float,_SpecularSmoothness,0.05
NPR/XToon_2DRamp_Avaturn,Head,Manual,float,_SpecularStrength,0.5
NPR/XToon_2DRamp_Avaturn,Head,Manual,float,_EnableRimLight,0
NPR/XToon_2DRamp_Avaturn,Head,Manual,color,_RimColor,1|1|1|1
NPR/XToon_2DRamp_Avaturn,Head,Manual,float,_RimPower,3
NPR/XToon_2DRamp_Avaturn,Head,Manual,float,_RimThreshold,0.1
NPR/XToon_2DRamp_Avaturn,Head,Manual,float,_RimStrength,0.3
NPR/XToon_2DRamp_Avaturn,Head,Manual,float,_EnableSobel,0
NPR/XToon_2DRamp_Avaturn,Head,Manual,color,_SobelEdgeColor,0|0|0|1
NPR/XToon_2DRamp_Avaturn,Head,Manual,float,_SobelThreshold,0.15
NPR/XToon_2DRamp_Avaturn,Head,Manual,float,_SobelSampleDist,1
NPR/XToon_2DRamp_Avaturn,Head,Manual,float,_SobelStrength,1
NPR/XToon_2DRamp_Avaturn,Head,Manual,color,_OutlineColor,0|0|0|1
NPR/XToon_2DRamp_Avaturn,Head,Manual,float,_OutlineWidth,0.005
NPR/XToon_2DRamp_Avaturn,Head,Manual,float,_AlphaBlend,0
NPR/XToon_2DRamp_Avaturn,Head,Manual,float,_AlphaCutoff,0.1
NPR/XToon_2DRamp_Avaturn,Head,Manual,float,_DebugMode,0
NPR/XToon_2DRamp_Avaturn,Eyelash,Manual,color,_BaseColor,1|1|1|1
NPR/XToon_2DRamp_Avaturn,Eyelash,Manual,float,_RampSmoothing,0.01
NPR/XToon_2DRamp_Avaturn,Eyelash,Manual,float,_LightSensitivity,0.5
NPR/XToon_2DRamp_Avaturn,Eyelash,Manual,float,_DetailMode,2
NPR/XToon_2DRamp_Avaturn,Eyelash,Manual,float,_DetailBias,0
NPR/XToon_2DRamp_Avaturn,Eyelash,Manual,float,_DepthNear,5
NPR/XToon_2DRamp_Avaturn,Eyelash,Manual,float,_DepthFar,50
NPR/XToon_2DRamp_Avaturn,Eyelash,Manual,float,_ManualDetail,0
NPR/XToon_2DRamp_Avaturn,Eyelash,Manual,float,_NormalSmoothing,1
NPR/XToon_2DRamp_Avaturn,Eyelash,Manual,float,_UseAbstractNormals,0.9
NPR/XToon_2DRamp_Avaturn,Eyelash,Manual,color,_ShadowColor,0.25|0.25|0.35|1
NPR/XToon_2DRamp_Avaturn,Eyelash,Manual,float,_ShadowStrength,0.4
NPR/XToon_2DRamp_Avaturn,Eyelash,Manual,float,_LightingStrength,0.4
NPR/XToon_2DRamp_Avaturn,Eyelash,Manual,color,_SpecularColor,1|1|1|1
NPR/XToon_2DRamp_Avaturn,Eyelash,Manual,float,_SpecularSize,0.005
NPR/XToon_2DRamp_Avaturn,Eyelash,Manual,float,_SpecularSmoothness,0.05
NPR/XToon_2DRamp_Avaturn,Eyelash,Manual,float,_SpecularStrength,0.5
NPR/XToon_2DRamp_Avaturn,Eyelash,Manual,float,_EnableRimLight,0
NPR/XToon_2DRamp_Avaturn,Eyelash,Manual,color,_RimColor,1|1|1|1
NPR/XToon_2DRamp_Avaturn,Eyelash,Manual,float,_RimPower,3
NPR/XToon_2DRamp_Avaturn,Eyelash,Manual,float,_RimThreshold,0.1
NPR/XToon_2DRamp_Avaturn,Eyelash,Manual,float,_RimStrength,0.3
NPR/XToon_2DRamp_Avaturn,Eyelash,Manual,float,_EnableSobel,0
NPR/XToon_2DRamp_Avaturn,Eyelash,Manual,color,_SobelEdgeColor,0|0|0|1
NPR/XToon_2DRamp_Avaturn,Eyelash,Manual,float,_SobelThreshold,0.15
NPR/XToon_2DRamp_Avaturn,Eyelash,Manual,float,_SobelSampleDist,1
NPR/XToon_2DRamp_Avaturn,Eyelash,Manual,float,_SobelStrength,1
NPR/XToon_2DRamp_Avaturn,Eyelash,Manual,color,_OutlineColor,0|0|0|1
NPR/XToon_2DRamp_Avaturn,Eyelash,Manual,float,_OutlineWidth,0.005
NPR/XToon_2DRamp_Avaturn,Eyelash,Manual,float,_AlphaBlend,1
NPR/XToon_2DRamp_Avaturn,Eyelash,Manual,float,_AlphaCutoff,0.1
NPR/XToon_2DRamp_Avaturn,Eyelash,Manual,float,_DebugMode,0
NPR/XToon_2DRamp_Avaturn,Body,Manual,color,_BaseColor,1|1|1|1
NPR/XToon_2DRamp_Avaturn,Body,Manual,float,_RampSmoothing,0.01
NPR/XToon_2DRamp_Avaturn,Body,Manual,float,_LightSensitivity,0.5
NPR/XToon_2DRamp_Avaturn,Body,Manual,float,_DetailMode,2
NPR/XToon_2DRamp_Avaturn,Body,Manual,float,_DetailBias,0
NPR/XToon_2DRamp_Avaturn,Body,Manual,float,_DepthNear,5
NPR/XToon_2DRamp_Avaturn,Body,Manual,float,_DepthFar,50
NPR/XToon_2DRamp_Avaturn,Body,Manual,float,_ManualDetail,0
NPR/XToon_2DRamp_Avaturn,Body,Manual,float,_NormalSmoothing,1
NPR/XToon_2DRamp_Avaturn,Body,Manual,float,_UseAbstractNormals,0.9
NPR/XToon_2DRamp_Avaturn,Body,Manual,color,_ShadowColor,0.25|0.25|0.35|1
NPR/XToon_2DRamp_Avaturn,Body,Manual,float,_ShadowStrength,0.4
NPR/XToon_2DRamp_Avaturn,Body,Manual,float,_LightingStrength,0.4
NPR/XToon_2DRamp_Avaturn,Body,Manual,color,_SpecularColor,1|1|1|1
NPR/XToon_2DRamp_Avaturn,Body,Manual,float,_SpecularSize,0.005
NPR/XToon_2DRamp_Avaturn,Body,Manual,float,_SpecularSmoothness,0.05
NPR/XToon_2DRamp_Avaturn,Body,Manual,float,_SpecularStrength,0.5
NPR/XToon_2DRamp_Avaturn,Body,Manual,float,_EnableRimLight,0
NPR/XToon_2DRamp_Avaturn,Body,Manual,color,_RimColor,1|1|1|1
NPR/XToon_2DRamp_Avaturn,Body,Manual,float,_RimPower,3
NPR/XToon_2DRamp_Avaturn,Body,Manual,float,_RimThreshold,0.1
NPR/XToon_2DRamp_Avaturn,Body,Manual,float,_RimStrength,0.3
NPR/XToon_2DRamp_Avaturn,Body,Manual,float,_EnableSobel,0
NPR/XToon_2DRamp_Avaturn,Body,Manual,color,_SobelEdgeColor,0|0|0|1
NPR/XToon_2DRamp_Avaturn,Body,Manual,float,_SobelThreshold,0.15
NPR/XToon_2DRamp_Avaturn,Body,Manual,float,_SobelSampleDist,1
NPR/XToon_2DRamp_Avaturn,Body,Manual,float,_SobelStrength,1
NPR/XToon_2DRamp_Avaturn,Body,Manual,color,_OutlineColor,0|0|0|1
NPR/XToon_2DRamp_Avaturn,Body,Manual,float,_OutlineWidth,0.005
NPR/XToon_2DRamp_Avaturn,Body,Manual,float,_AlphaBlend,0
NPR/XToon_2DRamp_Avaturn,Body,Manual,float,_AlphaCutoff,0.1
NPR/XToon_2DRamp_Avaturn,Body,Manual,float,_DebugMode,0
NPR/XToon_2DRamp_Jade,Look,Depth,color,_BaseColor,1|1|1|1
NPR/XToon_2DRamp_Jade,Look,Depth,float,_RampSmoothing,0.0017
NPR/XToon_2DRamp_Jade,Look,Depth,float,_LightSensitivity,0.5
NPR/XToon_2DRamp_Jade,Look,Depth,float,_DetailMode,0
NPR/XToon_2DRamp_Jade,Look,Depth,float,_DetailBias,0
NPR/XToon_2DRamp_Jade,Look,Depth,float,_DepthNear,5
NPR/XToon_2DRamp_Jade,Look,Depth,float,_DepthFar,50
NPR/XToon_2DRamp_Jade,Look,Depth,float,_ManualDetail,0
NPR/XToon_2DRamp_Jade,Look,Depth,float,_NormalSmoothing,1
NPR/XToon_2DRamp_Jade,Look,Depth,float,_UseAbstractNormals,0.9
NPR/XToon_2DRamp_Jade,Look,Depth,color,_ShadowColor,0.25|0.25|0.35|1
NPR/XToon_2DRamp_Jade,Look,Depth,float,_ShadowStrength,0.4
NPR/XToon_2DRamp_Jade,Look,Depth,float,_LightingStrength,0.4
NPR/XToon_2DRamp_Jade,Look,Depth,color,_SpecularColor,1|1|1|1
NPR/XToon_2DRamp_Jade,Look,Depth,float,_SpecularSize,0.005
NPR/XToon_2DRamp_Jade,Look,Depth,float,_SpecularSmoothness,0.05
NPR/XToon_2DRamp_Jade,Look,Depth,float,_SpecularStrength,0.5
NPR/XToon_2DRamp_Jade,Look,Depth,float,_EnableRimLight,0
NPR/XToon_2DRamp_Jade,Look,Depth,color,_RimColor,0.408|0.408|0.408|1
NPR/XToon_2DRamp_Jade,Look,Depth,float,_RimPower,10
NPR/XToon_2DRamp_Jade,Look,Depth,float,_RimThreshold,0
NPR/XToon_2DRamp_Jade,Look,Depth,float,_RimStrength,1
NPR/XToon_2DRamp_Jade,Look,Depth,float,_EnableSobel,0
NPR/XToon_2DRamp_Jade,Look,Depth,color,_SobelEdgeColor,0|0|0|1
NPR/XToon_2DRamp_Jade,Look,Depth,float,_SobelThreshold,0.15
NPR/XToon_2DRamp_Jade,Look,Depth,float,_SobelSampleDist,1
NPR/XToon_2DRamp_Jade,Look,Depth,float,_SobelStrength,1
NPR/XToon_2DRamp_Jade,Look,Depth,color,_OutlineColor,0|0|0|1
NPR/XToon_2DRamp_Jade,Look,Depth,float,_OutlineWidth,0.005
NPR/XToon_2DRamp_Jade,Look,Depth,float,_AlphaBlend,0
NPR/XToon_2DRamp_Jade,Look,Depth,float,_AlphaCutoff,0.1
NPR/XToon_2DRamp_Jade,Look,Depth,float,_DebugMode,0
NPR/XToon_2DRamp_Jade,Body,Depth,color,_BaseColor,1|1|1|1
NPR/XToon_2DRamp_Jade,Body,Depth,float,_RampSmoothing,0.0017
NPR/XToon_2DRamp_Jade,Body,Depth,float,_LightSensitivity,0.5
NPR/XToon_2DRamp_Jade,Body,Depth,float,_DetailMode,0
NPR/XToon_2DRamp_Jade,Body,Depth,float,_DetailBias,0
NPR/XToon_2DRamp_Jade,Body,Depth,float,_DepthNear,5
NPR/XToon_2DRamp_Jade,Body,Depth,float,_DepthFar,50
NPR/XToon_2DRamp_Jade,Body,Depth,float,_ManualDetail,0
NPR/XToon_2DRamp_Jade,Body,Depth,float,_NormalSmoothing,1
NPR/XToon_2DRamp_Jade,Body,Depth,float,_UseAbstractNormals,0.9
NPR/XToon_2DRamp_Jade,Body,Depth,color,_ShadowColor,0.25|0.25|0.35|1
NPR/XToon_2DRamp_Jade,Body,Depth,float,_ShadowStrength,0.4
NPR/XToon_2DRamp_Jade,Body,Depth,float,_LightingStrength,0.4
NPR/XToon_2DRamp_Jade,Body,Depth,color,_SpecularColor,1|1|1|1
NPR/XToon_2DRamp_Jade,Body,Depth,float,_SpecularSize,0.005
NPR/XToon_2DRamp_Jade,Body,Depth,float,_SpecularSmoothness,0.05
NPR/XToon_2DRamp_Jade,Body,Depth,float,_SpecularStrength,0.5
NPR/XToon_2DRamp_Jade,Body,Depth,float,_EnableRimLight,0
NPR/XToon_2DRamp_Jade,Body,Depth,color,_RimColor,0.408|0.408|0.408|1
NPR/XToon_2DRamp_Jade,Body,Depth,float,_RimPower,10
NPR/XToon_2DRamp_Jade,Body,Depth,float,_RimThreshold,0
NPR/XToon_2DRamp_Jade,Body,Depth,float,_RimStrength,1
NPR/XToon_2DRamp_Jade,Body,Depth,float,_EnableSobel,0
NPR/XToon_2DRamp_Jade,Body,Depth,color,_SobelEdgeColor,0|0|0|1
NPR/XToon_2DRamp_Jade,Body,Depth,float,_SobelThreshold,0.15
NPR/XToon_2DRamp_Jade,Body,Depth,float,_SobelSampleDist,1
NPR/XToon_2DRamp_Jade,Body,Depth,float,_SobelStrength,1
NPR/XToon_2DRamp_Jade,Body,Depth,color,_OutlineColor,0|0|0|1
NPR/XToon_2DRamp_Jade,Body,Depth,float,_OutlineWidth,0.005
NPR/XToon_2DRamp_Jade,Body,Depth,float,_AlphaBlend,0
NPR/XToon_2DRamp_Jade,Body,Depth,float,_AlphaCutoff,0.1
NPR/XToon_2DRamp_Jade,Body,Depth,float,_DebugMode,0
NPR/XToon_2DRamp_Jade,Eyelash,Depth,color,_BaseColor,1|1|1|1
NPR/XToon_2DRamp_Jade,Eyelash,Depth,float,_RampSmoothing,0.0017
NPR/XToon_2DRamp_Jade,Eyelash,Depth,float,_LightSensitivity,0.5
NPR/XToon_2DRamp_Jade,Eyelash,Depth,float,_DetailMode,0
NPR/XToon_2DRamp_Jade,Eyelash,Depth,float,_DetailBias,0
NPR/XToon_2DRamp_Jade,Eyelash,Depth,float,_DepthNear,5
NPR/XToon_2DRamp_Jade,Eyelash,Depth,float,_DepthFar,50
NPR/XToon_2DRamp_Jade,Eyelash,Depth,float,_ManualDetail,0
NPR/XToon_2DRamp_Jade,Eyelash,Depth,float,_NormalSmoothing,1
NPR/XToon_2DRamp_Jade,Eyelash,Depth,float,_UseAbstractNormals,0.9
NPR/XToon_2DRamp_Jade,Eyelash,Depth,color,_ShadowColor,0.25|0.25|0.35|1
NPR/XToon_2DRamp_Jade,Eyelash,Depth,float,_ShadowStrength,0.4
NPR/XToon_2DRamp_Jade,Eyelash,Depth,float,_LightingStrength,0.4
NPR/XToon_2DRamp_Jade,Eyelash,Depth,color,_SpecularColor,1|1|1|1
NPR/XToon_2DRamp_Jade,Eyelash,Depth,float,_SpecularSize,0.005
NPR/XToon_2DRamp_Jade,Eyelash,Depth,float,_SpecularSmoothness,0.05
NPR/XToon_2DRamp_Jade,Eyelash,Depth,float,_SpecularStrength,0.5
NPR/XToon_2DRamp_Jade,Eyelash,Depth,float,_EnableRimLight,0
NPR/XToon_2DRamp_Jade,Eyelash,Depth,color,_RimColor,0.408|0.408|0.408|1
NPR/XToon_2DRamp_Jade,Eyelash,Depth,float,_RimPower,10
NPR/XToon_2DRamp_Jade,Eyelash,Depth,float,_RimThreshold,0
NPR/XToon_2DRamp_Jade,Eyelash,Depth,float,_RimStrength,1
NPR/XToon_2DRamp_Jade,Eyelash,Depth,float,_EnableSobel,0
NPR/XToon_2DRamp_Jade,Eyelash,Depth,color,_SobelEdgeColor,0|0|0|1
NPR/XToon_2DRamp_Jade,Eyelash,Depth,float,_SobelThreshold,0.15
NPR/XToon_2DRamp_Jade,Eyelash,Depth,float,_SobelSampleDist,1
NPR/XToon_2DRamp_Jade,Eyelash,Depth,float,_SobelStrength,1
NPR/XToon_2DRamp_Jade,Eyelash,Depth,color,_OutlineColor,0|0|0|1
NPR/XToon_2DRamp_Jade,Eyelash,Depth,float,_OutlineWidth,0.005
NPR/XToon_2DRamp_Jade,Eyelash,Depth,float,_AlphaBlend,1
NPR/XToon_2DRamp_Jade,Eyelash,Depth,float,_AlphaCutoff,0.1
NPR/XToon_2DRamp_Jade,Eyelash,Depth,float,_DebugMode,0
NPR/XToon_2DRamp_Jade,Hair,Depth,color,_BaseColor,1|1|1|1
NPR/XToon_2DRamp_Jade,Hair,Depth,float,_RampSmoothing,0.0017
NPR/XToon_2DRamp_Jade,Hair,Depth,float,_LightSensitivity,0.5
NPR/XToon_2DRamp_Jade,Hair,Depth,float,_DetailMode,0
NPR/XToon_2DRamp_Jade,Hair,Depth,float,_DetailBias,0
NPR/XToon_2DRamp_Jade,Hair,Depth,float,_DepthNear,5
NPR/XToon_2DRamp_Jade,Hair,Depth,float,_DepthFar,50
NPR/XToon_2DRamp_Jade,Hair,Depth,float,_ManualDetail,0
NPR/XToon_2DRamp_Jade,Hair,Depth,float,_NormalSmoothing,1
NPR/XToon_2DRamp_Jade,Hair,Depth,float,_UseAbstractNormals,0.9
NPR/XToon_2DRamp_Jade,Hair,Depth,color,_ShadowColor,0.25|0.25|0.35|1
NPR/XToon_2DRamp_Jade,Hair,Depth,float,_ShadowStrength,0.4
NPR/XToon_2DRamp_Jade,Hair,Depth,float,_LightingStrength,0.4
NPR/XToon_2DRamp_Jade,Hair,Depth,color,_SpecularColor,1|1|1|1
NPR/XToon_2DRamp_Jade,Hair,Depth,float,_SpecularSize,0.005
NPR/XToon_2DRamp_Jade,Hair,Depth,float,_SpecularSmoothness,0.05
NPR/XToon_2DRamp_Jade,Hair,Depth,float,_SpecularStrength,0.5
NPR/XToon_2DRamp_Jade,Hair,Depth,float,_EnableRimLight,0
NPR/XToon_2DRamp_Jade,Hair,Depth,color,_RimColor,0.408|0.408|0.408|1
NPR/XToon_2DRamp_Jade,Hair,Depth,float,_RimPower,10
NPR/XToon_2DRamp_Jade,Hair,Depth,float,_RimThreshold,0
NPR/XToon_2DRamp_Jade,Hair,Depth,float,_RimStrength,1
NPR/XToon_2DRamp_Jade,Hair,Depth,float,_EnableSobel,0
NPR/XToon_2DRamp_Jade,Hair,Depth,color,_SobelEdgeColor,0|0|0|1
NPR/XToon_2DRamp_Jade,Hair,Depth,float,_SobelThreshold,0.15
NPR/XToon_2DRamp_Jade,Hair,Depth,float,_SobelSampleDist,1
NPR/XToon_2DRamp_Jade,Hair,Depth,float,_SobelStrength,1
NPR/XToon_2DRamp_Jade,Hair,Depth,color,_OutlineColor,0|0|0|1
NPR/XToon_2DRamp_Jade,Hair,Depth,float,_OutlineWidth,0.005
NPR/XToon_2DRamp_Jade,Hair,Depth,float,_AlphaBlend,1
NPR/XToon_2DRamp_Jade,Hair,Depth,float,_AlphaCutoff,0.1
NPR/XToon_2DRamp_Jade,Hair,Depth,float,_DebugMode,0
NPR/XToon_2DRamp_Jade,Body,Curvature,color,_BaseColor,1|1|1|1
NPR/XToon_2DRamp_Jade,Body,Curvature,float,_RampSmoothing,0.0017
NPR/XToon_2DRamp_Jade,Body,Curvature,float,_LightSensitivity,0.5
NPR/XToon_2DRamp_Jade,Body,Curvature,float,_DetailMode,1
NPR/XToon_2DRamp_Jade,Body,Curvature,float,_DetailBias,0
NPR/XToon_2DRamp_Jade,Body,Curvature,float,_DepthNear,5
NPR/XToon_2DRamp_Jade,Body,Curvature,float,_DepthFar,50
NPR/XToon_2DRamp_Jade,Body,Curvature,float,_ManualDetail,0
NPR/XToon_2DRamp_Jade,Body,Curvature,float,_NormalSmoothing,1
NPR/XToon_2DRamp_Jade,Body,Curvature,float,_UseAbstractNormals,0.9
NPR/XToon_2DRamp_Jade,Body,Curvature,color,_ShadowColor,0.25|0.25|0.35|1
NPR/XToon_2DRamp_Jade,Body,Curvature,float,_ShadowStrength,0.4
NPR/XToon_2DRamp_Jade,Body,Curvature,float,_LightingStrength,0.4
NPR/XToon_2DRamp_Jade,Body,Curvature,color,_SpecularColor,1|1|1|1
NPR/XToon_2DRamp_Jade,Body,Curvature,float,_SpecularSize,0.005
NPR/XToon_2DRamp_Jade,Body,Curvature,float,_SpecularSmoothness,0.05
NPR/XToon_2DRamp_Jade,Body,Curvature,float,_SpecularStrength,0.5
NPR/XToon_2DRamp_Jade,Body,Curvature,float,_EnableRimLight,0
NPR/XToon_2DRamp_Jade,Body,Curvature,color,_RimColor,0.408|0.408|0.408|1
NPR/XToon_2DRamp_Jade,Body,Curvature,float,_RimPower,10
NPR/XToon_2DRamp_Jade,Body,Curvature,float,_RimThreshold,0
NPR/XToon_2DRamp_Jade,Body,Curvature,float,_RimStrength,1
NPR/XToon_2DRamp_Jade,Body,Curvature,float,_EnableSobel,0
NPR/XToon_2DRamp_Jade,Body,Curvature,color,_SobelEdgeColor,0|0|0|1
NPR/XToon_2DRamp_Jade,Body,Curvature,float,_SobelThreshold,0.15
NPR/XToon_2DRamp_Jade,Body,Curvature,float,_SobelSampleDist,1
NPR/XToon_2DRamp_Jade,Body,Curvature,float,_SobelStrength,1
NPR/XToon_2DRamp_Jade,Body,Curvature,color,_OutlineColor,0|0|0|1
NPR/XToon_2DRamp_Jade,Body,Curvature,float,_OutlineWidth,0.005
NPR/XToon_2DRamp_Jade,Body,Curvature,float,_AlphaBlend,0
NPR/XToon_2DRamp_Jade,Body,Curvature,float,_AlphaCutoff,0.1
NPR/XToon_2DRamp_Jade,Body,Curvature,float,_DebugMode,0
NPR/XToon_2DRamp_Jade,Eyelash,Curvature,color,_BaseColor,1|1|1|1
NPR/XToon_2DRamp_Jade,Eyelash,Curvature,float,_RampSmoothing,0.0017
NPR/XToon_2DRamp_Jade,Eyelash,Curvature,float,_LightSensitivity,0.5
NPR/XToon_2DRamp_Jade,Eyelash,Curvature,float,_DetailMode,1
NPR/XToon_2DRamp_Jade,Eyelash,Curvature,float,_DetailBias,0
NPR/XToon_2DRamp_Jade,Eyelash,Curvature,float,_DepthNear,5
NPR/XToon_2DRamp_Jade,Eyelash,Curvature,float,_DepthFar,50
NPR/XToon_2DRamp_Jade,Eyelash,Curvature,float,_ManualDetail,0
NPR/XToon_2DRamp_Jade,Eyelash,Curvature,float,_NormalSmoothing,1
NPR/XToon_2DRamp_Jade,Eyelash,Curvature,float,_UseAbstractNormals,0.9
NPR/XToon_2DRamp_Jade,Eyelash,Curvature,color,_ShadowColor,0.25|0.25|0.35|1
NPR/XToon_2DRamp_Jade,Eyelash,Curvature,float,_ShadowStrength,0.4
NPR/XToon_2DRamp_Jade,Eyelash,Curvature,float,_LightingStrength,0.4
NPR/XToon_2DRamp_Jade,Eyelash,Curvature,color,_SpecularColor,1|1|1|1
NPR/XToon_2DRamp_Jade,Eyelash,Curvature,float,_SpecularSize,0.005
NPR/XToon_2DRamp_Jade,Eyelash,Curvature,float,_SpecularSmoothness,0.05
NPR/XToon_2DRamp_Jade,Eyelash,Curvature,float,_SpecularStrength,0.5
NPR/XToon_2DRamp_Jade,Eyelash,Curvature,float,_EnableRimLight,0
NPR/XToon_2DRamp_Jade,Eyelash,Curvature,color,_RimColor,0.408|0.408|0.408|1
NPR/XToon_2DRamp_Jade,Eyelash,Curvature,float,_RimPower,10
NPR/XToon_2DRamp_Jade,Eyelash,Curvature,float,_RimThreshold,0
NPR/XToon_2DRamp_Jade,Eyelash,Curvature,float,_RimStrength,1
NPR/XToon_2DRamp_Jade,Eyelash,Curvature,float,_EnableSobel,0
NPR/XToon_2DRamp_Jade,Eyelash,Curvature,color,_SobelEdgeColor,0|0|0|1
NPR/XToon_2DRamp_Jade,Eyelash,Curvature,float,_SobelThreshold,0.15
NPR/XToon_2DRamp_Jade,Eyelash,Curvature,float,_SobelSampleDist,1
NPR/XToon_2DRamp_Jade,Eyelash,Curvature,float,_SobelStrength,1
NPR/XToon_2DRamp_Jade,Eyelash,Curvature,color,_OutlineColor,0|0|0|1
NPR/XToon_2DRamp_Jade,Eyelash,Curvature,float,_OutlineWidth,0.005
NPR/XToon_2DRamp_Jade,Eyelash,Curvature,float,_AlphaBlend,1
NPR/XToon_2DRamp_Jade,Eyelash,Curvature,float,_AlphaCutoff,0.1
NPR/XToon_2DRamp_Jade,Eyelash,Curvature,float,_DebugMode,0
NPR/XToon_2DRamp_Jade,Hair,Curvature,color,_BaseColor,1|1|1|1
NPR/XToon_2DRamp_Jade,Hair,Curvature,float,_RampSmoothing,0.0017
NPR/XToon_2DRamp_Jade,Hair,Curvature,float,_LightSensitivity,0.5
NPR/XToon_2DRamp_Jade,Hair,Curvature,float,_DetailMode,1
NPR/XToon_2DRamp_Jade,Hair,Curvature,float,_DetailBias,0
NPR/XToon_2DRamp_Jade,Hair,Curvature,float,_DepthNear,5
NPR/XToon_2DRamp_Jade,Hair,Curvature,float,_DepthFar,50
NPR/XToon_2DRamp_Jade,Hair,Curvature,float,_ManualDetail,0
NPR/XToon_2DRamp_Jade,Hair,Curvature,float,_NormalSmoothing,1
NPR/XToon_2DRamp_Jade,Hair,Curvature,float,_UseAbstractNormals,0.9
NPR/XToon_2DRamp_Jade,Hair,Curvature,color,_ShadowColor,0.25|0.25|0.35|1
NPR/XToon_2DRamp_Jade,Hair,Curvature,float,_ShadowStrength,0.4
NPR/XToon_2DRamp_Jade,Hair,Curvature,float,_LightingStrength,0.4
NPR/XToon_2DRamp_Jade,Hair,Curvature,color,_SpecularColor,1|1|1|1
NPR/XToon_2DRamp_Jade,Hair,Curvature,float,_SpecularSize,0.005
NPR/XToon_2DRamp_Jade,Hair,Curvature,float,_SpecularSmoothness,0.05
NPR/XToon_2DRamp_Jade,Hair,Curvature,float,_SpecularStrength,0.5
NPR/XToon_2DRamp_Jade,Hair,Curvature,float,_EnableRimLight,0
NPR/XToon_2DRamp_Jade,Hair,Curvature,color,_RimColor,0.408|0.408|0.408|1
NPR/XToon_2DRamp_Jade,Hair,Curvature,float,_RimPower,10
NPR/XToon_2DRamp_Jade,Hair,Curvature,float,_RimThreshold,0
NPR/XToon_2DRamp_Jade,Hair,Curvature,float,_RimStrength,1
NPR/XToon_2DRamp_Jade,Hair,Curvature,float,_EnableSobel,0
NPR/XToon_2DRamp_Jade,Hair,Curvature,color,_SobelEdgeColor,0|0|0|1
NPR/XToon_2DRamp_Jade,Hair,Curvature,float,_SobelThreshold,0.15
NPR/XToon_2DRamp_Jade,Hair,Curvature,float,_SobelSampleDist,1
NPR/XToon_2DRamp_Jade,Hair,Curvature,float,_SobelStrength,1
NPR/XToon_2DRamp_Jade,Hair,Curvature,color,_OutlineColor,0|0|0|1
NPR/XToon_2DRamp_Jade,Hair,Curvature,float,_OutlineWidth,0.005
NPR/XToon_2DRamp_Jade,Hair,Curvature,float,_AlphaBlend,1
NPR/XToon_2DRamp_Jade,Hair,Curvature,float,_AlphaCutoff,0.1
NPR/XToon_2DRamp_Jade,Hair,Curvature,float,_DebugMode,0
NPR/XToon_2DRamp_Jade,Look,Curvature,color,_BaseColor,1|1|1|1
NPR/XToon_2DRamp_Jade,Look,Curvature,float,_RampSmoothing,0.0017
NPR/XToon_2DRamp_Jade,Look,Curvature,float,_LightSensitivity,0.5
NPR/XToon_2DRamp_Jade,Look,Curvature,float,_DetailMode,1
NPR/XToon_2DRamp_Jade,Look,Curvature,float,_DetailBias,0
NPR/XToon_2DRamp_Jade,Look,Curvature,float,_DepthNear,5
NPR/XToon_2DRamp_Jade,Look,Curvature,float,_DepthFar,50
NPR/XToon_2DRamp_Jade,Look,Curvature,float,_ManualDetail,0
NPR/XToon_2DRamp_Jade,Look,Curvature,float,_NormalSmoothing,1
NPR/XToon_2DRamp_Jade,Look,Curvature,float,_UseAbstractNormals,0.9
NPR/XToon_2DRamp_Jade,Look,Curvature,color,_ShadowColor,0.25|0.25|0.35|1
NPR/XToon_2DRamp_Jade,Look,Curvature,float,_ShadowStrength,0.4
NPR/XToon_2DRamp_Jade,Look,Curvature,float,_LightingStrength,0.4
NPR/XToon_2DRamp_Jade,Look,Curvature,color,_SpecularColor,1|1|1|1
NPR/XToon_2DRamp_Jade,Look,Curvature,float,_SpecularSize,0.005
NPR/XToon_2DRamp_Jade,Look,Curvature,float,_SpecularSmoothness,0.05
NPR/XToon_2DRamp_Jade,Look,Curvature,float,_SpecularStrength,0.5
NPR/XToon_2DRamp_Jade,Look,Curvature,float,_EnableRimLight,0
NPR/XToon_2DRamp_Jade,Look,Curvature,color,_RimColor,0.408|0.408|0.408|1
NPR/XToon_2DRamp_Jade,Look,Curvature,float,_RimPower,10
NPR/XToon_2DRamp_Jade,Look,Curvature,float,_RimThreshold,0
NPR/XToon_2DRamp_Jade,Look,Curvature,float,_RimStrength,1
NPR/XToon_2DRamp_Jade,Look,Curvature,float,_EnableSobel,0
NPR/XToon_2DRamp_Jade,Look,Curvature,color,_SobelEdgeColor,0|0|0|1
NPR/XToon_2DRamp_Jade,Look,Curvature,float,_SobelThreshold,0.15
NPR/XToon_2DRamp_Jade,Look,Curvature,float,_SobelSampleDist,1
NPR/XToon_2DRamp_Jade,Look,Curvature,float,_SobelStrength,1
NPR/XToon_2DRamp_Jade,Look,Curvature,color,_OutlineColor,0|0|0|1
NPR/XToon_2DRamp_Jade,Look,Curvature,float,_OutlineWidth,0.005
NPR/XToon_2DRamp_Jade,Look,Curvature,float,_AlphaBlend,0
NPR/XToon_2DRamp_Jade,Look,Curvature,float,_AlphaCutoff,0.1
NPR/XToon_2DRamp_Jade,Look,Curvature,float,_DebugMode,0
NPR/XToon_2DRamp_Jade,Body,Manual,color,_BaseColor,1|1|1|1
NPR/XToon_2DRamp_Jade,Body,Manual,float,_RampSmoothing,0.0017
NPR/XToon_2DRamp_Jade,Body,Manual,float,_LightSensitivity,0.5
NPR/XToon_2DRamp_Jade,Body,Manual,float,_DetailMode,2
NPR/XToon_2DRamp_Jade,Body,Manual,float,_DetailBias,0
NPR/XToon_2DRamp_Jade,Body,Manual,float,_DepthNear,5
NPR/XToon_2DRamp_Jade,Body,Manual,float,_DepthFar,50
NPR/XToon_2DRamp_Jade,Body,Manual,float,_ManualDetail,0
NPR/XToon_2DRamp_Jade,Body,Manual,float,_NormalSmoothing,1
NPR/XToon_2DRamp_Jade,Body,Manual,float,_UseAbstractNormals,0.9
NPR/XToon_2DRamp_Jade,Body,Manual,color,_ShadowColor,0.25|0.25|0.35|1
NPR/XToon_2DRamp_Jade,Body,Manual,float,_ShadowStrength,0.4
NPR/XToon_2DRamp_Jade,Body,Manual,float,_LightingStrength,0.4
NPR/XToon_2DRamp_Jade,Body,Manual,color,_SpecularColor,1|1|1|1
NPR/XToon_2DRamp_Jade,Body,Manual,float,_SpecularSize,0.005
NPR/XToon_2DRamp_Jade,Body,Manual,float,_SpecularSmoothness,0.05
NPR/XToon_2DRamp_Jade,Body,Manual,float,_SpecularStrength,0.5
NPR/XToon_2DRamp_Jade,Body,Manual,float,_EnableRimLight,0
NPR/XToon_2DRamp_Jade,Body,Manual,color,_RimColor,0.408|0.408|0.408|1
NPR/XToon_2DRamp_Jade,Body,Manual,float,_RimPower,10
NPR/XToon_2DRamp_Jade,Body,Manual,float,_RimThreshold,0
NPR/XToon_2DRamp_Jade,Body,Manual,float,_RimStrength,1
NPR/XToon_2DRamp_Jade,Body,Manual,float,_EnableSobel,0
NPR/XToon_2DRamp_Jade,Body,Manual,color,_SobelEdgeColor,0|0|0|1
NPR/XToon_2DRamp_Jade,Body,Manual,float,_SobelThreshold,0.15
NPR/XToon_2DRamp_Jade,Body,Manual,float,_SobelSampleDist,1
NPR/XToon_2DRamp_Jade,Body,Manual,float,_SobelStrength,1
NPR/XToon_2DRamp_Jade,Body,Manual,color,_OutlineColor,0|0|0|1
NPR/XToon_2DRamp_Jade,Body,Manual,float,_OutlineWidth,0.005
NPR/XToon_2DRamp_Jade,Body,Manual,float,_AlphaBlend,0
NPR/XToon_2DRamp_Jade,Body,Manual,float,_AlphaCutoff,0.1
NPR/XToon_2DRamp_Jade,Body,Manual,float,_DebugMode,0
NPR/XToon_2DRamp_Jade,Eyelash,Manual,color,_BaseColor,1|1|1|1
NPR/XToon_2DRamp_Jade,Eyelash,Manual,float,_RampSmoothing,0.0017
NPR/XToon_2DRamp_Jade,Eyelash,Manual,float,_LightSensitivity,0.5
NPR/XToon_2DRamp_Jade,Eyelash,Manual,float,_DetailMode,2
NPR/XToon_2DRamp_Jade,Eyelash,Manual,float,_DetailBias,0
NPR/XToon_2DRamp_Jade,Eyelash,Manual,float,_DepthNear,5
NPR/XToon_2DRamp_Jade,Eyelash,Manual,float,_DepthFar,50
NPR/XToon_2DRamp_Jade,Eyelash,Manual,float,_ManualDetail,0
NPR/XToon_2DRamp_Jade,Eyelash,Manual,float,_NormalSmoothing,1
NPR/XToon_2DRamp_Jade,Eyelash,Manual,float,_UseAbstractNormals,0.9
NPR/XToon_2DRamp_Jade,Eyelash,Manual,color,_ShadowColor,0.25|0.25|0.35|1
NPR/XToon_2DRamp_Jade,Eyelash,Manual,float,_ShadowStrength,0.4
NPR/XToon_2DRamp_Jade,Eyelash,Manual,float,_LightingStrength,0.4
NPR/XToon_2DRamp_Jade,Eyelash,Manual,color,_SpecularColor,1|1|1|1
NPR/XToon_2DRamp_Jade,Eyelash,Manual,float,_SpecularSize,0.005
NPR/XToon_2DRamp_Jade,Eyelash,Manual,float,_SpecularSmoothness,0.05
NPR/XToon_2DRamp_Jade,Eyelash,Manual,float,_SpecularStrength,0.5
NPR/XToon_2DRamp_Jade,Eyelash,Manual,float,_EnableRimLight,0
NPR/XToon_2DRamp_Jade,Eyelash,Manual,color,_RimColor,0.408|0.408|0.408|1
NPR/XToon_2DRamp_Jade,Eyelash,Manual,float,_RimPower,10
NPR/XToon_2DRamp_Jade,Eyelash,Manual,float,_RimThreshold,0
NPR/XToon_2DRamp_Jade,Eyelash,Manual,float,_RimStrength,1
NPR/XToon_2DRamp_Jade,Eyelash,Manual,float,_EnableSobel,0
NPR/XToon_2DRamp_Jade,Eyelash,Manual,color,_SobelEdgeColor,0|0|0|1
NPR/XToon_2DRamp_Jade,Eyelash,Manual,float,_SobelThreshold,0.15
NPR/XToon_2DRamp_Jade,Eyelash,Manual,float,_SobelSampleDist,1
NPR/XToon_2DRamp_Jade,Eyelash,Manual,float,_SobelStrength,1
NPR/XToon_2DRamp_Jade,Eyelash,Manual,color,_OutlineColor,0|0|0|1
NPR/XToon_2DRamp_Jade,Eyelash,Manual,float,_OutlineWidth,0.005
NPR/XToon_2DRamp_Jade,Eyelash,Manual,float,_AlphaBlend,1
NPR/XToon_2DRamp_Jade,Eyelash,Manual,float,_AlphaCutoff,0.1
NPR/XToon_2DRamp_Jade,Eyelash,Manual,float,_DebugMode,0
NPR/XToon_2DRamp_Jade,Hair,Manual,color,_BaseColor,1|1|1|1
NPR/XToon_2DRamp_Jade,Hair,Manual,float,_RampSmoothing,0.0017
NPR/XToon_2DRamp_Jade,Hair,Manual,float,_LightSensitivity,0.5
NPR/XToon_2DRamp_Jade,Hair,Manual,float,_DetailMode,2
NPR/XToon_2DRamp_Jade,Hair,Manual,float,_DetailBias,0
NPR/XToon_2DRamp_Jade,Hair,Manual,float,_DepthNear,5
NPR/XToon_2DRamp_Jade,Hair,Manual,float,_DepthFar,50
NPR/XToon_2DRamp_Jade,Hair,Manual,float,_ManualDetail,0
NPR/XToon_2DRamp_Jade,Hair,Manual,float,_NormalSmoothing,1
NPR/XToon_2DRamp_Jade,Hair,Manual,float,_UseAbstractNormals,0.9
NPR/XToon_2DRamp_Jade,Hair,Manual,color,_ShadowColor,0.25|0.25|0.35|1
NPR/XToon_2DRamp_Jade,Hair,Manual,float,_ShadowStrength,0.4
NPR/XToon_2DRamp_Jade,Hair,Manual,float,_LightingStrength,0.4
NPR/XToon_2DRamp_Jade,Hair,Manual,color,_SpecularColor,1|1|1|1
NPR/XToon_2DRamp_Jade,Hair,Manual,float,_SpecularSize,0.005
NPR/XToon_2DRamp_Jade,Hair,Manual,float,_SpecularSmoothness,0.05
NPR/XToon_2DRamp_Jade,Hair,Manual,float,_SpecularStrength,0.5
NPR/XToon_2DRamp_Jade,Hair,Manual,float,_EnableRimLight,0
NPR/XToon_2DRamp_Jade,Hair,Manual,color,_RimColor,0.408|0.408|0.408|1
NPR/XToon_2DRamp_Jade,Hair,Manual,float,_RimPower,10
NPR/XToon_2DRamp_Jade,Hair,Manual,float,_RimThreshold,0
NPR/XToon_2DRamp_Jade,Hair,Manual,float,_RimStrength,1
NPR/XToon_2DRamp_Jade,Hair,Manual,float,_EnableSobel,0
NPR/XToon_2DRamp_Jade,Hair,Manual,color,_SobelEdgeColor,0|0|0|1
NPR/XToon_2DRamp_Jade,Hair,Manual,float,_SobelThreshold,0.15
NPR/XToon_2DRamp_Jade,Hair,Manual,float,_SobelSampleDist,1
NPR/XToon_2DRamp_Jade,Hair,Manual,float,_SobelStrength,1
NPR/XToon_2DRamp_Jade,Hair,Manual,color,_OutlineColor,0|0|0|1
NPR/XToon_2DRamp_Jade,Hair,Manual,float,_OutlineWidth,0.005
NPR/XToon_2DRamp_Jade,Hair,Manual,float,_AlphaBlend,1
NPR/XToon_2DRamp_Jade,Hair,Manual,float,_AlphaCutoff,0.1
NPR/XToon_2DRamp_Jade,Hair,Manual,float,_DebugMode,0
NPR/XToon_2DRamp_Jade,Look,Manual,color,_BaseColor,1|1|1|1
NPR/XToon_2DRamp_Jade,Look,Manual,float,_RampSmoothing,0.0017
NPR/XToon_2DRamp_Jade,Look,Manual,float,_LightSensitivity,0.5
NPR/XToon_2DRamp_Jade,Look,Manual,float,_DetailMode,2
NPR/XToon_2DRamp_Jade,Look,Manual,float,_DetailBias,0
NPR/XToon_2DRamp_Jade,Look,Manual,float,_DepthNear,5
NPR/XToon_2DRamp_Jade,Look,Manual,float,_DepthFar,50
NPR/XToon_2DRamp_Jade,Look,Manual,float,_ManualDetail,0
NPR/XToon_2DRamp_Jade,Look,Manual,float,_NormalSmoothing,1
NPR/XToon_2DRamp_Jade,Look,Manual,float,_UseAbstractNormals,0.9
NPR/XToon_2DRamp_Jade,Look,Manual,color,_ShadowColor,0.25|0.25|0.35|1
NPR/XToon_2DRamp_Jade,Look,Manual,float,_ShadowStrength,0.4
NPR/XToon_2DRamp_Jade,Look,Manual,float,_LightingStrength,0.4
NPR/XToon_2DRamp_Jade,Look,Manual,color,_SpecularColor,1|1|1|1
NPR/XToon_2DRamp_Jade,Look,Manual,float,_SpecularSize,0.005
NPR/XToon_2DRamp_Jade,Look,Manual,float,_SpecularSmoothness,0.05
NPR/XToon_2DRamp_Jade,Look,Manual,float,_SpecularStrength,0.5
NPR/XToon_2DRamp_Jade,Look,Manual,float,_EnableRimLight,0
NPR/XToon_2DRamp_Jade,Look,Manual,color,_RimColor,0.408|0.408|0.408|1
NPR/XToon_2DRamp_Jade,Look,Manual,float,_RimPower,10
NPR/XToon_2DRamp_Jade,Look,Manual,float,_RimThreshold,0
NPR/XToon_2DRamp_Jade,Look,Manual,float,_RimStrength,1
NPR/XToon_2DRamp_Jade,Look,Manual,float,_EnableSobel,0
NPR/XToon_2DRamp_Jade,Look,Manual,color,_SobelEdgeColor,0|0|0|1
NPR/XToon_2DRamp_Jade,Look,Manual,float,_SobelThreshold,0.15
NPR/XToon_2DRamp_Jade,Look,Manual,float,_SobelSampleDist,1
NPR/XToon_2DRamp_Jade,Look,Manual,float,_SobelStrength,1
NPR/XToon_2DRamp_Jade,Look,Manual,color,_OutlineColor,0|0|0|1
NPR/XToon_2DRamp_Jade,Look,Manual,float,_OutlineWidth,0.005
NPR/XToon_2DRamp_Jade,Look,Manual,float,_AlphaBlend,0
NPR/XToon_2DRamp_Jade,Look,Manual,float,_AlphaCutoff,0.1
NPR/XToon_2DRamp_Jade,Look,Manual,float,_DebugMode,0
Custom/NormalEdgeDetection,Head,Depth,float,_UseDebugDefaults,0
Custom/NormalEdgeDetection,Head,Depth,color,_Color,1|1|1|1
Custom/NormalEdgeDetection,Head,Depth,float,_TextureIntensity,1
Custom/NormalEdgeDetection,Head,Depth,float,_BumpScale,1
Custom/NormalEdgeDetection,Head,Depth,float,_UseNormalMap,1
Custom/NormalEdgeDetection,Head,Depth,float,_LightSensitivity,0.8
Custom/NormalEdgeDetection,Head,Depth,float,_RampSmoothing,0.05
Custom/NormalEdgeDetection,Head,Depth,color,_ShadowColor,0.3|0.3|0.45|1
Custom/NormalEdgeDetection,Head,Depth,float,_ShadowStrength,0.5
Custom/NormalEdgeDetection,Head,Depth,float,_DetailMode,0
Custom/NormalEdgeDetection,Head,Depth,float,_DetailBias,0
Custom/NormalEdgeDetection,Head,Depth,float,_DepthNear,5
Custom/NormalEdgeDetection,Head,Depth,float,_DepthFar,50
Custom/NormalEdgeDetection,Head,Depth,float,_ManualDetail,0
Custom/NormalEdgeDetection,Head,Depth,float,_EnableOuterOutline,1
Custom/NormalEdgeDetection,Head,Depth,float,_OuterOutlineWidth,0.005
Custom/NormalEdgeDetection,Head,Depth,color,_OuterOutlineColor,0|0|0|1
Custom/NormalEdgeDetection,Head,Depth,float,_UseOutlineDepthOffset,0
Custom/NormalEdgeDetection,Head,Depth,float,_OutlineDepthBias,1
Custom/NormalEdgeDetection,Head,Depth,float,_EnableTextureSobel,0
Custom/NormalEdgeDetection,Head,Depth,float,_SobelFilterMode,2
Custom/NormalEdgeDetection,Head,Depth,color,_SobelLineColor,0|0|0|1
Custom/NormalEdgeDetection,Head,Depth,float,_SobelThreshold,0.2
Custom/NormalEdgeDetection,Head,Depth,float,_SobelSampleDistance,0.5
Custom/NormalEdgeDetection,Head,Depth,float,_SobelStrength,1
Custom/NormalEdgeDetection,Head,Depth,float,_EnableNormalEdges,1
Custom/NormalEdgeDetection,Head,Depth,float,_NormalEdgeThreshold,0.1
Custom/NormalEdgeDetection,Head,Depth,float,_NormalEdgeStrength,1
Custom/NormalEdgeDetection,Head,Depth,float,_NormalEdgeSmoothness,0.1
Custom/NormalEdgeDetection,Head,Depth,float,_EnableFresnelEdge,0
Custom/NormalEdgeDetection,Head,Depth,float,_FresnelEdgeThreshold,0.3
Custom/NormalEdgeDetection,Head,Depth,float,_FresnelEdgeStrength,0.3
Custom/NormalEdgeDetection,Head,Depth,color,_EdgeColor,0|0|0|1
Custom/NormalEdgeDetection,Head,Depth,color,_RimColor,0.408|0.408|0.408|1
Custom/NormalEdgeDetection,Head,Depth,float,_RimPower,3
Custom/NormalEdgeDetection,Head,Depth,color,_AmbientColor,0.35|0.35|0.35|1
Custom/NormalEdgeDetection,Head,Depth,float,_EnableAlphaTest,0
Custom/NormalEdgeDetection,Head,Depth,float,_AlphaCutoff,0.1
Custom/NormalEdgeDetection,Body,Depth,float,_UseDebugDefaults,0
Custom/NormalEdgeDetection,Body,Depth,color,_Color,1|1|1|1
Custom/NormalEdgeDetection,Body,Depth,float,_TextureIntensity,1
Custom/NormalEdgeDetection,Body,Depth,float,_BumpScale,1
Custom/NormalEdgeDetection,Body,Depth,float,_UseNormalMap,1
Custom/NormalEdgeDetection,Body,Depth,float,_LightSensitivity,0.8
Custom/NormalEdgeDetection,Body,Depth,float,_RampSmoothing,0.05
Custom/NormalEdgeDetection,Body,Depth,color,_ShadowColor,0.3|0.3|0.45|1
Custom/NormalEdgeDetection,Body,Depth,float,_ShadowStrength,0.5
Custom/NormalEdgeDetection,Body,Depth,float,_DetailMode,0
Custom/NormalEdgeDetection,Body,Depth,float,_DetailBias,0
Custom/NormalEdgeDetection,Body,Depth,float,_DepthNear,5
Custom/NormalEdgeDetection,Body,Depth,float,_DepthFar,50
Custom/NormalEdgeDetection,Body,Depth,float,_ManualDetail,0
Custom/NormalEdgeDetection,Body,Depth,float,_EnableOuterOutline,1
Custom/NormalEdgeDetection,Body,Depth,float,_OuterOutlineWidth,0.005
Custom/NormalEdgeDetection,Body,Depth,color,_OuterOutlineColor,0|0|0|1
Custom/NormalEdgeDetection,Body,Depth,float,_UseOutlineDepthOffset,1
Custom/NormalEdgeDetection,Body,Depth,float,_OutlineDepthBias,1
Custom/NormalEdgeDetection,Body,Depth,float,_EnableTextureSobel,0
Custom/NormalEdgeDetection,Body,Depth,float,_SobelFilterMode,0
Custom/NormalEdgeDetection,Body,Depth,color,_SobelLineColor,0|0|0|1
Custom/NormalEdgeDetection,Body,Depth,float,_SobelThreshold,0.16
Custom/NormalEdgeDetection,Body,Depth,float,_SobelSampleDistance,0.5
Custom/NormalEdgeDetection,Body,Depth,float,_SobelStrength,1
Custom/NormalEdgeDetection,Body,Depth,float,_EnableNormalEdges,1
Custom/NormalEdgeDetection,Body,Depth,float,_NormalEdgeThreshold,0.1
Custom/NormalEdgeDetection,Body,Depth,float,_NormalEdgeStrength,1
Custom/NormalEdgeDetection,Body,Depth,float,_NormalEdgeSmoothness,0.1
Custom/NormalEdgeDetection,Body,Depth,float,_EnableFresnelEdge,0
Custom/NormalEdgeDetection,Body,Depth,float,_FresnelEdgeThreshold,0.089
Custom/NormalEdgeDetection,Body,Depth,float,_FresnelEdgeStrength,0.545
Custom/NormalEdgeDetection,Body,Depth,color,_EdgeColor,0|0|0|1
Custom/NormalEdgeDetection,Body,Depth,color,_RimColor,0.408|0.408|0.408|1
Custom/NormalEdgeDetection,Body,Depth,float,_RimPower,3
Custom/NormalEdgeDetection,Body,Depth,color,_AmbientColor,0.3|0.3|0.3|1
Custom/NormalEdgeDetection,Body,Depth,float,_EnableAlphaTest,0
Custom/NormalEdgeDetection,Body,Depth,float,_AlphaCutoff,0.1
Custom/NormalEdgeDetection,Eyelash,Depth,float,_UseDebugDefaults,0
Custom/NormalEdgeDetection,Eyelash,Depth,color,_Color,1|1|1|1
Custom/NormalEdgeDetection,Eyelash,Depth,float,_TextureIntensity,1
Custom/NormalEdgeDetection,Eyelash,Depth,float,_BumpScale,1
Custom/NormalEdgeDetection,Eyelash,Depth,float,_UseNormalMap,1
Custom/NormalEdgeDetection,Eyelash,Depth,float,_LightSensitivity,0.8
Custom/NormalEdgeDetection,Eyelash,Depth,float,_RampSmoothing,0.05
Custom/NormalEdgeDetection,Eyelash,Depth,color,_ShadowColor,0.3|0.3|0.45|1
Custom/NormalEdgeDetection,Eyelash,Depth,float,_ShadowStrength,0.5
Custom/NormalEdgeDetection,Eyelash,Depth,float,_DetailMode,0
Custom/NormalEdgeDetection,Eyelash,Depth,float,_DetailBias,0
Custom/NormalEdgeDetection,Eyelash,Depth,float,_DepthNear,5
Custom/NormalEdgeDetection,Eyelash,Depth,float,_DepthFar,50
Custom/NormalEdgeDetection,Eyelash,Depth,float,_ManualDetail,0
Custom/NormalEdgeDetection,Eyelash,Depth,float,_EnableOuterOutline,1
Custom/NormalEdgeDetection,Eyelash,Depth,float,_OuterOutlineWidth,0.005
Custom/NormalEdgeDetection,Eyelash,Depth,color,_OuterOutlineColor,0|0|0|1
Custom/NormalEdgeDetection,Eyelash,Depth,float,_UseOutlineDepthOffset,1
Custom/NormalEdgeDetection,Eyelash,Depth,float,_OutlineDepthBias,1
Custom/NormalEdgeDetection,Eyelash,Depth,float,_EnableTextureSobel,0
Custom/NormalEdgeDetection,Eyelash,Depth,float,_SobelFilterMode,0
Custom/NormalEdgeDetection,Eyelash,Depth,color,_SobelLineColor,0|0|0|1
Custom/NormalEdgeDetection,Eyelash,Depth,float,_SobelThreshold,0.16
Custom/NormalEdgeDetection,Eyelash,Depth,float,_SobelSampleDistance,0.5
Custom/NormalEdgeDetection,Eyelash,Depth,float,_SobelStrength,1
Custom/NormalEdgeDetection,Eyelash,Depth,float,_EnableNormalEdges,1
Custom/NormalEdgeDetection,Eyelash,Depth,float,_NormalEdgeThreshold,0.1
Custom/NormalEdgeDetection,Eyelash,Depth,float,_NormalEdgeStrength,1
Custom/NormalEdgeDetection,Eyelash,Depth,float,_NormalEdgeSmoothness,0.1
Custom/NormalEdgeDetection,Eyelash,Depth,float,_EnableFresnelEdge,0
Custom/NormalEdgeDetection,Eyelash,Depth,float,_FresnelEdgeThreshold,0.089
Custom/NormalEdgeDetection,Eyelash,Depth,float,_FresnelEdgeStrength,0.545
Custom/NormalEdgeDetection,Eyelash,Depth,color,_EdgeColor,0|0|0|1
Custom/NormalEdgeDetection,Eyelash,Depth,color,_RimColor,0.408|0.408|0.408|1
Custom/NormalEdgeDetection,Eyelash,Depth,float,_RimPower,3
Custom/NormalEdgeDetection,Eyelash,Depth,color,_AmbientColor,0.3|0.3|0.3|1
Custom/NormalEdgeDetection,Eyelash,Depth,float,_EnableAlphaTest,1
Custom/NormalEdgeDetection,Eyelash,Depth,float,_AlphaCutoff,0.1
Custom/NormalEdgeDetection,Hair,Depth,float,_UseDebugDefaults,0
Custom/NormalEdgeDetection,Hair,Depth,color,_Color,1|1|1|1
Custom/NormalEdgeDetection,Hair,Depth,float,_TextureIntensity,1
Custom/NormalEdgeDetection,Hair,Depth,float,_BumpScale,1
Custom/NormalEdgeDetection,Hair,Depth,float,_UseNormalMap,1
Custom/NormalEdgeDetection,Hair,Depth,float,_LightSensitivity,0.8
Custom/NormalEdgeDetection,Hair,Depth,float,_RampSmoothing,0.05
Custom/NormalEdgeDetection,Hair,Depth,color,_ShadowColor,0.3|0.3|0.45|1
Custom/NormalEdgeDetection,Hair,Depth,float,_ShadowStrength,0.5
Custom/NormalEdgeDetection,Hair,Depth,float,_DetailMode,0
Custom/NormalEdgeDetection,Hair,Depth,float,_DetailBias,0
Custom/NormalEdgeDetection,Hair,Depth,float,_DepthNear,5
Custom/NormalEdgeDetection,Hair,Depth,float,_DepthFar,50
Custom/NormalEdgeDetection,Hair,Depth,float,_ManualDetail,0
Custom/NormalEdgeDetection,Hair,Depth,float,_EnableOuterOutline,1
Custom/NormalEdgeDetection,Hair,Depth,float,_OuterOutlineWidth,0.005
Custom/NormalEdgeDetection,Hair,Depth,color,_OuterOutlineColor,0|0|0|1
Custom/NormalEdgeDetection,Hair,Depth,float,_UseOutlineDepthOffset,1
Custom/NormalEdgeDetection,Hair,Depth,float,_OutlineDepthBias,1
Custom/NormalEdgeDetection,Hair,Depth,float,_EnableTextureSobel,0
Custom/NormalEdgeDetection,Hair,Depth,float,_SobelFilterMode,0
Custom/NormalEdgeDetection,Hair,Depth,color,_SobelLineColor,0|0|0|1
Custom/NormalEdgeDetection,Hair,Depth,float,_SobelThreshold,0.16
Custom/NormalEdgeDetection,Hair,Depth,float,_SobelSampleDistance,0.5
Custom/NormalEdgeDetection,Hair,Depth,float,_SobelStrength,1
Custom/NormalEdgeDetection,Hair,Depth,float,_EnableNormalEdges,1
Custom/NormalEdgeDetection,Hair,Depth,float,_NormalEdgeThreshold,0.1
Custom/NormalEdgeDetection,Hair,Depth,float,_NormalEdgeStrength,1
Custom/NormalEdgeDetection,Hair,Depth,float,_NormalEdgeSmoothness,0.1
Custom/NormalEdgeDetection,Hair,Depth,float,_EnableFresnelEdge,0
Custom/NormalEdgeDetection,Hair,Depth,float,_FresnelEdgeThreshold,0.089
Custom/NormalEdgeDetection,Hair,Depth,float,_FresnelEdgeStrength,0.545
Custom/NormalEdgeDetection,Hair,Depth,color,_EdgeColor,0|0|0|1
Custom/NormalEdgeDetection,Hair,Depth,color,_RimColor,0.408|0.408|0.408|1
Custom/NormalEdgeDetection,Hair,Depth,float,_RimPower,3
Custom/NormalEdgeDetection,Hair,Depth,color,_AmbientColor,0.3|0.3|0.3|1
Custom/NormalEdgeDetection,Hair,Depth,float,_EnableAlphaTest,1
Custom/NormalEdgeDetection,Hair,Depth,float,_AlphaCutoff,0.1
Custom/NormalEdgeDetection,Look,Depth,float,_UseDebugDefaults,0
Custom/NormalEdgeDetection,Look,Depth,color,_Color,1|1|1|1
Custom/NormalEdgeDetection,Look,Depth,float,_TextureIntensity,1
Custom/NormalEdgeDetection,Look,Depth,float,_BumpScale,1
Custom/NormalEdgeDetection,Look,Depth,float,_UseNormalMap,1
Custom/NormalEdgeDetection,Look,Depth,float,_LightSensitivity,0.8
Custom/NormalEdgeDetection,Look,Depth,float,_RampSmoothing,0.05
Custom/NormalEdgeDetection,Look,Depth,color,_ShadowColor,0.3|0.3|0.45|1
Custom/NormalEdgeDetection,Look,Depth,float,_ShadowStrength,0.5
Custom/NormalEdgeDetection,Look,Depth,float,_DetailMode,0
Custom/NormalEdgeDetection,Look,Depth,float,_DetailBias,0
Custom/NormalEdgeDetection,Look,Depth,float,_DepthNear,5
Custom/NormalEdgeDetection,Look,Depth,float,_DepthFar,50
Custom/NormalEdgeDetection,Look,Depth,float,_ManualDetail,0
Custom/NormalEdgeDetection,Look,Depth,float,_EnableOuterOutline,1
Custom/NormalEdgeDetection,Look,Depth,float,_OuterOutlineWidth,0.005
Custom/NormalEdgeDetection,Look,Depth,color,_OuterOutlineColor,0|0|0|1
Custom/NormalEdgeDetection,Look,Depth,float,_UseOutlineDepthOffset,1
Custom/NormalEdgeDetection,Look,Depth,float,_OutlineDepthBias,1
Custom/NormalEdgeDetection,Look,Depth,float,_EnableTextureSobel,0
Custom/NormalEdgeDetection,Look,Depth,float,_SobelFilterMode,0
Custom/NormalEdgeDetection,Look,Depth,color,_SobelLineColor,0|0|0|1
Custom/NormalEdgeDetection,Look,Depth,float,_SobelThreshold,0.16
Custom/NormalEdgeDetection,Look,Depth,float,_SobelSampleDistance,0.5
Custom/NormalEdgeDetection,Look,Depth,float,_SobelStrength,1
Custom/NormalEdgeDetection,Look,Depth,float,_EnableNormalEdges,1
Custom/NormalEdgeDetection,Look,Depth,float,_NormalEdgeThreshold,0.1
Custom/NormalEdgeDetection,Look,Depth,float,_NormalEdgeStrength,1
Custom/NormalEdgeDetection,Look,Depth,float,_NormalEdgeSmoothness,0.1
Custom/NormalEdgeDetection,Look,Depth,float,_EnableFresnelEdge,0
Custom/NormalEdgeDetection,Look,Depth,float,_FresnelEdgeThreshold,0.089
Custom/NormalEdgeDetection,Look,Depth,float,_FresnelEdgeStrength,0.545
Custom/NormalEdgeDetection,Look,Depth,color,_EdgeColor,0|0|0|1
Custom/NormalEdgeDetection,Look,Depth,color,_RimColor,0.408|0.408|0.408|1
Custom/NormalEdgeDetection,Look,Depth,float,_RimPower,3
Custom/NormalEdgeDetection,Look,Depth,color,_AmbientColor,0.3|0.3|0.3|1
Custom/NormalEdgeDetection,Look,Depth,float,_EnableAlphaTest,0
Custom/NormalEdgeDetection,Look,Depth,float,_AlphaCutoff,0.1
Custom/SobelEdgeDetection,Body,Curvature,float,_UseDebugDefaults,0
Custom/SobelEdgeDetection,Body,Curvature,float,_DebugView,0
Custom/SobelEdgeDetection,Body,Curvature,color,_Color,1|1|1|1
Custom/SobelEdgeDetection,Body,Curvature,float,_TextureIntensity,1
Custom/SobelEdgeDetection,Body,Curvature,float,_BumpScale,1
Custom/SobelEdgeDetection,Body,Curvature,float,_LightSensitivity,0.8
Custom/SobelEdgeDetection,Body,Curvature,float,_RampSmoothing,0.05
Custom/SobelEdgeDetection,Body,Curvature,color,_ShadowColor,0.3|0.3|0.45|1
Custom/SobelEdgeDetection,Body,Curvature,float,_ShadowStrength,0.5
Custom/SobelEdgeDetection,Body,Curvature,float,_DetailMode,0
Custom/SobelEdgeDetection,Body,Curvature,float,_DetailBias,0
Custom/SobelEdgeDetection,Body,Curvature,float,_DepthNear,5
Custom/SobelEdgeDetection,Body,Curvature,float,_DepthFar,50
Custom/SobelEdgeDetection,Body,Curvature,float,_ManualDetail,0.5
Custom/SobelEdgeDetection,Body,Curvature,float,_EnableOuterOutline,1
Custom/SobelEdgeDetection,Body,Curvature,float,_OuterOutlineWidth,0.005
Custom/SobelEdgeDetection,Body,Curvature,color,_OuterOutlineColor,0|0|0|1
Custom/SobelEdgeDetection,Body,Curvature,float,_UseOutlineDepthOffset,0
Custom/SobelEdgeDetection,Body,Curvature,float,_OutlineDepthBias,1
Custom/SobelEdgeDetection,Body,Curvature,float,_EnableInnerLines,1
Custom/SobelEdgeDetection,Body,Curvature,color,_InnerLineColor,0|0|0|1
Custom/SobelEdgeDetection,Body,Curvature,float,_InnerLineThreshold,0.3
Custom/SobelEdgeDetection,Body,Curvature,float,_InnerLineBlur,1
Custom/SobelEdgeDetection,Body,Curvature,float,_InnerLineStrength,1
Custom/SobelEdgeDetection,Body,Curvature,float,_EnableRim,1
Custom/SobelEdgeDetection,Body,Curvature,color,_RimColor,0.408|0.408|0.408|1
Custom/SobelEdgeDetection,Body,Curvature,float,_RimPower,4
Custom/SobelEdgeDetection,Body,Curvature,color,_AmbientColor,0.35|0.35|0.35|1
Custom/SobelEdgeDetection,Body,Curvature,float,_EnableAlphaTest,0
Custom/SobelEdgeDetection,Body,Curvature,float,_AlphaCutoff,0.1
Custom/SobelEdgeDetection,Eyelash,Depth,float,_UseDebugDefaults,0
Custom/SobelEdgeDetection,Eyelash,Depth,float,_DebugView,0
Custom/SobelEdgeDetection,Eyelash,Depth,color,_Color,1|1|1|1
Custom/SobelEdgeDetection,Eyelash,Depth,float,_TextureIntensity,1
Custom/SobelEdgeDetection,Eyelash,Depth,float,_BumpScale,1
Custom/SobelEdgeDetection,Eyelash,Depth,float,_LightSensitivity,0.8
Custom/SobelEdgeDetection,Eyelash,Depth,float,_RampSmoothing,0.05
Custom/SobelEdgeDetection,Eyelash,Depth,color,_ShadowColor,0.3|0.3|0.45|1
Custom/SobelEdgeDetection,Eyelash,Depth,float,_ShadowStrength,0.5
Custom/SobelEdgeDetection,Eyelash,Depth,float,_DetailMode,0
Custom/SobelEdgeDetection,Eyelash,Depth,float,_DetailBias,0
Custom/SobelEdgeDetection,Eyelash,Depth,float,_DepthNear,5
Custom/SobelEdgeDetection,Eyelash,Depth,float,_DepthFar,50
Custom/SobelEdgeDetection,Eyelash,Depth,float,_ManualDetail,0.5
Custom/SobelEdgeDetection,Eyelash,Depth,float,_EnableOuterOutline,1
Custom/SobelEdgeDetection,Eyelash,Depth,float,_OuterOutlineWidth,0.005
Custom/SobelEdgeDetection,Eyelash,Depth,color,_OuterOutlineColor,0|0|0|1
Custom/SobelEdgeDetection,Eyelash,Depth,float,_UseOutlineDepthOffset,0
Custom/SobelEdgeDetection,Eyelash,Depth,float,_OutlineDepthBias,1
Custom/SobelEdgeDetection,Eyelash,Depth,float,_EnableInnerLines,1
Custom/SobelEdgeDetection,Eyelash,Depth,color,_InnerLineColor,0|0|0|1
Custom/SobelEdgeDetection,Eyelash,Depth,float,_InnerLineThreshold,0.2
Custom/SobelEdgeDetection,Eyelash,Depth,float,_InnerLineBlur,0.5
Custom/SobelEdgeDetection,Eyelash,Depth,float,_InnerLineStrength,1
Custom/SobelEdgeDetection,Eyelash,Depth,float,_EnableRim,1
Custom/SobelEdgeDetection,Eyelash,Depth,color,_RimColor,0.408|0.408|0.408|1
Custom/SobelEdgeDetection,Eyelash,Depth,float,_RimPower,4
Custom/SobelEdgeDetection,Eyelash,Depth,color,_AmbientColor,0.35|0.35|0.35|1
Custom/SobelEdgeDetection,Eyelash,Depth,float,_EnableAlphaTest,1
Custom/SobelEdgeDetection,Eyelash,Depth,float,_AlphaCutoff,0.1
Custom/SobelEdgeDetection,Hair,Depth,float,_UseDebugDefaults,0
Custom/SobelEdgeDetection,Hair,Depth,float,_DebugView,0
Custom/SobelEdgeDetection,Hair,Depth,color,_Color,1|1|1|1
Custom/SobelEdgeDetection,Hair,Depth,float,_TextureIntensity,1
Custom/SobelEdgeDetection,Hair,Depth,float,_BumpScale,1
Custom/SobelEdgeDetection,Hair,Depth,float,_LightSensitivity,0.8
Custom/SobelEdgeDetection,Hair,Depth,float,_RampSmoothing,0.05
Custom/SobelEdgeDetection,Hair,Depth,color,_ShadowColor,0.3|0.3|0.45|1
Custom/SobelEdgeDetection,Hair,Depth,float,_ShadowStrength,0.5
Custom/SobelEdgeDetection,Hair,Depth,float,_DetailMode,0
Custom/SobelEdgeDetection,Hair,Depth,float,_DetailBias,0
Custom/SobelEdgeDetection,Hair,Depth,float,_DepthNear,5
Custom/SobelEdgeDetection,Hair,Depth,float,_DepthFar,50
Custom/SobelEdgeDetection,Hair,Depth,float,_ManualDetail,0.5
Custom/SobelEdgeDetection,Hair,Depth,float,_EnableOuterOutline,1
Custom/SobelEdgeDetection,Hair,Depth,float,_OuterOutlineWidth,0.005
Custom/SobelEdgeDetection,Hair,Depth,color,_OuterOutlineColor,0|0|0|1
Custom/SobelEdgeDetection,Hair,Depth,float,_UseOutlineDepthOffset,0
Custom/SobelEdgeDetection,Hair,Depth,float,_OutlineDepthBias,1
Custom/SobelEdgeDetection,Hair,Depth,float,_EnableInnerLines,1
Custom/SobelEdgeDetection,Hair,Depth,color,_InnerLineColor,0|0|0|1
Custom/SobelEdgeDetection,Hair,Depth,float,_InnerLineThreshold,0.2
Custom/SobelEdgeDetection,Hair,Depth,float,_InnerLineBlur,0.5
Custom/SobelEdgeDetection,Hair,Depth,float,_InnerLineStrength,1
Custom/SobelEdgeDetection,Hair,Depth,float,_EnableRim,1
Custom/SobelEdgeDetection,Hair,Depth,color,_RimColor,0.408|0.408|0.408|1
Custom/SobelEdgeDetection,Hair,Depth,float,_RimPower,4
Custom/SobelEdgeDetection,Hair,Depth,color,_AmbientColor,0.35|0.35|0.35|1
Custom/SobelEdgeDetection,Hair,Depth,float,_EnableAlphaTest,1
Custom/SobelEdgeDetection,Hair,Depth,float,_AlphaCutoff,0.1
Custom/SobelEdgeDetection,Shoe,Curvature,float,_UseDebugDefaults,0
Custom/SobelEdgeDetection,Shoe,Curvature,float,_DebugView,0
Custom/SobelEdgeDetection,Shoe,Curvature,color,_Color,1|1|1|1
Custom/SobelEdgeDetection,Shoe,Curvature,float,_TextureIntensity,1
Custom/SobelEdgeDetection,Shoe,Curvature,float,_BumpScale,1
Custom/SobelEdgeDetection,Shoe,Curvature,float,_LightSensitivity,0.8
Custom/SobelEdgeDetection,Shoe,Curvature,float,_RampSmoothing,0.05
Custom/SobelEdgeDetection,Shoe,Curvature,color,_ShadowColor,0.3|0.3|0.45|1
Custom/SobelEdgeDetection,Shoe,Curvature,float,_ShadowStrength,0.5
Custom/SobelEdgeDetection,Shoe,Curvature,float,_DetailMode,0
Custom/SobelEdgeDetection,Shoe,Curvature,float,_DetailBias,0
Custom/SobelEdgeDetection,Shoe,Curvature,float,_DepthNear,5
Custom/SobelEdgeDetection,Shoe,Curvature,float,_DepthFar,50
Custom/SobelEdgeDetection,Shoe,Curvature,float,_ManualDetail,0.5
Custom/SobelEdgeDetection,Shoe,Curvature,float,_EnableOuterOutline,1
Custom/SobelEdgeDetection,Shoe,Curvature,float,_OuterOutlineWidth,0.005
Custom/SobelEdgeDetection,Shoe,Curvature,color,_OuterOutlineColor,0|0|0|1
Custom/SobelEdgeDetection,Shoe,Curvature,float,_UseOutlineDepthOffset,0
Custom/SobelEdgeDetection,Shoe,Curvature,float,_OutlineDepthBias,1
Custom/SobelEdgeDetection,Shoe,Curvature,float,_EnableInnerLines,1
Custom/SobelEdgeDetection,Shoe,Curvature,color,_InnerLineColor,0|0|0|1
Custom/SobelEdgeDetection,Shoe,Curvature,float,_InnerLineThreshold,0.3
Custom/SobelEdgeDetection,Shoe,Curvature,float,_InnerLineBlur,1
Custom/SobelEdgeDetection,Shoe,Curvature,float,_InnerLineStrength,1
Custom/SobelEdgeDetection,Shoe,Curvature,float,_EnableRim,1
Custom/SobelEdgeDetection,Shoe,Curvature,color,_RimColor,0.408|0.408|0.408|1
Custom/SobelEdgeDetection,Shoe,Curvature,float,_RimPower,4
Custom/SobelEdgeDetection,Shoe,Curvature,color,_AmbientColor,0.35|0.35|0.35|1
Custom/SobelEdgeDetection,Shoe,Curvature,float,_EnableAlphaTest,0
Custom/SobelEdgeDetection,Shoe,Curvature,float,_AlphaCutoff,0.1
Custom/GaussianPrefilteredSobel,Body,Depth,float,_UseDebugDefaults,0
Custom/GaussianPrefilteredSobel,Body,Depth,float,_DebugView,0
Custom/GaussianPrefilteredSobel,Body,Depth,color,_Color,1|1|1|1
Custom/GaussianPrefilteredSobel,Body,Depth,float,_TextureIntensity,1
Custom/GaussianPrefilteredSobel,Body,Depth,float,_BumpScale,1
Custom/GaussianPrefilteredSobel,Body,Depth,float,_LightSensitivity,0.8
Custom/GaussianPrefilteredSobel,Body,Depth,float,_RampSmoothing,0.05
Custom/GaussianPrefilteredSobel,Body,Depth,color,_ShadowColor,0.3|0.3|0.45|1
Custom/GaussianPrefilteredSobel,Body,Depth,float,_ShadowStrength,0.5
Custom/GaussianPrefilteredSobel,Body,Depth,float,_DetailMode,0
Custom/GaussianPrefilteredSobel,Body,Depth,float,_DetailBias,0
Custom/GaussianPrefilteredSobel,Body,Depth,float,_DepthNear,5
Custom/GaussianPrefilteredSobel,Body,Depth,float,_DepthFar,50
Custom/GaussianPrefilteredSobel,Body,Depth,float,_ManualDetail,0.5
Custom/GaussianPrefilteredSobel,Body,Depth,float,_EnableOuterOutline,1
Custom/GaussianPrefilteredSobel,Body,Depth,float,_OuterOutlineWidth,0.005
Custom/GaussianPrefilteredSobel,Body,Depth,color,_OuterOutlineColor,0|0|0|1
Custom/GaussianPrefilteredSobel,Body,Depth,float,_UseOutlineDepthOffset,0
Custom/GaussianPrefilteredSobel,Body,Depth,float,_OutlineDepthBias,1
Custom/GaussianPrefilteredSobel,Body,Depth,float,_EnableTextureSobel,1
Custom/GaussianPrefilteredSobel,Body,Depth,float,_EnableNormalEdges,0
Custom/GaussianPrefilteredSobel,Body,Depth,float,_EnableFresnelEdge,0
Custom/GaussianPrefilteredSobel,Body,Depth,float,_UseLightFiltering,0
Custom/GaussianPrefilteredSobel,Body,Depth,float,_UseModerateFiltering,0
Custom/GaussianPrefilteredSobel,Body,Depth,float,_UseAggressiveFiltering,1
Custom/GaussianPrefilteredSobel,Body,Depth,color,_InnerLineColor,0|0|0|1
Custom/GaussianPrefilteredSobel,Body,Depth,float,_InnerLineThreshold,0.2
Custom/GaussianPrefilteredSobel,Body,Depth,float,_InnerLineBlur,0.5
Custom/GaussianPrefilteredSobel,Body,Depth,float,_InnerLineStrength,1
Custom/GaussianPrefilteredSobel,Body,Depth,float,_EnableGaussianBlur,1
Custom/GaussianPrefilteredSobel,Body,Depth,float,_BlurRadiusMultiplier,10
Custom/GaussianPrefilteredSobel,Body,Depth,float,_GaussianCenterWeight,0.5
Custom/GaussianPrefilteredSobel,Body,Depth,float,_GaussianCardinalWeight,0.5
Custom/GaussianPrefilteredSobel,Body,Depth,float,_GaussianDiagonalWeight,0.25
Custom/GaussianPrefilteredSobel,Body,Depth,float,_EnableThreshold,1
Custom/GaussianPrefilteredSobel,Body,Depth,float,_ThresholdMinMultiplier,0
Custom/GaussianPrefilteredSobel,Body,Depth,float,_ThresholdMaxMultiplier,1.9
Custom/GaussianPrefilteredSobel,Body,Depth,float,_EnablePass1,1
Custom/GaussianPrefilteredSobel,Body,Depth,float,_EnablePass2,1
Custom/GaussianPrefilteredSobel,Body,Depth,float,_EnablePass3,1
Custom/GaussianPrefilteredSobel,Body,Depth,float,_EnablePass4,1
Custom/GaussianPrefilteredSobel,Body,Depth,float,_SmoothstepTightness,0.5
Custom/GaussianPrefilteredSobel,Body,Depth,float,_EnablePowerCurve,0
Custom/GaussianPrefilteredSobel,Body,Depth,float,_PowerCurve,0.5
Custom/GaussianPrefilteredSobel,Body,Depth,float,_NormalEdgeThreshold,0
Custom/GaussianPrefilteredSobel,Body,Depth,float,_NormalEdgeStrength,0
Custom/GaussianPrefilteredSobel,Body,Depth,float,_NormalEdgeSmoothness,0.01
Custom/GaussianPrefilteredSobel,Body,Depth,float,_FresnelEdgeThreshold,0.3
Custom/GaussianPrefilteredSobel,Body,Depth,float,_FresnelEdgeStrength,0
Custom/GaussianPrefilteredSobel,Body,Depth,color,_EdgeColor,0|0|0|1
Custom/GaussianPrefilteredSobel,Body,Depth,float,_EdgeBlendMode,0
Custom/GaussianPrefilteredSobel,Body,Depth,float,_EnableRim,1
Custom/GaussianPrefilteredSobel,Body,Depth,color,_RimColor,0.408|0.408|0.408|1
Custom/GaussianPrefilteredSobel,Body,Depth,float,_RimPower,4
Custom/GaussianPrefilteredSobel,Body,Depth,color,_AmbientColor,0.35|0.35|0.35|1
Custom/GaussianPrefilteredSobel,Body,Depth,float,_EnableAlphaTest,0
Custom/GaussianPrefilteredSobel,Body,Depth,float,_AlphaCutoff,0.1
Custom/GaussianPrefilteredSobel,Head,Depth,float,_UseDebugDefaults,0
Custom/GaussianPrefilteredSobel,Head,Depth,float,_DebugView,0
Custom/GaussianPrefilteredSobel,Head,Depth,color,_Color,1|1|1|1
Custom/GaussianPrefilteredSobel,Head,Depth,float,_TextureIntensity,1
Custom/GaussianPrefilteredSobel,Head,Depth,float,_BumpScale,1
Custom/GaussianPrefilteredSobel,Head,Depth,float,_LightSensitivity,0.8
Custom/GaussianPrefilteredSobel,Head,Depth,float,_RampSmoothing,0.05
Custom/GaussianPrefilteredSobel,Head,Depth,color,_ShadowColor,0.3|0.3|0.45|1
Custom/GaussianPrefilteredSobel,Head,Depth,float,_ShadowStrength,0.5
Custom/GaussianPrefilteredSobel,Head,Depth,float,_DetailMode,0
Custom/GaussianPrefilteredSobel,Head,Depth,float,_DetailBias,0
Custom/GaussianPrefilteredSobel,Head,Depth,float,_DepthNear,5
Custom/GaussianPrefilteredSobel,Head,Depth,float,_DepthFar,50
Custom/GaussianPrefilteredSobel,Head,Depth,float,_ManualDetail,0.5
Custom/GaussianPrefilteredSobel,Head,Depth,float,_EnableOuterOutline,1
Custom/GaussianPrefilteredSobel,Head,Depth,float,_OuterOutlineWidth,0.005
Custom/GaussianPrefilteredSobel,Head,Depth,color,_OuterOutlineColor,0|0|0|1
Custom/GaussianPrefilteredSobel,Head,Depth,float,_UseOutlineDepthOffset,0
Custom/GaussianPrefilteredSobel,Head,Depth,float,_OutlineDepthBias,1
Custom/GaussianPrefilteredSobel,Head,Depth,float,_EnableTextureSobel,1
Custom/GaussianPrefilteredSobel,Head,Depth,float,_EnableNormalEdges,0
Custom/GaussianPrefilteredSobel,Head,Depth,float,_EnableFresnelEdge,0
Custom/GaussianPrefilteredSobel,Head,Depth,float,_UseLightFiltering,0
Custom/GaussianPrefilteredSobel,Head,Depth,float,_UseModerateFiltering,0
Custom/GaussianPrefilteredSobel,Head,Depth,float,_UseAggressiveFiltering,1
Custom/GaussianPrefilteredSobel,Head,Depth,color,_InnerLineColor,0|0|0|1
Custom/GaussianPrefilteredSobel,Head,Depth,float,_InnerLineThreshold,0.2
Custom/GaussianPrefilteredSobel,Head,Depth,float,_InnerLineBlur,0.5
Custom/GaussianPrefilteredSobel,Head,Depth,float,_InnerLineStrength,1
Custom/GaussianPrefilteredSobel,Head,Depth,float,_EnableGaussianBlur,1
Custom/GaussianPrefilteredSobel,Head,Depth,float,_BlurRadiusMultiplier,10
Custom/GaussianPrefilteredSobel,Head,Depth,float,_GaussianCenterWeight,0.5
Custom/GaussianPrefilteredSobel,Head,Depth,float,_GaussianCardinalWeight,0.5
Custom/GaussianPrefilteredSobel,Head,Depth,float,_GaussianDiagonalWeight,0.25
Custom/GaussianPrefilteredSobel,Head,Depth,float,_EnableThreshold,1
Custom/GaussianPrefilteredSobel,Head,Depth,float,_ThresholdMinMultiplier,0
Custom/GaussianPrefilteredSobel,Head,Depth,float,_ThresholdMaxMultiplier,1.9
Custom/GaussianPrefilteredSobel,Head,Depth,float,_EnablePass1,1
Custom/GaussianPrefilteredSobel,Head,Depth,float,_EnablePass2,1
Custom/GaussianPrefilteredSobel,Head,Depth,float,_EnablePass3,1
Custom/GaussianPrefilteredSobel,Head,Depth,float,_EnablePass4,1
Custom/GaussianPrefilteredSobel,Head,Depth,float,_SmoothstepTightness,0.5
Custom/GaussianPrefilteredSobel,Head,Depth,float,_EnablePowerCurve,0
Custom/GaussianPrefilteredSobel,Head,Depth,float,_PowerCurve,0.5
Custom/GaussianPrefilteredSobel,Head,Depth,float,_NormalEdgeThreshold,0
Custom/GaussianPrefilteredSobel,Head,Depth,float,_NormalEdgeStrength,0
Custom/GaussianPrefilteredSobel,Head,Depth,float,_NormalEdgeSmoothness,0.01
Custom/GaussianPrefilteredSobel,Head,Depth,float,_FresnelEdgeThreshold,0.3
Custom/GaussianPrefilteredSobel,Head,Depth,float,_FresnelEdgeStrength,0
Custom/GaussianPrefilteredSobel,Head,Depth,color,_EdgeColor,0|0|0|1
Custom/GaussianPrefilteredSobel,Head,Depth,float,_EdgeBlendMode,0
Custom/GaussianPrefilteredSobel,Head,Depth,float,_EnableRim,1
Custom/GaussianPrefilteredSobel,Head,Depth,color,_RimColor,0.408|0.408|0.408|1
Custom/GaussianPrefilteredSobel,Head,Depth,float,_RimPower,4
Custom/GaussianPrefilteredSobel,Head,Depth,color,_AmbientColor,0.35|0.35|0.35|1
Custom/GaussianPrefilteredSobel,Head,Depth,float,_EnableAlphaTest,0
Custom/GaussianPrefilteredSobel,Head,Depth,float,_AlphaCutoff,0.1
Custom/GaussianPrefilteredSobel,Eyelash,Depth,float,_UseDebugDefaults,0
Custom/GaussianPrefilteredSobel,Eyelash,Depth,float,_DebugView,0
Custom/GaussianPrefilteredSobel,Eyelash,Depth,color,_Color,1|1|1|1
Custom/GaussianPrefilteredSobel,Eyelash,Depth,float,_TextureIntensity,1
Custom/GaussianPrefilteredSobel,Eyelash,Depth,float,_BumpScale,1
Custom/GaussianPrefilteredSobel,Eyelash,Depth,float,_LightSensitivity,0.8
Custom/GaussianPrefilteredSobel,Eyelash,Depth,float,_RampSmoothing,0.05
Custom/GaussianPrefilteredSobel,Eyelash,Depth,color,_ShadowColor,0.3|0.3|0.45|1
Custom/GaussianPrefilteredSobel,Eyelash,Depth,float,_ShadowStrength,0.5
Custom/GaussianPrefilteredSobel,Eyelash,Depth,float,_DetailMode,0
Custom/GaussianPrefilteredSobel,Eyelash,Depth,float,_DetailBias,0
Custom/GaussianPrefilteredSobel,Eyelash,Depth,float,_DepthNear,5
Custom/GaussianPrefilteredSobel,Eyelash,Depth,float,_DepthFar,50
Custom/GaussianPrefilteredSobel,Eyelash,Depth,float,_ManualDetail,0.5
Custom/GaussianPrefilteredSobel,Eyelash,Depth,float,_EnableOuterOutline,1
Custom/GaussianPrefilteredSobel,Eyelash,Depth,float,_OuterOutlineWidth,0.005
Custom/GaussianPrefilteredSobel,Eyelash,Depth,color,_OuterOutlineColor,0|0|0|1
Custom/GaussianPrefilteredSobel,Eyelash,Depth,float,_UseOutlineDepthOffset,0
Custom/GaussianPrefilteredSobel,Eyelash,Depth,float,_OutlineDepthBias,1
Custom/GaussianPrefilteredSobel,Eyelash,Depth,float,_EnableTextureSobel,1
Custom/GaussianPrefilteredSobel,Eyelash,Depth,float,_EnableNormalEdges,0
Custom/GaussianPrefilteredSobel,Eyelash,Depth,float,_EnableFresnelEdge,0
Custom/GaussianPrefilteredSobel,Eyelash,Depth,float,_UseLightFiltering,0
Custom/GaussianPrefilteredSobel,Eyelash,Depth,float,_UseModerateFiltering,0
Custom/GaussianPrefilteredSobel,Eyelash,Depth,float,_UseAggressiveFiltering,1
Custom/GaussianPrefilteredSobel,Eyelash,Depth,color,_InnerLineColor,0|0|0|1
Custom/GaussianPrefilteredSobel,Eyelash,Depth,float,_InnerLineThreshold,0.2
Custom/GaussianPrefilteredSobel,Eyelash,Depth,float,_InnerLineBlur,0.5
Custom/GaussianPrefilteredSobel,Eyelash,Depth,float,_InnerLineStrength,1
Custom/GaussianPrefilteredSobel,Eyelash,Depth,float,_EnableGaussianBlur,1
Custom/GaussianPrefilteredSobel,Eyelash,Depth,float,_BlurRadiusMultiplier,10
Custom/GaussianPrefilteredSobel,Eyelash,Depth,float,_GaussianCenterWeight,0.5
Custom/GaussianPrefilteredSobel,Eyelash,Depth,float,_GaussianCardinalWeight,0.5
Custom/GaussianPrefilteredSobel,Eyelash,Depth,float,_GaussianDiagonalWeight,0.25
Custom/GaussianPrefilteredSobel,Eyelash,Depth,float,_EnableThreshold,1
Custom/GaussianPrefilteredSobel,Eyelash,Depth,float,_ThresholdMinMultiplier,0
Custom/GaussianPrefilteredSobel,Eyelash,Depth,float,_ThresholdMaxMultiplier,1.9
Custom/GaussianPrefilteredSobel,Eyelash,Depth,float,_EnablePass1,1
Custom/GaussianPrefilteredSobel,Eyelash,Depth,float,_EnablePass2,1
Custom/GaussianPrefilteredSobel,Eyelash,Depth,float,_EnablePass3,1
Custom/GaussianPrefilteredSobel,Eyelash,Depth,float,_EnablePass4,1
Custom/GaussianPrefilteredSobel,Eyelash,Depth,float,_SmoothstepTightness,0.5
Custom/GaussianPrefilteredSobel,Eyelash,Depth,float,_EnablePowerCurve,0
Custom/GaussianPrefilteredSobel,Eyelash,Depth,float,_PowerCurve,0.5
Custom/GaussianPrefilteredSobel,Eyelash,Depth,float,_NormalEdgeThreshold,0
Custom/GaussianPrefilteredSobel,Eyelash,Depth,float,_NormalEdgeStrength,0
Custom/GaussianPrefilteredSobel,Eyelash,Depth,float,_NormalEdgeSmoothness,0.01
Custom/GaussianPrefilteredSobel,Eyelash,Depth,float,_FresnelEdgeThreshold,0.3
Custom/GaussianPrefilteredSobel,Eyelash,Depth,float,_FresnelEdgeStrength,0
Custom/GaussianPrefilteredSobel,Eyelash,Depth,color,_EdgeColor,0|0|0|1
Custom/GaussianPrefilteredSobel,Eyelash,Depth,float,_EdgeBlendMode,0
Custom/GaussianPrefilteredSobel,Eyelash,Depth,float,_EnableRim,1
Custom/GaussianPrefilteredSobel,Eyelash,Depth,color,_RimColor,0.408|0.408|0.408|1
Custom/GaussianPrefilteredSobel,Eyelash,Depth,float,_RimPower,4
Custom/GaussianPrefilteredSobel,Eyelash,Depth,color,_AmbientColor,0.35|0.35|0.35|1
Custom/GaussianPrefilteredSobel,Eyelash,Depth,float,_EnableAlphaTest,1
Custom/GaussianPrefilteredSobel,Eyelash,Depth,float,_AlphaCutoff,0.1
Custom/GaussianPrefilteredSobel,Hair,Depth,float,_UseDebugDefaults,0
Custom/GaussianPrefilteredSobel,Hair,Depth,float,_DebugView,0
Custom/GaussianPrefilteredSobel,Hair,Depth,color,_Color,1|1|1|1
Custom/GaussianPrefilteredSobel,Hair,Depth,float,_TextureIntensity,1
Custom/GaussianPrefilteredSobel,Hair,Depth,float,_BumpScale,1
Custom/GaussianPrefilteredSobel,Hair,Depth,float,_LightSensitivity,0.8
Custom/GaussianPrefilteredSobel,Hair,Depth,float,_RampSmoothing,0.05
Custom/GaussianPrefilteredSobel,Hair,Depth,color,_ShadowColor,0.3|0.3|0.45|1
Custom/GaussianPrefilteredSobel,Hair,Depth,float,_ShadowStrength,0.5
Custom/GaussianPrefilteredSobel,Hair,Depth,float,_DetailMode,0
Custom/GaussianPrefilteredSobel,Hair,Depth,float,_DetailBias,0
Custom/GaussianPrefilteredSobel,Hair,Depth,float,_DepthNear,5
Custom/GaussianPrefilteredSobel,Hair,Depth,float,_DepthFar,50
Custom/GaussianPrefilteredSobel,Hair,Depth,float,_ManualDetail,0.5
Custom/GaussianPrefilteredSobel,Hair,Depth,float,_EnableOuterOutline,1
Custom/GaussianPrefilteredSobel,Hair,Depth,float,_OuterOutlineWidth,0.005
Custom/GaussianPrefilteredSobel,Hair,Depth,color,_OuterOutlineColor,0|0|0|1
Custom/GaussianPrefilteredSobel,Hair,Depth,float,_UseOutlineDepthOffset,0
Custom/GaussianPrefilteredSobel,Hair,Depth,float,_OutlineDepthBias,1
Custom/GaussianPrefilteredSobel,Hair,Depth,float,_EnableTextureSobel,1
Custom/GaussianPrefilteredSobel,Hair,Depth,float,_EnableNormalEdges,0
Custom/GaussianPrefilteredSobel,Hair,Depth,float,_EnableFresnelEdge,0
Custom/GaussianPrefilteredSobel,Hair,Depth,float,_UseLightFiltering,0
Custom/GaussianPrefilteredSobel,Hair,Depth,float,_UseModerateFiltering,0
Custom/GaussianPrefilteredSobel,Hair,Depth,float,_UseAggressiveFiltering,1
Custom/GaussianPrefilteredSobel,Hair,Depth,color,_InnerLineColor,0|0|0|1
Custom/GaussianPrefilteredSobel,Hair,Depth,float,_InnerLineThreshold,0.2
Custom/GaussianPrefilteredSobel,Hair,Depth,float,_InnerLineBlur,0.5
Custom/GaussianPrefilteredSobel,Hair,Depth,float,_InnerLineStrength,1
Custom/GaussianPrefilteredSobel,Hair,Depth,float,_EnableGaussianBlur,1
Custom/GaussianPrefilteredSobel,Hair,Depth,float,_BlurRadiusMultiplier,10
Custom/GaussianPrefilteredSobel,Hair,Depth,float,_GaussianCenterWeight,0.5
Custom/GaussianPrefilteredSobel,Hair,Depth,float,_GaussianCardinalWeight,0.5
Custom/GaussianPrefilteredSobel,Hair,Depth,float,_GaussianDiagonalWeight,0.25
Custom/GaussianPrefilteredSobel,Hair,Depth,float,_EnableThreshold,1
Custom/GaussianPrefilteredSobel,Hair,Depth,float,_ThresholdMinMultiplier,0
Custom/GaussianPrefilteredSobel,Hair,Depth,float,_ThresholdMaxMultiplier,1.9
Custom/GaussianPrefilteredSobel,Hair,Depth,float,_EnablePass1,1
Custom/GaussianPrefilteredSobel,Hair,Depth,float,_EnablePass2,1
Custom/GaussianPrefilteredSobel,Hair,Depth,float,_EnablePass3,1
Custom/GaussianPrefilteredSobel,Hair,Depth,float,_EnablePass4,1
Custom/GaussianPrefilteredSobel,Hair,Depth,float,_SmoothstepTightness,0.5
Custom/GaussianPrefilteredSobel,Hair,Depth,float,_EnablePowerCurve,0
Custom/GaussianPrefilteredSobel,Hair,Depth,float,_PowerCurve,0.5
Custom/GaussianPrefilteredSobel,Hair,Depth,float,_NormalEdgeThreshold,0
Custom/GaussianPrefilteredSobel,Hair,Depth,float,_NormalEdgeStrength,0
Custom/GaussianPrefilteredSobel,Hair,Depth,float,_NormalEdgeSmoothness,0.01
Custom/GaussianPrefilteredSobel,Hair,Depth,float,_FresnelEdgeThreshold,0.3
Custom/GaussianPrefilteredSobel,Hair,Depth,float,_FresnelEdgeStrength,0
Custom/GaussianPrefilteredSobel,Hair,Depth,color,_EdgeColor,0|0|0|1
Custom/GaussianPrefilteredSobel,Hair,Depth,float,_EdgeBlendMode,0
Custom/GaussianPrefilteredSobel,Hair,Depth,float,_EnableRim,1
Custom/GaussianPrefilteredSobel,Hair,Depth,color,_RimColor,0.408|0.408|0.408|1
Custom/GaussianPrefilteredSobel,Hair,Depth,float,_RimPower,4
Custom/GaussianPrefilteredSobel,Hair,Depth,color,_AmbientColor,0.35|0.35|0.35|1
Custom/GaussianPrefilteredSobel,Hair,Depth,float,_EnableAlphaTest,1
Custom/GaussianPrefilteredSobel,Hair,Depth,float,_AlphaCutoff,0.1
Custom/GaussianPrefilteredSobel,Shoe,Depth,float,_UseDebugDefaults,0
Custom/GaussianPrefilteredSobel,Shoe,Depth,float,_DebugView,0
Custom/GaussianPrefilteredSobel,Shoe,Depth,color,_Color,1|1|1|1
Custom/GaussianPrefilteredSobel,Shoe,Depth,float,_TextureIntensity,1
Custom/GaussianPrefilteredSobel,Shoe,Depth,float,_BumpScale,1
Custom/GaussianPrefilteredSobel,Shoe,Depth,float,_LightSensitivity,0.8
Custom/GaussianPrefilteredSobel,Shoe,Depth,float,_RampSmoothing,0.05
Custom/GaussianPrefilteredSobel,Shoe,Depth,color,_ShadowColor,0.3|0.3|0.45|1
Custom/GaussianPrefilteredSobel,Shoe,Depth,float,_ShadowStrength,0.5
Custom/GaussianPrefilteredSobel,Shoe,Depth,float,_DetailMode,0
Custom/GaussianPrefilteredSobel,Shoe,Depth,float,_DetailBias,0
Custom/GaussianPrefilteredSobel,Shoe,Depth,float,_DepthNear,5
Custom/GaussianPrefilteredSobel,Shoe,Depth,float,_DepthFar,50
Custom/GaussianPrefilteredSobel,Shoe,Depth,float,_ManualDetail,0.5
Custom/GaussianPrefilteredSobel,Shoe,Depth,float,_EnableOuterOutline,1
Custom/GaussianPrefilteredSobel,Shoe,Depth,float,_OuterOutlineWidth,0.005
Custom/GaussianPrefilteredSobel,Shoe,Depth,color,_OuterOutlineColor,0|0|0|1
Custom/GaussianPrefilteredSobel,Shoe,Depth,float,_UseOutlineDepthOffset,0
Custom/GaussianPrefilteredSobel,Shoe,Depth,float,_OutlineDepthBias,1
Custom/GaussianPrefilteredSobel,Shoe,Depth,float,_EnableTextureSobel,1
Custom/GaussianPrefilteredSobel,Shoe,Depth,float,_EnableNormalEdges,0
Custom/GaussianPrefilteredSobel,Shoe,Depth,float,_EnableFresnelEdge,0
Custom/GaussianPrefilteredSobel,Shoe,Depth,float,_UseLightFiltering,0
Custom/GaussianPrefilteredSobel,Shoe,Depth,float,_UseModerateFiltering,0
Custom/GaussianPrefilteredSobel,Shoe,Depth,float,_UseAggressiveFiltering,1
Custom/GaussianPrefilteredSobel,Shoe,Depth,color,_InnerLineColor,0|0|0|1
Custom/GaussianPrefilteredSobel,Shoe,Depth,float,_InnerLineThreshold,0.2
Custom/GaussianPrefilteredSobel,Shoe,Depth,float,_InnerLineBlur,0.5
Custom/GaussianPrefilteredSobel,Shoe,Depth,float,_InnerLineStrength,1
Custom/GaussianPrefilteredSobel,Shoe,Depth,float,_EnableGaussianBlur,1
Custom/GaussianPrefilteredSobel,Shoe,Depth,float,_BlurRadiusMultiplier,10
Custom/GaussianPrefilteredSobel,Shoe,Depth,float,_GaussianCenterWeight,0.5
Custom/GaussianPrefilteredSobel,Shoe,Depth,float,_GaussianCardinalWeight,0.5
Custom/GaussianPrefilteredSobel,Shoe,Depth,float,_GaussianDiagonalWeight,0.25
Custom/GaussianPrefilteredSobel,Shoe,Depth,float,_EnableThreshold,1
Custom/GaussianPrefilteredSobel,Shoe,Depth,float,_ThresholdMinMultiplier,0
Custom/GaussianPrefilteredSobel,Shoe,Depth,float,_ThresholdMaxMultiplier,1.9
Custom/GaussianPrefilteredSobel,Shoe,Depth,float,_EnablePass1,1
Custom/GaussianPrefilteredSobel,Shoe,Depth,float,_EnablePass2,1
Custom/GaussianPrefilteredSobel,Shoe,Depth,float,_EnablePass3,1
Custom/GaussianPrefilteredSobel,Shoe,Depth,float,_EnablePass4,1
Custom/GaussianPrefilteredSobel,Shoe,Depth,float,_SmoothstepTightness,0.5
Custom/GaussianPrefilteredSobel,Shoe,Depth,float,_EnablePowerCurve,0
Custom/GaussianPrefilteredSobel,Shoe,Depth,float,_PowerCurve,0.5
Custom/GaussianPrefilteredSobel,Shoe,Depth,float,_NormalEdgeThreshold,0
Custom/GaussianPrefilteredSobel,Shoe,Depth,float,_NormalEdgeStrength,0
Custom/GaussianPrefilteredSobel,Shoe,Depth,float,_NormalEdgeSmoothness,0.01
Custom/GaussianPrefilteredSobel,Shoe,Depth,float,_FresnelEdgeThreshold,0.3
Custom/GaussianPrefilteredSobel,Shoe,Depth,float,_FresnelEdgeStrength,0
Custom/GaussianPrefilteredSobel,Shoe,Depth,color,_EdgeColor,0|0|0|1
Custom/GaussianPrefilteredSobel,Shoe,Depth,float,_EdgeBlendMode,0
Custom/GaussianPrefilteredSobel,Shoe,Depth,float,_EnableRim,1
Custom/GaussianPrefilteredSobel,Shoe,Depth,color,_RimColor,0.408|0.408|0.408|1
Custom/GaussianPrefilteredSobel,Shoe,Depth,float,_RimPower,4
Custom/GaussianPrefilteredSobel,Shoe,Depth,color,_AmbientColor,0.35|0.35|0.35|1
Custom/GaussianPrefilteredSobel,Shoe,Depth,float,_EnableAlphaTest,0
Custom/GaussianPrefilteredSobel,Shoe,Depth,float,_AlphaCutoff,0.1
Custom/GaussianPrefilteredSobel,Look,Depth,float,_UseDebugDefaults,0
Custom/GaussianPrefilteredSobel,Look,Depth,float,_DebugView,0
Custom/GaussianPrefilteredSobel,Look,Depth,color,_Color,1|1|1|1
Custom/GaussianPrefilteredSobel,Look,Depth,float,_TextureIntensity,1
Custom/GaussianPrefilteredSobel,Look,Depth,float,_BumpScale,1
Custom/GaussianPrefilteredSobel,Look,Depth,float,_LightSensitivity,0.8
Custom/GaussianPrefilteredSobel,Look,Depth,float,_RampSmoothing,0.05
Custom/GaussianPrefilteredSobel,Look,Depth,color,_ShadowColor,0.3|0.3|0.45|1
Custom/GaussianPrefilteredSobel,Look,Depth,float,_ShadowStrength,0.5
Custom/GaussianPrefilteredSobel,Look,Depth,float,_DetailMode,0
Custom/GaussianPrefilteredSobel,Look,Depth,float,_DetailBias,0
Custom/GaussianPrefilteredSobel,Look,Depth,float,_DepthNear,5
Custom/GaussianPrefilteredSobel,Look,Depth,float,_DepthFar,50
Custom/GaussianPrefilteredSobel,Look,Depth,float,_ManualDetail,0.5
Custom/GaussianPrefilteredSobel,Look,Depth,float,_EnableOuterOutline,1
Custom/GaussianPrefilteredSobel,Look,Depth,float,_OuterOutlineWidth,0.005
Custom/GaussianPrefilteredSobel,Look,Depth,color,_OuterOutlineColor,0|0|0|1
Custom/GaussianPrefilteredSobel,Look,Depth,float,_UseOutlineDepthOffset,0
Custom/GaussianPrefilteredSobel,Look,Depth,float,_OutlineDepthBias,1
Custom/GaussianPrefilteredSobel,Look,Depth,float,_EnableTextureSobel,1
Custom/GaussianPrefilteredSobel,Look,Depth,float,_EnableNormalEdges,0
Custom/GaussianPrefilteredSobel,Look,Depth,float,_EnableFresnelEdge,0
Custom/GaussianPrefilteredSobel,Look,Depth,float,_UseLightFiltering,0
Custom/GaussianPrefilteredSobel,Look,Depth,float,_UseModerateFiltering,0
Custom/GaussianPrefilteredSobel,Look,Depth,float,_UseAggressiveFiltering,1
Custom/GaussianPrefilteredSobel,Look,Depth,color,_InnerLineColor,0|0|0|1
Custom/GaussianPrefilteredSobel,Look,Depth,float,_InnerLineThreshold,0.2
Custom/GaussianPrefilteredSobel,Look,Depth,float,_InnerLineBlur,0.5
Custom/GaussianPrefilteredSobel,Look,Depth,float,_InnerLineStrength,1
Custom/GaussianPrefilteredSobel,Look,Depth,float,_EnableGaussianBlur,1
Custom/GaussianPrefilteredSobel,Look,Depth,float,_BlurRadiusMultiplier,10
Custom/GaussianPrefilteredSobel,Look,Depth,float,_GaussianCenterWeight,0.5
Custom/GaussianPrefilteredSobel,Look,Depth,float,_GaussianCardinalWeight,0.5
Custom/GaussianPrefilteredSobel,Look,Depth,float,_GaussianDiagonalWeight,0.25
Custom/GaussianPrefilteredSobel,Look,Depth,float,_EnableThreshold,1
Custom/GaussianPrefilteredSobel,Look,Depth,float,_ThresholdMinMultiplier,0
Custom/GaussianPrefilteredSobel,Look,Depth,float,_ThresholdMaxMultiplier,1.9
Custom/GaussianPrefilteredSobel,Look,Depth,float,_EnablePass1,1
Custom/GaussianPrefilteredSobel,Look,Depth,float,_EnablePass2,1
Custom/GaussianPrefilteredSobel,Look,Depth,float,_EnablePass3,1
Custom/GaussianPrefilteredSobel,Look,Depth,float,_EnablePass4,1
Custom/GaussianPrefilteredSobel,Look,Depth,float,_SmoothstepTightness,0.5
Custom/GaussianPrefilteredSobel,Look,Depth,float,_EnablePowerCurve,0
Custom/GaussianPrefilteredSobel,Look,Depth,float,_PowerCurve,0.5
Custom/GaussianPrefilteredSobel,Look,Depth,float,_NormalEdgeThreshold,0
Custom/GaussianPrefilteredSobel,Look,Depth,float,_NormalEdgeStrength,0
Custom/GaussianPrefilteredSobel,Look,Depth,float,_NormalEdgeSmoothness,0.01
Custom/GaussianPrefilteredSobel,Look,Depth,float,_FresnelEdgeThreshold,0.3
Custom/GaussianPrefilteredSobel,Look,Depth,float,_FresnelEdgeStrength,0
Custom/GaussianPrefilteredSobel,Look,Depth,color,_EdgeColor,0|0|0|1
Custom/GaussianPrefilteredSobel,Look,Depth,float,_EdgeBlendMode,0
Custom/GaussianPrefilteredSobel,Look,Depth,float,_EnableRim,1
Custom/GaussianPrefilteredSobel,Look,Depth,color,_RimColor,0.408|0.408|0.408|1
Custom/GaussianPrefilteredSobel,Look,Depth,float,_RimPower,4
Custom/GaussianPrefilteredSobel,Look,Depth,color,_AmbientColor,0.35|0.35|0.35|1
Custom/GaussianPrefilteredSobel,Look,Depth,float,_EnableAlphaTest,0
Custom/GaussianPrefilteredSobel,Look,Depth,float,_AlphaCutoff,0.1
Custom/SobelEdgeDetection,Head,Depth,float,_UseDebugDefaults,0
Custom/SobelEdgeDetection,Head,Depth,float,_DebugView,0
Custom/SobelEdgeDetection,Head,Depth,color,_Color,1|1|1|1
Custom/SobelEdgeDetection,Head,Depth,float,_TextureIntensity,1
Custom/SobelEdgeDetection,Head,Depth,float,_BumpScale,1
Custom/SobelEdgeDetection,Head,Depth,float,_LightSensitivity,0.8
Custom/SobelEdgeDetection,Head,Depth,float,_RampSmoothing,0.05
Custom/SobelEdgeDetection,Head,Depth,color,_ShadowColor,0.3|0.3|0.45|1
Custom/SobelEdgeDetection,Head,Depth,float,_ShadowStrength,0.5
Custom/SobelEdgeDetection,Head,Depth,float,_DetailMode,0
Custom/SobelEdgeDetection,Head,Depth,float,_DetailBias,0
Custom/SobelEdgeDetection,Head,Depth,float,_DepthNear,5
Custom/SobelEdgeDetection,Head,Depth,float,_DepthFar,50
Custom/SobelEdgeDetection,Head,Depth,float,_ManualDetail,0.5
Custom/SobelEdgeDetection,Head,Depth,float,_EnableOuterOutline,1
Custom/SobelEdgeDetection,Head,Depth,float,_OuterOutlineWidth,0.005
Custom/SobelEdgeDetection,Head,Depth,color,_OuterOutlineColor,0|0|0|1
Custom/SobelEdgeDetection,Head,Depth,float,_UseOutlineDepthOffset,0
Custom/SobelEdgeDetection,Head,Depth,float,_OutlineDepthBias,1
Custom/SobelEdgeDetection,Head,Depth,float,_EnableInnerLines,1
Custom/SobelEdgeDetection,Head,Depth,color,_InnerLineColor,0|0|0|1
Custom/SobelEdgeDetection,Head,Depth,float,_InnerLineThreshold,0.2
Custom/SobelEdgeDetection,Head,Depth,float,_InnerLineBlur,0.5
Custom/SobelEdgeDetection,Head,Depth,float,_InnerLineStrength,1
Custom/SobelEdgeDetection,Head,Depth,float,_EnableRim,1
Custom/SobelEdgeDetection,Head,Depth,color,_RimColor,0.408|0.408|0.408|1
Custom/SobelEdgeDetection,Head,Depth,float,_RimPower,4
Custom/SobelEdgeDetection,Head,Depth,color,_AmbientColor,0.35|0.35|0.35|1
Custom/SobelEdgeDetection,Head,Depth,float,_EnableAlphaTest,0
Custom/SobelEdgeDetection,Head,Depth,float,_AlphaCutoff,0.1
Custom/SobelEdgeDetection,Body,Depth,float,_UseDebugDefaults,0
Custom/SobelEdgeDetection,Body,Depth,float,_DebugView,0
Custom/SobelEdgeDetection,Body,Depth,color,_Color,1|1|1|1
Custom/SobelEdgeDetection,Body,Depth,float,_TextureIntensity,1
Custom/SobelEdgeDetection,Body,Depth,float,_BumpScale,1
Custom/SobelEdgeDetection,Body,Depth,float,_LightSensitivity,0.8
Custom/SobelEdgeDetection,Body,Depth,float,_RampSmoothing,0.05
Custom/SobelEdgeDetection,Body,Depth,color,_ShadowColor,0.3|0.3|0.45|1
Custom/SobelEdgeDetection,Body,Depth,float,_ShadowStrength,0.5
Custom/SobelEdgeDetection,Body,Depth,float,_DetailMode,0
Custom/SobelEdgeDetection,Body,Depth,float,_DetailBias,0
Custom/SobelEdgeDetection,Body,Depth,float,_DepthNear,5
Custom/SobelEdgeDetection,Body,Depth,float,_DepthFar,50
Custom/SobelEdgeDetection,Body,Depth,float,_ManualDetail,0.5
Custom/SobelEdgeDetection,Body,Depth,float,_EnableOuterOutline,1
Custom/SobelEdgeDetection,Body,Depth,float,_OuterOutlineWidth,0.005
Custom/SobelEdgeDetection,Body,Depth,color,_OuterOutlineColor,0|0|0|1
Custom/SobelEdgeDetection,Body,Depth,float,_UseOutlineDepthOffset,0
Custom/SobelEdgeDetection,Body,Depth,float,_OutlineDepthBias,1
Custom/SobelEdgeDetection,Body,Depth,float,_EnableInnerLines,1
Custom/SobelEdgeDetection,Body,Depth,color,_InnerLineColor,0|0|0|1
Custom/SobelEdgeDetection,Body,Depth,float,_InnerLineThreshold,0.2
Custom/SobelEdgeDetection,Body,Depth,float,_InnerLineBlur,0.5
Custom/SobelEdgeDetection,Body,Depth,float,_InnerLineStrength,1
Custom/SobelEdgeDetection,Body,Depth,float,_EnableRim,1
Custom/SobelEdgeDetection,Body,Depth,color,_RimColor,0.408|0.408|0.408|1
Custom/SobelEdgeDetection,Body,Depth,float,_RimPower,4
Custom/SobelEdgeDetection,Body,Depth,color,_AmbientColor,0.35|0.35|0.35|1
Custom/SobelEdgeDetection,Body,Depth,float,_EnableAlphaTest,0
Custom/SobelEdgeDetection,Body,Depth,float,_AlphaCutoff,0.1
Custom/SobelEdgeDetection,Look,Depth,float,_UseDebugDefaults,0
Custom/SobelEdgeDetection,Look,Depth,float,_DebugView,0
Custom/SobelEdgeDetection,Look,Depth,color,_Color,1|1|1|1
Custom/SobelEdgeDetection,Look,Depth,float,_TextureIntensity,1
Custom/SobelEdgeDetection,Look,Depth,float,_BumpScale,1
Custom/SobelEdgeDetection,Look,Depth,float,_LightSensitivity,0.8
Custom/SobelEdgeDetection,Look,Depth,float,_RampSmoothing,0.05
Custom/SobelEdgeDetection,Look,Depth,color,_ShadowColor,0.3|0.3|0.45|1
Custom/SobelEdgeDetection,Look,Depth,float,_ShadowStrength,0.5
Custom/SobelEdgeDetection,Look,Depth,float,_DetailMode,0
Custom/SobelEdgeDetection,Look,Depth,float,_DetailBias,0
Custom/SobelEdgeDetection,Look,Depth,float,_DepthNear,5
Custom/SobelEdgeDetection,Look,Depth,float,_DepthFar,50
Custom/SobelEdgeDetection,Look,Depth,float,_ManualDetail,0.5
Custom/SobelEdgeDetection,Look,Depth,float,_EnableOuterOutline,1
Custom/SobelEdgeDetection,Look,Depth,float,_OuterOutlineWidth,0.005
Custom/SobelEdgeDetection,Look,Depth,color,_OuterOutlineColor,0|0|0|1
Custom/SobelEdgeDetection,Look,Depth,float,_UseOutlineDepthOffset,0
Custom/SobelEdgeDetection,Look,Depth,float,_OutlineDepthBias,1
Custom/SobelEdgeDetection,Look,Depth,float,_EnableInnerLines,1
Custom/SobelEdgeDetection,Look,Depth,color,_InnerLineColor,0|0|0|1
Custom/SobelEdgeDetection,Look,Depth,float,_InnerLineThreshold,0.2
Custom/SobelEdgeDetection,Look,Depth,float,_InnerLineBlur,0.5
Custom/SobelEdgeDetection,Look,Depth,float,_InnerLineStrength,1
Custom/SobelEdgeDetection,Look,Depth,float,_EnableRim,1
Custom/SobelEdgeDetection,Look,Depth,color,_RimColor,0.408|0.408|0.408|1
Custom/SobelEdgeDetection,Look,Depth,float,_RimPower,4
Custom/SobelEdgeDetection,Look,Depth,color,_AmbientColor,0.35|0.35|0.35|1
Custom/SobelEdgeDetection,Look,Depth,float,_EnableAlphaTest,0
Custom/SobelEdgeDetection,Look,Depth,float,_AlphaCutoff,0.1
Custom/SobelEdgeDetection,Shoe,Depth,float,_UseDebugDefaults,0
Custom/SobelEdgeDetection,Shoe,Depth,float,_DebugView,0
Custom/SobelEdgeDetection,Shoe,Depth,color,_Color,1|1|1|1
Custom/SobelEdgeDetection,Shoe,Depth,float,_TextureIntensity,1
Custom/SobelEdgeDetection,Shoe,Depth,float,_BumpScale,1
Custom/SobelEdgeDetection,Shoe,Depth,float,_LightSensitivity,0.8
Custom/SobelEdgeDetection,Shoe,Depth,float,_RampSmoothing,0.05
Custom/SobelEdgeDetection,Shoe,Depth,color,_ShadowColor,0.3|0.3|0.45|1
Custom/SobelEdgeDetection,Shoe,Depth,float,_ShadowStrength,0.5
Custom/SobelEdgeDetection,Shoe,Depth,float,_DetailMode,0
Custom/SobelEdgeDetection,Shoe,Depth,float,_DetailBias,0
Custom/SobelEdgeDetection,Shoe,Depth,float,_DepthNear,5
Custom/SobelEdgeDetection,Shoe,Depth,float,_DepthFar,50
Custom/SobelEdgeDetection,Shoe,Depth,float,_ManualDetail,0.5
Custom/SobelEdgeDetection,Shoe,Depth,float,_EnableOuterOutline,1
Custom/SobelEdgeDetection,Shoe,Depth,float,_OuterOutlineWidth,0.005
Custom/SobelEdgeDetection,Shoe,Depth,color,_OuterOutlineColor,0|0|0|1
Custom/SobelEdgeDetection,Shoe,Depth,float,_UseOutlineDepthOffset,0
Custom/SobelEdgeDetection,Shoe,Depth,float,_OutlineDepthBias,1
Custom/SobelEdgeDetection,Shoe,Depth,float,_EnableInnerLines,1
Custom/SobelEdgeDetection,Shoe,Depth,color,_InnerLineColor,0|0|0|1
Custom/SobelEdgeDetection,Shoe,Depth,float,_InnerLineThreshold,0.2
Custom/SobelEdgeDetection,Shoe,Depth,float,_InnerLineBlur,0.5
Custom/SobelEdgeDetection,Shoe,Depth,float,_InnerLineStrength,1
Custom/SobelEdgeDetection,Shoe,Depth,float,_EnableRim,1
Custom/SobelEdgeDetection,Shoe,Depth,color,_RimColor,0.408|0.408|0.408|1
Custom/SobelEdgeDetection,Shoe,Depth,float,_RimPower,4
Custom/SobelEdgeDetection,Shoe,Depth,color,_AmbientColor,0.35|0.35|0.35|1
Custom/SobelEdgeDetection,Shoe,Depth,float,_EnableAlphaTest,0
Custom/SobelEdgeDetection,Shoe,Depth,float,_AlphaCutoff,0.1
Custom/SobelEdgeDetection,Look,Curvature,float,_UseDebugDefaults,0
Custom/SobelEdgeDetection,Look,Curvature,float,_DebugView,0
Custom/SobelEdgeDetection,Look,Curvature,color,_Color,1|1|1|1
Custom/SobelEdgeDetection,Look,Curvature,float,_TextureIntensity,1
Custom/SobelEdgeDetection,Look,Curvature,float,_BumpScale,1
Custom/SobelEdgeDetection,Look,Curvature,float,_LightSensitivity,0.8
Custom/SobelEdgeDetection,Look,Curvature,float,_RampSmoothing,0.05
Custom/SobelEdgeDetection,Look,Curvature,color,_ShadowColor,0.3|0.3|0.45|1
Custom/SobelEdgeDetection,Look,Curvature,float,_ShadowStrength,0.5
Custom/SobelEdgeDetection,Look,Curvature,float,_DetailMode,0
Custom/SobelEdgeDetection,Look,Curvature,float,_DetailBias,0
Custom/SobelEdgeDetection,Look,Curvature,float,_DepthNear,5
Custom/SobelEdgeDetection,Look,Curvature,float,_DepthFar,50
Custom/SobelEdgeDetection,Look,Curvature,float,_ManualDetail,0.5
Custom/SobelEdgeDetection,Look,Curvature,float,_EnableOuterOutline,1
Custom/SobelEdgeDetection,Look,Curvature,float,_OuterOutlineWidth,0.005
Custom/SobelEdgeDetection,Look,Curvature,color,_OuterOutlineColor,0|0|0|1
Custom/SobelEdgeDetection,Look,Curvature,float,_UseOutlineDepthOffset,0
Custom/SobelEdgeDetection,Look,Curvature,float,_OutlineDepthBias,1
Custom/SobelEdgeDetection,Look,Curvature,float,_EnableInnerLines,1
Custom/SobelEdgeDetection,Look,Curvature,color,_InnerLineColor,0|0|0|1
Custom/SobelEdgeDetection,Look,Curvature,float,_InnerLineThreshold,0.05
Custom/SobelEdgeDetection,Look,Curvature,float,_InnerLineBlur,0.5
Custom/SobelEdgeDetection,Look,Curvature,float,_InnerLineStrength,1
Custom/SobelEdgeDetection,Look,Curvature,float,_EnableRim,1
Custom/SobelEdgeDetection,Look,Curvature,color,_RimColor,0.408|0.408|0.408|1
Custom/SobelEdgeDetection,Look,Curvature,float,_RimPower,4
Custom/SobelEdgeDetection,Look,Curvature,color,_AmbientColor,0.35|0.35|0.35|1
Custom/SobelEdgeDetection,Look,Curvature,float,_EnableAlphaTest,0
Custom/SobelEdgeDetection,Look,Curvature,float,_AlphaCutoff,0.1
Custom/SobelEdgeDetection,Eyelash,Curvature,float,_UseDebugDefaults,0
Custom/SobelEdgeDetection,Eyelash,Curvature,float,_DebugView,0
Custom/SobelEdgeDetection,Eyelash,Curvature,color,_Color,1|1|1|1
Custom/SobelEdgeDetection,Eyelash,Curvature,float,_TextureIntensity,1
Custom/SobelEdgeDetection,Eyelash,Curvature,float,_BumpScale,1
Custom/SobelEdgeDetection,Eyelash,Curvature,float,_LightSensitivity,0.8
Custom/SobelEdgeDetection,Eyelash,Curvature,float,_RampSmoothing,0.05
Custom/SobelEdgeDetection,Eyelash,Curvature,color,_ShadowColor,0.3|0.3|0.45|1
Custom/SobelEdgeDetection,Eyelash,Curvature,float,_ShadowStrength,0.5
Custom/SobelEdgeDetection,Eyelash,Curvature,float,_DetailMode,0
Custom/SobelEdgeDetection,Eyelash,Curvature,float,_DetailBias,0
Custom/SobelEdgeDetection,Eyelash,Curvature,float,_DepthNear,5
Custom/SobelEdgeDetection,Eyelash,Curvature,float,_DepthFar,50
Custom/SobelEdgeDetection,Eyelash,Curvature,float,_ManualDetail,0.5
Custom/SobelEdgeDetection,Eyelash,Curvature,float,_EnableOuterOutline,1
Custom/SobelEdgeDetection,Eyelash,Curvature,float,_OuterOutlineWidth,0.005
Custom/SobelEdgeDetection,Eyelash,Curvature,color,_OuterOutlineColor,0|0|0|1
Custom/SobelEdgeDetection,Eyelash,Curvature,float,_UseOutlineDepthOffset,0
Custom/SobelEdgeDetection,Eyelash,Curvature,float,_OutlineDepthBias,1
Custom/SobelEdgeDetection,Eyelash,Curvature,float,_EnableInnerLines,1
Custom/SobelEdgeDetection,Eyelash,Curvature,color,_InnerLineColor,0|0|0|1
Custom/SobelEdgeDetection,Eyelash,Curvature,float,_InnerLineThreshold,0.15
Custom/SobelEdgeDetection,Eyelash,Curvature,float,_InnerLineBlur,0.5
Custom/SobelEdgeDetection,Eyelash,Curvature,float,_InnerLineStrength,1
Custom/SobelEdgeDetection,Eyelash,Curvature,float,_EnableRim,1
Custom/SobelEdgeDetection,Eyelash,Curvature,color,_RimColor,0.408|0.408|0.408|1
Custom/SobelEdgeDetection,Eyelash,Curvature,float,_RimPower,4
Custom/SobelEdgeDetection,Eyelash,Curvature,color,_AmbientColor,0.35|0.35|0.35|1
Custom/SobelEdgeDetection,Eyelash,Curvature,float,_EnableAlphaTest,1
Custom/SobelEdgeDetection,Eyelash,Curvature,float,_AlphaCutoff,0.1
Custom/SobelEdgeDetection,Head,Curvature,float,_UseDebugDefaults,0
Custom/SobelEdgeDetection,Head,Curvature,float,_DebugView,0
Custom/SobelEdgeDetection,Head,Curvature,color,_Color,1|1|1|1
Custom/SobelEdgeDetection,Head,Curvature,float,_TextureIntensity,1
Custom/SobelEdgeDetection,Head,Curvature,float,_BumpScale,1
Custom/SobelEdgeDetection,Head,Curvature,float,_LightSensitivity,0.8
Custom/SobelEdgeDetection,Head,Curvature,float,_RampSmoothing,0.05
Custom/SobelEdgeDetection,Head,Curvature,color,_ShadowColor,0.3|0.3|0.45|1
Custom/SobelEdgeDetection,Head,Curvature,float,_ShadowStrength,0.5
Custom/SobelEdgeDetection,Head,Curvature,float,_DetailMode,0
Custom/SobelEdgeDetection,Head,Curvature,float,_DetailBias,0
Custom/SobelEdgeDetection,Head,Curvature,float,_DepthNear,5
Custom/SobelEdgeDetection,Head,Curvature,float,_DepthFar,50
Custom/SobelEdgeDetection,Head,Curvature,float,_ManualDetail,0.5
Custom/SobelEdgeDetection,Head,Curvature,float,_EnableOuterOutline,1
Custom/SobelEdgeDetection,Head,Curvature,float,_OuterOutlineWidth,0.005
Custom/SobelEdgeDetection,Head,Curvature,color,_OuterOutlineColor,0|0|0|1
Custom/SobelEdgeDetection,Head,Curvature,float,_UseOutlineDepthOffset,0
Custom/SobelEdgeDetection,Head,Curvature,float,_OutlineDepthBias,1
Custom/SobelEdgeDetection,Head,Curvature,float,_EnableInnerLines,1
Custom/SobelEdgeDetection,Head,Curvature,color,_InnerLineColor,0|0|0|1
Custom/SobelEdgeDetection,Head,Curvature,float,_InnerLineThreshold,0.15
Custom/SobelEdgeDetection,Head,Curvature,float,_InnerLineBlur,0.5
Custom/SobelEdgeDetection,Head,Curvature,float,_InnerLineStrength,1
Custom/SobelEdgeDetection,Head,Curvature,float,_EnableRim,1
Custom/SobelEdgeDetection,Head,Curvature,color,_RimColor,0.408|0.408|0.408|1
Custom/SobelEdgeDetection,Head,Curvature,float,_RimPower,4
Custom/SobelEdgeDetection,Head,Curvature,color,_AmbientColor,0.35|0.35|0.35|1
Custom/SobelEdgeDetection,Head,Curvature,float,_EnableAlphaTest,0
Custom/SobelEdgeDetection,Head,Curvature,float,_AlphaCutoff,0.1
Custom/SobelEdgeDetection,Hair,Curvature,float,_UseDebugDefaults,0
Custom/SobelEdgeDetection,Hair,Curvature,float,_DebugView,0
Custom/SobelEdgeDetection,Hair,Curvature,color,_Color,1|1|1|1
Custom/SobelEdgeDetection,Hair,Curvature,float,_TextureIntensity,1
Custom/SobelEdgeDetection,Hair,Curvature,float,_BumpScale,1
Custom/SobelEdgeDetection,Hair,Curvature,float,_LightSensitivity,0.8
Custom/SobelEdgeDetection,Hair,Curvature,float,_RampSmoothing,0.05
Custom/SobelEdgeDetection,Hair,Curvature,color,_ShadowColor,0.3|0.3|0.45|1
Custom/SobelEdgeDetection,Hair,Curvature,float,_ShadowStrength,0.5
Custom/SobelEdgeDetection,Hair,Curvature,float,_DetailMode,0
Custom/SobelEdgeDetection,Hair,Curvature,float,_DetailBias,0
Custom/SobelEdgeDetection,Hair,Curvature,float,_DepthNear,5
Custom/SobelEdgeDetection,Hair,Curvature,float,_DepthFar,50
Custom/SobelEdgeDetection,Hair,Curvature,float,_ManualDetail,0.5
Custom/SobelEdgeDetection,Hair,Curvature,float,_EnableOuterOutline,1
Custom/SobelEdgeDetection,Hair,Curvature,float,_OuterOutlineWidth,0.005
Custom/SobelEdgeDetection,Hair,Curvature,color,_OuterOutlineColor,0|0|0|1
Custom/SobelEdgeDetection,Hair,Curvature,float,_UseOutlineDepthOffset,0
Custom/SobelEdgeDetection,Hair,Curvature,float,_OutlineDepthBias,1
Custom/SobelEdgeDetection,Hair,Curvature,float,_EnableInnerLines,1
Custom/SobelEdgeDetection,Hair,Curvature,color,_InnerLineColor,0|0|0|1
Custom/SobelEdgeDetection,Hair,Curvature,float,_InnerLineThreshold,0.15
Custom/SobelEdgeDetection,Hair,Curvature,float,_InnerLineBlur,0.5
Custom/SobelEdgeDetection,Hair,Curvature,float,_InnerLineStrength,1
Custom/SobelEdgeDetection,Hair,Curvature,float,_EnableRim,1
Custom/SobelEdgeDetection,Hair,Curvature,color,_RimColor,0.408|0.408|0.408|1
Custom/SobelEdgeDetection,Hair,Curvature,float,_RimPower,4
Custom/SobelEdgeDetection,Hair,Curvature,color,_AmbientColor,0.35|0.35|0.35|1
Custom/SobelEdgeDetection,Hair,Curvature,float,_EnableAlphaTest,1
Custom/SobelEdgeDetection,Hair,Curvature,float,_AlphaCutoff,0.1
Custom/GaussianPrefilteredSobel,Body,Curvature,float,_UseDebugDefaults,0
Custom/GaussianPrefilteredSobel,Body,Curvature,float,_DebugView,0
Custom/GaussianPrefilteredSobel,Body,Curvature,color,_Color,1|1|1|1
Custom/GaussianPrefilteredSobel,Body,Curvature,float,_TextureIntensity,1
Custom/GaussianPrefilteredSobel,Body,Curvature,float,_BumpScale,1
Custom/GaussianPrefilteredSobel,Body,Curvature,float,_LightSensitivity,0.8
Custom/GaussianPrefilteredSobel,Body,Curvature,float,_RampSmoothing,0.05
Custom/GaussianPrefilteredSobel,Body,Curvature,color,_ShadowColor,0.3|0.3|0.45|1
Custom/GaussianPrefilteredSobel,Body,Curvature,float,_ShadowStrength,0.5
Custom/GaussianPrefilteredSobel,Body,Curvature,float,_DetailMode,0
Custom/GaussianPrefilteredSobel,Body,Curvature,float,_DetailBias,0
Custom/GaussianPrefilteredSobel,Body,Curvature,float,_DepthNear,5
Custom/GaussianPrefilteredSobel,Body,Curvature,float,_DepthFar,50
Custom/GaussianPrefilteredSobel,Body,Curvature,float,_ManualDetail,0.5
Custom/GaussianPrefilteredSobel,Body,Curvature,float,_EnableOuterOutline,1
Custom/GaussianPrefilteredSobel,Body,Curvature,float,_OuterOutlineWidth,0.005
Custom/GaussianPrefilteredSobel,Body,Curvature,color,_OuterOutlineColor,0|0|0|1
Custom/GaussianPrefilteredSobel,Body,Curvature,float,_UseOutlineDepthOffset,0
Custom/GaussianPrefilteredSobel,Body,Curvature,float,_OutlineDepthBias,1
Custom/GaussianPrefilteredSobel,Body,Curvature,float,_EnableTextureSobel,1
Custom/GaussianPrefilteredSobel,Body,Curvature,float,_EnableNormalEdges,0
Custom/GaussianPrefilteredSobel,Body,Curvature,float,_EnableFresnelEdge,0
Custom/GaussianPrefilteredSobel,Body,Curvature,float,_UseLightFiltering,0
Custom/GaussianPrefilteredSobel,Body,Curvature,float,_UseModerateFiltering,0
Custom/GaussianPrefilteredSobel,Body,Curvature,float,_UseAggressiveFiltering,1
Custom/GaussianPrefilteredSobel,Body,Curvature,color,_InnerLineColor,0|0|0|1
Custom/GaussianPrefilteredSobel,Body,Curvature,float,_InnerLineThreshold,0.15
Custom/GaussianPrefilteredSobel,Body,Curvature,float,_InnerLineBlur,0.5
Custom/GaussianPrefilteredSobel,Body,Curvature,float,_InnerLineStrength,1
Custom/GaussianPrefilteredSobel,Body,Curvature,float,_EnableGaussianBlur,1
Custom/GaussianPrefilteredSobel,Body,Curvature,float,_BlurRadiusMultiplier,10
Custom/GaussianPrefilteredSobel,Body,Curvature,float,_GaussianCenterWeight,0.443
Custom/GaussianPrefilteredSobel,Body,Curvature,float,_GaussianCardinalWeight,0.317
Custom/GaussianPrefilteredSobel,Body,Curvature,float,_GaussianDiagonalWeight,0.183
Custom/GaussianPrefilteredSobel,Body,Curvature,float,_EnableThreshold,1
Custom/GaussianPrefilteredSobel,Body,Curvature,float,_ThresholdMinMultiplier,0
Custom/GaussianPrefilteredSobel,Body,Curvature,float,_ThresholdMaxMultiplier,1.97
Custom/GaussianPrefilteredSobel,Body,Curvature,float,_EnablePass1,1
Custom/GaussianPrefilteredSobel,Body,Curvature,float,_EnablePass2,1
Custom/GaussianPrefilteredSobel,Body,Curvature,float,_EnablePass3,1
Custom/GaussianPrefilteredSobel,Body,Curvature,float,_EnablePass4,1
Custom/GaussianPrefilteredSobel,Body,Curvature,float,_SmoothstepTightness,0.5
Custom/GaussianPrefilteredSobel,Body,Curvature,float,_EnablePowerCurve,0
Custom/GaussianPrefilteredSobel,Body,Curvature,float,_PowerCurve,0.5
Custom/GaussianPrefilteredSobel,Body,Curvature,float,_NormalEdgeThreshold,0
Custom/GaussianPrefilteredSobel,Body,Curvature,float,_NormalEdgeStrength,0
Custom/GaussianPrefilteredSobel,Body,Curvature,float,_NormalEdgeSmoothness,0.01
Custom/GaussianPrefilteredSobel,Body,Curvature,float,_FresnelEdgeThreshold,0.3
Custom/GaussianPrefilteredSobel,Body,Curvature,float,_FresnelEdgeStrength,0
Custom/GaussianPrefilteredSobel,Body,Curvature,color,_EdgeColor,0|0|0|1
Custom/GaussianPrefilteredSobel,Body,Curvature,float,_EdgeBlendMode,0
Custom/GaussianPrefilteredSobel,Body,Curvature,float,_EnableRim,1
Custom/GaussianPrefilteredSobel,Body,Curvature,color,_RimColor,0.408|0.408|0.408|1
Custom/GaussianPrefilteredSobel,Body,Curvature,float,_RimPower,4
Custom/GaussianPrefilteredSobel,Body,Curvature,color,_AmbientColor,0.35|0.35|0.35|1
Custom/GaussianPrefilteredSobel,Body,Curvature,float,_EnableAlphaTest,0
Custom/GaussianPrefilteredSobel,Body,Curvature,float,_AlphaCutoff,0.1
Custom/GaussianPrefilteredSobel,Eyelash,Curvature,float,_UseDebugDefaults,0
Custom/GaussianPrefilteredSobel,Eyelash,Curvature,float,_DebugView,0
Custom/GaussianPrefilteredSobel,Eyelash,Curvature,color,_Color,1|1|1|1
Custom/GaussianPrefilteredSobel,Eyelash,Curvature,float,_TextureIntensity,1
Custom/GaussianPrefilteredSobel,Eyelash,Curvature,float,_BumpScale,1
Custom/GaussianPrefilteredSobel,Eyelash,Curvature,float,_LightSensitivity,0.8
Custom/GaussianPrefilteredSobel,Eyelash,Curvature,float,_RampSmoothing,0.05
Custom/GaussianPrefilteredSobel,Eyelash,Curvature,color,_ShadowColor,0.3|0.3|0.45|1
Custom/GaussianPrefilteredSobel,Eyelash,Curvature,float,_ShadowStrength,0.5
Custom/GaussianPrefilteredSobel,Eyelash,Curvature,float,_DetailMode,0
Custom/GaussianPrefilteredSobel,Eyelash,Curvature,float,_DetailBias,0
Custom/GaussianPrefilteredSobel,Eyelash,Curvature,float,_DepthNear,5
Custom/GaussianPrefilteredSobel,Eyelash,Curvature,float,_DepthFar,50
Custom/GaussianPrefilteredSobel,Eyelash,Curvature,float,_ManualDetail,0.5
Custom/GaussianPrefilteredSobel,Eyelash,Curvature,float,_EnableOuterOutline,1
Custom/GaussianPrefilteredSobel,Eyelash,Curvature,float,_OuterOutlineWidth,0.005
Custom/GaussianPrefilteredSobel,Eyelash,Curvature,color,_OuterOutlineColor,0|0|0|1
Custom/GaussianPrefilteredSobel,Eyelash,Curvature,float,_UseOutlineDepthOffset,0
Custom/GaussianPrefilteredSobel,Eyelash,Curvature,float,_OutlineDepthBias,1
Custom/GaussianPrefilteredSobel,Eyelash,Curvature,float,_EnableTextureSobel,1
Custom/GaussianPrefilteredSobel,Eyelash,Curvature,float,_EnableNormalEdges,0
Custom/GaussianPrefilteredSobel,Eyelash,Curvature,float,_EnableFresnelEdge,0
Custom/GaussianPrefilteredSobel,Eyelash,Curvature,float,_UseLightFiltering,0
Custom/GaussianPrefilteredSobel,Eyelash,Curvature,float,_UseModerateFiltering,0
Custom/GaussianPrefilteredSobel,Eyelash,Curvature,float,_UseAggressiveFiltering,1
Custom/GaussianPrefilteredSobel,Eyelash,Curvature,color,_InnerLineColor,0|0|0|1
Custom/GaussianPrefilteredSobel,Eyelash,Curvature,float,_InnerLineThreshold,0.15
Custom/GaussianPrefilteredSobel,Eyelash,Curvature,float,_InnerLineBlur,0.5
Custom/GaussianPrefilteredSobel,Eyelash,Curvature,float,_InnerLineStrength,1
Custom/GaussianPrefilteredSobel,Eyelash,Curvature,float,_EnableGaussianBlur,1
Custom/GaussianPrefilteredSobel,Eyelash,Curvature,float,_BlurRadiusMultiplier,10
Custom/GaussianPrefilteredSobel,Eyelash,Curvature,float,_GaussianCenterWeight,0.5
Custom/GaussianPrefilteredSobel,Eyelash,Curvature,float,_GaussianCardinalWeight,0.5
Custom/GaussianPrefilteredSobel,Eyelash,Curvature,float,_GaussianDiagonalWeight,0.25
Custom/GaussianPrefilteredSobel,Eyelash,Curvature,float,_EnableThreshold,1
Custom/GaussianPrefilteredSobel,Eyelash,Curvature,float,_ThresholdMinMultiplier,0
Custom/GaussianPrefilteredSobel,Eyelash,Curvature,float,_ThresholdMaxMultiplier,1.9
Custom/GaussianPrefilteredSobel,Eyelash,Curvature,float,_EnablePass1,1
Custom/GaussianPrefilteredSobel,Eyelash,Curvature,float,_EnablePass2,1
Custom/GaussianPrefilteredSobel,Eyelash,Curvature,float,_EnablePass3,1
Custom/GaussianPrefilteredSobel,Eyelash,Curvature,float,_EnablePass4,1
Custom/GaussianPrefilteredSobel,Eyelash,Curvature,float,_SmoothstepTightness,0.5
Custom/GaussianPrefilteredSobel,Eyelash,Curvature,float,_EnablePowerCurve,0
Custom/GaussianPrefilteredSobel,Eyelash,Curvature,float,_PowerCurve,0.5
Custom/GaussianPrefilteredSobel,Eyelash,Curvature,float,_NormalEdgeThreshold,0
Custom/GaussianPrefilteredSobel,Eyelash,Curvature,float,_NormalEdgeStrength,0
Custom/GaussianPrefilteredSobel,Eyelash,Curvature,float,_NormalEdgeSmoothness,0.01
Custom/GaussianPrefilteredSobel,Eyelash,Curvature,float,_FresnelEdgeThreshold,0.3
Custom/GaussianPrefilteredSobel,Eyelash,Curvature,float,_FresnelEdgeStrength,0
Custom/GaussianPrefilteredSobel,Eyelash,Curvature,color,_EdgeColor,0|0|0|1
Custom/GaussianPrefilteredSobel,Eyelash,Curvature,float,_EdgeBlendMode,0
Custom/GaussianPrefilteredSobel,Eyelash,Curvature,float,_EnableRim,1
Custom/GaussianPrefilteredSobel,Eyelash,Curvature,color,_RimColor,0.408|0.408|0.408|1
Custom/GaussianPrefilteredSobel,Eyelash,Curvature,float,_RimPower,4
Custom/GaussianPrefilteredSobel,Eyelash,Curvature,color,_AmbientColor,0.35|0.35|0.35|1
Custom/GaussianPrefilteredSobel,Eyelash,Curvature,float,_EnableAlphaTest,1
Custom/GaussianPrefilteredSobel,Eyelash,Curvature,float,_AlphaCutoff,0.1
Custom/GaussianPrefilteredSobel,Hair,Curvature,float,_UseDebugDefaults,1
Custom/GaussianPrefilteredSobel,Hair,Curvature,float,_DebugView,0
Custom/GaussianPrefilteredSobel,Hair,Curvature,color,_Color,1|1|1|1
Custom/GaussianPrefilteredSobel,Hair,Curvature,float,_TextureIntensity,1
Custom/GaussianPrefilteredSobel,Hair,Curvature,float,_BumpScale,1
Custom/GaussianPrefilteredSobel,Hair,Curvature,float,_LightSensitivity,0.8
Custom/GaussianPrefilteredSobel,Hair,Curvature,float,_RampSmoothing,0.05
Custom/GaussianPrefilteredSobel,Hair,Curvature,color,_ShadowColor,0.3|0.3|0.45|1
Custom/GaussianPrefilteredSobel,Hair,Curvature,float,_ShadowStrength,0.5
Custom/GaussianPrefilteredSobel,Hair,Curvature,float,_DetailMode,0
Custom/GaussianPrefilteredSobel,Hair,Curvature,float,_DetailBias,0
Custom/GaussianPrefilteredSobel,Hair,Curvature,float,_DepthNear,5
Custom/GaussianPrefilteredSobel,Hair,Curvature,float,_DepthFar,50
Custom/GaussianPrefilteredSobel,Hair,Curvature,float,_ManualDetail,0.5
Custom/GaussianPrefilteredSobel,Hair,Curvature,float,_EnableOuterOutline,1
Custom/GaussianPrefilteredSobel,Hair,Curvature,float,_OuterOutlineWidth,0.005
Custom/GaussianPrefilteredSobel,Hair,Curvature,color,_OuterOutlineColor,0|0|0|1
Custom/GaussianPrefilteredSobel,Hair,Curvature,float,_UseOutlineDepthOffset,1
Custom/GaussianPrefilteredSobel,Hair,Curvature,float,_OutlineDepthBias,1
Custom/GaussianPrefilteredSobel,Hair,Curvature,float,_EnableTextureSobel,1
Custom/GaussianPrefilteredSobel,Hair,Curvature,float,_EnableNormalEdges,0
Custom/GaussianPrefilteredSobel,Hair,Curvature,float,_EnableFresnelEdge,0
Custom/GaussianPrefilteredSobel,Hair,Curvature,float,_UseLightFiltering,0
Custom/GaussianPrefilteredSobel,Hair,Curvature,float,_UseModerateFiltering,0
Custom/GaussianPrefilteredSobel,Hair,Curvature,float,_UseAggressiveFiltering,1
Custom/GaussianPrefilteredSobel,Hair,Curvature,color,_InnerLineColor,0|0|0|1
Custom/GaussianPrefilteredSobel,Hair,Curvature,float,_InnerLineThreshold,0.15
Custom/GaussianPrefilteredSobel,Hair,Curvature,float,_InnerLineBlur,0.5
Custom/GaussianPrefilteredSobel,Hair,Curvature,float,_InnerLineStrength,1
Custom/GaussianPrefilteredSobel,Hair,Curvature,float,_EnableGaussianBlur,1
Custom/GaussianPrefilteredSobel,Hair,Curvature,float,_BlurRadiusMultiplier,10
Custom/GaussianPrefilteredSobel,Hair,Curvature,float,_GaussianCenterWeight,0.5
Custom/GaussianPrefilteredSobel,Hair,Curvature,float,_GaussianCardinalWeight,0.5
Custom/GaussianPrefilteredSobel,Hair,Curvature,float,_GaussianDiagonalWeight,0.25
Custom/GaussianPrefilteredSobel,Hair,Curvature,float,_EnableThreshold,1
Custom/GaussianPrefilteredSobel,Hair,Curvature,float,_ThresholdMinMultiplier,0.2
Custom/GaussianPrefilteredSobel,Hair,Curvature,float,_ThresholdMaxMultiplier,2
Custom/GaussianPrefilteredSobel,Hair,Curvature,float,_EnablePass1,1
Custom/GaussianPrefilteredSobel,Hair,Curvature,float,_EnablePass2,1
Custom/GaussianPrefilteredSobel,Hair,Curvature,float,_EnablePass3,1
Custom/GaussianPrefilteredSobel,Hair,Curvature,float,_EnablePass4,1
Custom/GaussianPrefilteredSobel,Hair,Curvature,float,_SmoothstepTightness,0.2
Custom/GaussianPrefilteredSobel,Hair,Curvature,float,_EnablePowerCurve,0
Custom/GaussianPrefilteredSobel,Hair,Curvature,float,_PowerCurve,1.5
Custom/GaussianPrefilteredSobel,Hair,Curvature,float,_NormalEdgeThreshold,0.281
Custom/GaussianPrefilteredSobel,Hair,Curvature,float,_NormalEdgeStrength,1
Custom/GaussianPrefilteredSobel,Hair,Curvature,float,_NormalEdgeSmoothness,0.113
Custom/GaussianPrefilteredSobel,Hair,Curvature,float,_FresnelEdgeThreshold,0.3
Custom/GaussianPrefilteredSobel,Hair,Curvature,float,_FresnelEdgeStrength,0.3
Custom/GaussianPrefilteredSobel,Hair,Curvature,color,_EdgeColor,0|0|0|1
Custom/GaussianPrefilteredSobel,Hair,Curvature,float,_EdgeBlendMode,0
Custom/GaussianPrefilteredSobel,Hair,Curvature,float,_EnableRim,1
Custom/GaussianPrefilteredSobel,Hair,Curvature,color,_RimColor,0.408|0.408|0.408|1
Custom/GaussianPrefilteredSobel,Hair,Curvature,float,_RimPower,4
Custom/GaussianPrefilteredSobel,Hair,Curvature,color,_AmbientColor,0.9057|0.8928|0.8928|1
Custom/GaussianPrefilteredSobel,Hair,Curvature,float,_EnableAlphaTest,1
Custom/GaussianPrefilteredSobel,Hair,Curvature,float,_AlphaCutoff,0.1
Custom/GaussianPrefilteredSobel,Shoe,Curvature,float,_UseDebugDefaults,0
Custom/GaussianPrefilteredSobel,Shoe,Curvature,float,_DebugView,0
Custom/GaussianPrefilteredSobel,Shoe,Curvature,color,_Color,1|1|1|1
Custom/GaussianPrefilteredSobel,Shoe,Curvature,float,_TextureIntensity,1
Custom/GaussianPrefilteredSobel,Shoe,Curvature,float,_BumpScale,1
Custom/GaussianPrefilteredSobel,Shoe,Curvature,float,_LightSensitivity,0.8
Custom/GaussianPrefilteredSobel,Shoe,Curvature,float,_RampSmoothing,0.05
Custom/GaussianPrefilteredSobel,Shoe,Curvature,color,_ShadowColor,0.3|0.3|0.45|1
Custom/GaussianPrefilteredSobel,Shoe,Curvature,float,_ShadowStrength,0.5
Custom/GaussianPrefilteredSobel,Shoe,Curvature,float,_DetailMode,0
Custom/GaussianPrefilteredSobel,Shoe,Curvature,float,_DetailBias,0
Custom/GaussianPrefilteredSobel,Shoe,Curvature,float,_DepthNear,5
Custom/GaussianPrefilteredSobel,Shoe,Curvature,float,_DepthFar,50
Custom/GaussianPrefilteredSobel,Shoe,Curvature,float,_ManualDetail,0.5
Custom/GaussianPrefilteredSobel,Shoe,Curvature,float,_EnableOuterOutline,1
Custom/GaussianPrefilteredSobel,Shoe,Curvature,float,_OuterOutlineWidth,0.005
Custom/GaussianPrefilteredSobel,Shoe,Curvature,color,_OuterOutlineColor,0|0|0|1
Custom/GaussianPrefilteredSobel,Shoe,Curvature,float,_UseOutlineDepthOffset,0
Custom/GaussianPrefilteredSobel,Shoe,Curvature,float,_OutlineDepthBias,1
Custom/GaussianPrefilteredSobel,Shoe,Curvature,float,_EnableTextureSobel,1
Custom/GaussianPrefilteredSobel,Shoe,Curvature,float,_EnableNormalEdges,0
Custom/GaussianPrefilteredSobel,Shoe,Curvature,float,_EnableFresnelEdge,0
Custom/GaussianPrefilteredSobel,Shoe,Curvature,float,_UseLightFiltering,0
Custom/GaussianPrefilteredSobel,Shoe,Curvature,float,_UseModerateFiltering,0
Custom/GaussianPrefilteredSobel,Shoe,Curvature,float,_UseAggressiveFiltering,1
Custom/GaussianPrefilteredSobel,Shoe,Curvature,color,_InnerLineColor,0|0|0|1
Custom/GaussianPrefilteredSobel,Shoe,Curvature,float,_InnerLineThreshold,0.05
Custom/GaussianPrefilteredSobel,Shoe,Curvature,float,_InnerLineBlur,0.5
Custom/GaussianPrefilteredSobel,Shoe,Curvature,float,_InnerLineStrength,1
Custom/GaussianPrefilteredSobel,Shoe,Curvature,float,_EnableGaussianBlur,1
Custom/GaussianPrefilteredSobel,Shoe,Curvature,float,_BlurRadiusMultiplier,10
Custom/GaussianPrefilteredSobel,Shoe,Curvature,float,_GaussianCenterWeight,0.5
Custom/GaussianPrefilteredSobel,Shoe,Curvature,float,_GaussianCardinalWeight,0.5
Custom/GaussianPrefilteredSobel,Shoe,Curvature,float,_GaussianDiagonalWeight,0.25
Custom/GaussianPrefilteredSobel,Shoe,Curvature,float,_EnableThreshold,1
Custom/GaussianPrefilteredSobel,Shoe,Curvature,float,_ThresholdMinMultiplier,0
Custom/GaussianPrefilteredSobel,Shoe,Curvature,float,_ThresholdMaxMultiplier,1.9
Custom/GaussianPrefilteredSobel,Shoe,Curvature,float,_EnablePass1,1
Custom/GaussianPrefilteredSobel,Shoe,Curvature,float,_EnablePass2,1
Custom/GaussianPrefilteredSobel,Shoe,Curvature,float,_EnablePass3,1
Custom/GaussianPrefilteredSobel,Shoe,Curvature,float,_EnablePass4,1
Custom/GaussianPrefilteredSobel,Shoe,Curvature,float,_SmoothstepTightness,0.5
Custom/GaussianPrefilteredSobel,Shoe,Curvature,float,_EnablePowerCurve,0
Custom/GaussianPrefilteredSobel,Shoe,Curvature,float,_PowerCurve,0.5
Custom/GaussianPrefilteredSobel,Shoe,Curvature,float,_NormalEdgeThreshold,0
Custom/GaussianPrefilteredSobel,Shoe,Curvature,float,_NormalEdgeStrength,0
Custom/GaussianPrefilteredSobel,Shoe,Curvature,float,_NormalEdgeSmoothness,0.01
Custom/GaussianPrefilteredSobel,Shoe,Curvature,float,_FresnelEdgeThreshold,0.3
Custom/GaussianPrefilteredSobel,Shoe,Curvature,float,_FresnelEdgeStrength,0
Custom/GaussianPrefilteredSobel,Shoe,Curvature,color,_EdgeColor,0|0|0|1
Custom/GaussianPrefilteredSobel,Shoe,Curvature,float,_EdgeBlendMode,0
Custom/GaussianPrefilteredSobel,Shoe,Curvature,float,_EnableRim,1
Custom/GaussianPrefilteredSobel,Shoe,Curvature,color,_RimColor,0.408|0.408|0.408|1
Custom/GaussianPrefilteredSobel,Shoe,Curvature,float,_RimPower,4
Custom/GaussianPrefilteredSobel,Shoe,Curvature,color,_AmbientColor,0.35|0.35|0.35|1
Custom/GaussianPrefilteredSobel,Shoe,Curvature,float,_EnableAlphaTest,0
Custom/GaussianPrefilteredSobel,Shoe,Curvature,float,_AlphaCutoff,0.1
Custom/GaussianPrefilteredSobel,Look,Curvature,float,_UseDebugDefaults,0
Custom/GaussianPrefilteredSobel,Look,Curvature,float,_DebugView,0
Custom/GaussianPrefilteredSobel,Look,Curvature,color,_Color,1|1|1|1
Custom/GaussianPrefilteredSobel,Look,Curvature,float,_TextureIntensity,1
Custom/GaussianPrefilteredSobel,Look,Curvature,float,_BumpScale,1
Custom/GaussianPrefilteredSobel,Look,Curvature,float,_LightSensitivity,0.8
Custom/GaussianPrefilteredSobel,Look,Curvature,float,_RampSmoothing,0.05
Custom/GaussianPrefilteredSobel,Look,Curvature,color,_ShadowColor,0.3|0.3|0.45|1
Custom/GaussianPrefilteredSobel,Look,Curvature,float,_ShadowStrength,0.5
Custom/GaussianPrefilteredSobel,Look,Curvature,float,_DetailMode,0
Custom/GaussianPrefilteredSobel,Look,Curvature,float,_DetailBias,0
Custom/GaussianPrefilteredSobel,Look,Curvature,float,_DepthNear,5
Custom/GaussianPrefilteredSobel,Look,Curvature,float,_DepthFar,50
Custom/GaussianPrefilteredSobel,Look,Curvature,float,_ManualDetail,0.5
Custom/GaussianPrefilteredSobel,Look,Curvature,float,_EnableOuterOutline,1
Custom/GaussianPrefilteredSobel,Look,Curvature,float,_OuterOutlineWidth,0.005
Custom/GaussianPrefilteredSobel,Look,Curvature,color,_OuterOutlineColor,0|0|0|1
Custom/GaussianPrefilteredSobel,Look,Curvature,float,_UseOutlineDepthOffset,0
Custom/GaussianPrefilteredSobel,Look,Curvature,float,_OutlineDepthBias,1
Custom/GaussianPrefilteredSobel,Look,Curvature,float,_EnableTextureSobel,1
Custom/GaussianPrefilteredSobel,Look,Curvature,float,_EnableNormalEdges,0
Custom/GaussianPrefilteredSobel,Look,Curvature,float,_EnableFresnelEdge,0
Custom/GaussianPrefilteredSobel,Look,Curvature,float,_UseLightFiltering,0
Custom/GaussianPrefilteredSobel,Look,Curvature,float,_UseModerateFiltering,0
Custom/GaussianPrefilteredSobel,Look,Curvature,float,_UseAggressiveFiltering,1
Custom/GaussianPrefilteredSobel,Look,Curvature,color,_InnerLineColor,0|0|0|1
Custom/GaussianPrefilteredSobel,Look,Curvature,float,_InnerLineThreshold,0.05
Custom/GaussianPrefilteredSobel,Look,Curvature,float,_InnerLineBlur,0.5
Custom/GaussianPrefilteredSobel,Look,Curvature,float,_InnerLineStrength,1
Custom/GaussianPrefilteredSobel,Look,Curvature,float,_EnableGaussianBlur,1
Custom/GaussianPrefilteredSobel,Look,Curvature,float,_BlurRadiusMultiplier,10
Custom/GaussianPrefilteredSobel,Look,Curvature,float,_GaussianCenterWeight,0.5
Custom/GaussianPrefilteredSobel,Look,Curvature,float,_GaussianCardinalWeight,0.5
Custom/GaussianPrefilteredSobel,Look,Curvature,float,_GaussianDiagonalWeight,0.25
Custom/GaussianPrefilteredSobel,Look,Curvature,float,_EnableThreshold,1
Custom/GaussianPrefilteredSobel,Look,Curvature,float,_ThresholdMinMultiplier,0
Custom/GaussianPrefilteredSobel,Look,Curvature,float,_ThresholdMaxMultiplier,1.9
Custom/GaussianPrefilteredSobel,Look,Curvature,float,_EnablePass1,1
Custom/GaussianPrefilteredSobel,Look,Curvature,float,_EnablePass2,1
Custom/GaussianPrefilteredSobel,Look,Curvature,float,_EnablePass3,1
Custom/GaussianPrefilteredSobel,Look,Curvature,float,_EnablePass4,1
Custom/GaussianPrefilteredSobel,Look,Curvature,float,_SmoothstepTightness,0.5
Custom/GaussianPrefilteredSobel,Look,Curvature,float,_EnablePowerCurve,0
Custom/GaussianPrefilteredSobel,Look,Curvature,float,_PowerCurve,0.5
Custom/GaussianPrefilteredSobel,Look,Curvature,float,_NormalEdgeThreshold,0
Custom/GaussianPrefilteredSobel,Look,Curvature,float,_NormalEdgeStrength,0
Custom/GaussianPrefilteredSobel,Look,Curvature,float,_NormalEdgeSmoothness,0.01
Custom/GaussianPrefilteredSobel,Look,Curvature,float,_FresnelEdgeThreshold,0.3
Custom/GaussianPrefilteredSobel,Look,Curvature,float,_FresnelEdgeStrength,0
Custom/GaussianPrefilteredSobel,Look,Curvature,color,_EdgeColor,0|0|0|1
Custom/GaussianPrefilteredSobel,Look,Curvature,float,_EdgeBlendMode,0
Custom/GaussianPrefilteredSobel,Look,Curvature,float,_EnableRim,1
Custom/GaussianPrefilteredSobel,Look,Curvature,color,_RimColor,0.408|0.408|0.408|1
Custom/GaussianPrefilteredSobel,Look,Curvature,float,_RimPower,4
Custom/GaussianPrefilteredSobel,Look,Curvature,color,_AmbientColor,0.35|0.35|0.35|1
Custom/GaussianPrefilteredSobel,Look,Curvature,float,_EnableAlphaTest,0
Custom/GaussianPrefilteredSobel,Look,Curvature,float,_AlphaCutoff,0.1
NPR/HalftoneHatching,Head,Default,float,_PatternMode,0
NPR/HalftoneHatching,Head,Default,float,_HalftoneScale,30
NPR/HalftoneHatching,Head,Default,float,_HalftoneSharpness,10
NPR/HalftoneHatching,Head,Default,float,_HalftoneSpace,1
NPR/HalftoneHatching,Head,Default,float,_HalftoneAngle,45
NPR/HalftoneHatching,Head,Default,float,_HatchStyle,0
NPR/HalftoneHatching,Head,Default,float,_HatchScale,20
NPR/HalftoneHatching,Head,Default,float,_HatchAngle,45
NPR/HalftoneHatching,Head,Default,float,_HatchThickness,0.15
NPR/HalftoneHatching,Head,Default,float,_CrossHatchAngle,135
NPR/HalftoneHatching,Head,Default,float,_DotSize,0.12
NPR/HalftoneHatching,Head,Default,float,_StippleScale,50
NPR/HalftoneHatching,Head,Default,float,_StippleDensity,1
NPR/HalftoneHatching,Head,Default,float,_ToneLevels,5
NPR/HalftoneHatching,Head,Default,float,_ToneBias,0
NPR/HalftoneHatching,Head,Default,float,_TextureInfluence,0.5
NPR/HalftoneHatching,Head,Default,float,_BumpScale,1
NPR/HalftoneHatching,Head,Default,float,_OutlineWidth,0.002
NPR/HalftoneHatching,Head,Default,float,_Alpha,1
NPR/HalftoneHatching,Head,Default,float,_AlphaCutoff,0.5
NPR/HalftoneHatching,Head,Default,color,_BaseColor,1|1|1|1
NPR/HalftoneHatching,Head,Default,color,_InkColor,0.05|0.05|0.1|1
NPR/HalftoneHatching,Head,Default,color,_PaperColor,0.95|0.93|0.88|1
NPR/HalftoneHatching,Head,Default,color,_OutlineColor,0|0|0|1
NPR/HalftoneHatching,Head,Hatching,float,_PatternMode,1
NPR/HalftoneHatching,Head,Hatching,float,_HalftoneScale,30
NPR/HalftoneHatching,Head,Hatching,float,_HalftoneSharpness,10
NPR/HalftoneHatching,Head,Hatching,float,_HalftoneSpace,1
NPR/HalftoneHatching,Head,Hatching,float,_HalftoneAngle,45
NPR/HalftoneHatching,Head,Hatching,float,_HatchStyle,0
NPR/HalftoneHatching,Head,Hatching,float,_HatchScale,22
NPR/HalftoneHatching,Head,Hatching,float,_HatchAngle,45
NPR/HalftoneHatching,Head,Hatching,float,_HatchThickness,0.12
NPR/HalftoneHatching,Head,Hatching,float,_CrossHatchAngle,135
NPR/HalftoneHatching,Head,Hatching,float,_DotSize,0.12
NPR/HalftoneHatching,Head,Hatching,float,_StippleScale,50
NPR/HalftoneHatching,Head,Hatching,float,_StippleDensity,1
NPR/HalftoneHatching,Head,Hatching,float,_ToneLevels,4
NPR/HalftoneHatching,Head,Hatching,float,_ToneBias,0.05
NPR/HalftoneHatching,Head,Hatching,float,_TextureInfluence,0.4
NPR/HalftoneHatching,Head,Hatching,float,_BumpScale,1
NPR/HalftoneHatching,Head,Hatching,float,_OutlineWidth,0.002
NPR/HalftoneHatching,Head,Hatching,float,_Alpha,1
NPR/HalftoneHatching,Head,Hatching,float,_AlphaCutoff,0.5
NPR/HalftoneHatching,Head,Hatching,color,_BaseColor,1|1|1|1
NPR/HalftoneHatching,Head,Hatching,color,_InkColor,0.05|0.05|0.1|1
NPR/HalftoneHatching,Head,Hatching,color,_PaperColor,0.95|0.93|0.88|1
NPR/HalftoneHatching,Head,Hatching,color,_OutlineColor,0|0|0|1
NPR/HalftoneHatching,Head,Stipple,float,_PatternMode,2
NPR/HalftoneHatching,Head,Stipple,float,_HalftoneScale,30
NPR/HalftoneHatching,Head,Stipple,float,_HalftoneSharpness,10
NPR/HalftoneHatching,Head,Stipple,float,_HalftoneSpace,1
NPR/HalftoneHatching,Head,Stipple,float,_HalftoneAngle,45
NPR/HalftoneHatching,Head,Stipple,float,_HatchStyle,0
NPR/HalftoneHatching,Head,Stipple,float,_HatchScale,20
NPR/HalftoneHatching,Head,Stipple,float,_HatchAngle,45
NPR/HalftoneHatching,Head,Stipple,float,_HatchThickness,0.15
NPR/HalftoneHatching,Head,Stipple,float,_CrossHatchAngle,135
NPR/HalftoneHatching,Head,Stipple,float,_DotSize,0.12
NPR/HalftoneHatching,Head,Stipple,float,_StippleScale,60
NPR/HalftoneHatching,Head,Stipple,float,_StippleDensity,1.2
NPR/HalftoneHatching,Head,Stipple,float,_ToneLevels,5
NPR/HalftoneHatching,Head,Stipple,float,_ToneBias,0
NPR/HalftoneHatching,Head,Stipple,float,_TextureInfluence,0.5
NPR/HalftoneHatching,Head,Stipple,float,_BumpScale,1
NPR/HalftoneHatching,Head,Stipple,float,_OutlineWidth,0.002
NPR/HalftoneHatching,Head,Stipple,float,_Alpha,1
NPR/HalftoneHatching,Head,Stipple,float,_AlphaCutoff,0.5
NPR/HalftoneHatching,Head,Stipple,color,_BaseColor,1|1|1|1
NPR/HalftoneHatching,Head,Stipple,color,_InkColor,0.05|0.05|0.1|1
NPR/HalftoneHatching,Head,Stipple,color,_PaperColor,0.95|0.93|0.88|1
NPR/HalftoneHatching,Head,Stipple,color,_OutlineColor,0|0|0|1
NPR/HalftoneHatching,Body,Default,float,_PatternMode,0
NPR/HalftoneHatching,Body,Default,float,_HalftoneScale,30
NPR/HalftoneHatching,Body,Default,float,_HalftoneSharpness,10
NPR/HalftoneHatching,Body,Default,float,_HalftoneSpace,1
NPR/HalftoneHatching,Body,Default,float,_HalftoneAngle,45
NPR/HalftoneHatching,Body,Default,float,_HatchStyle,0
NPR/HalftoneHatching,Body,Default,float,_HatchScale,20
NPR/HalftoneHatching,Body,Default,float,_HatchAngle,45
NPR/HalftoneHatching,Body,Default,float,_HatchThickness,0.15
NPR/HalftoneHatching,Body,Default,float,_CrossHatchAngle,135
NPR/HalftoneHatching,Body,Default,float,_DotSize,0.12
NPR/HalftoneHatching,Body,Default,float,_StippleScale,50
NPR/HalftoneHatching,Body,Default,float,_StippleDensity,1
NPR/HalftoneHatching,Body,Default,float,_ToneLevels,5
NPR/HalftoneHatching,Body,Default,float,_ToneBias,0
NPR/HalftoneHatching,Body,Default,float,_TextureInfluence,0.5
NPR/HalftoneHatching,Body,Default,float,_BumpScale,1
NPR/HalftoneHatching,Body,Default,float,_OutlineWidth,0.002
NPR/HalftoneHatching,Body,Default,float,_Alpha,1
NPR/HalftoneHatching,Body,Default,float,_AlphaCutoff,0.5
NPR/HalftoneHatching,Body,Default,color,_BaseColor,1|1|1|1
NPR/HalftoneHatching,Body,Default,color,_InkColor,0.05|0.05|0.1|1
NPR/HalftoneHatching,Body,Default,color,_PaperColor,0.95|0.93|0.88|1
NPR/HalftoneHatching,Body,Default,color,_OutlineColor,0|0|0|1
NPR/HalftoneHatching,Body,Hatching,float,_PatternMode,1
NPR/HalftoneHatching,Body,Hatching,float,_HalftoneScale,30
NPR/HalftoneHatching,Body,Hatching,float,_HalftoneSharpness,10
NPR/HalftoneHatching,Body,Hatching,float,_HalftoneSpace,1
NPR/HalftoneHatching,Body,Hatching,float,_HalftoneAngle,45
NPR/HalftoneHatching,Body,Hatching,float,_HatchStyle,0
NPR/HalftoneHatching,Body,Hatching,float,_HatchScale,22
NPR/HalftoneHatching,Body,Hatching,float,_HatchAngle,45
NPR/HalftoneHatching,Body,Hatching,float,_HatchThickness,0.12
NPR/HalftoneHatching,Body,Hatching,float,_CrossHatchAngle,135
NPR/HalftoneHatching,Body,Hatching,float,_DotSize,0.12
NPR/HalftoneHatching,Body,Hatching,float,_StippleScale,50
NPR/HalftoneHatching,Body,Hatching,float,_StippleDensity,1
NPR/HalftoneHatching,Body,Hatching,float,_ToneLevels,4
NPR/HalftoneHatching,Body,Hatching,float,_ToneBias,0.05
NPR/HalftoneHatching,Body,Hatching,float,_TextureInfluence,0.4
NPR/HalftoneHatching,Body,Hatching,float,_BumpScale,1
NPR/HalftoneHatching,Body,Hatching,float,_OutlineWidth,0.002
NPR/HalftoneHatching,Body,Hatching,float,_Alpha,1
NPR/HalftoneHatching,Body,Hatching,float,_AlphaCutoff,0.5
NPR/HalftoneHatching,Body,Hatching,color,_BaseColor,1|1|1|1
NPR/HalftoneHatching,Body,Hatching,color,_InkColor,0.05|0.05|0.1|1
NPR/HalftoneHatching,Body,Hatching,color,_PaperColor,0.95|0.93|0.88|1
NPR/HalftoneHatching,Body,Hatching,color,_OutlineColor,0|0|0|1
NPR/HalftoneHatching,Body,Stipple,float,_PatternMode,2
NPR/HalftoneHatching,Body,Stipple,float,_HalftoneScale,30
NPR/HalftoneHatching,Body,Stipple,float,_HalftoneSharpness,10
NPR/HalftoneHatching,Body,Stipple,float,_HalftoneSpace,1
NPR/HalftoneHatching,Body,Stipple,float,_HalftoneAngle,45
NPR/HalftoneHatching,Body,Stipple,float,_HatchStyle,0
NPR/HalftoneHatching,Body,Stipple,float,_HatchScale,20
NPR/HalftoneHatching,Body,Stipple,float,_HatchAngle,45
NPR/HalftoneHatching,Body,Stipple,float,_HatchThickness,0.15
NPR/HalftoneHatching,Body,Stipple,float,_CrossHatchAngle,135
NPR/HalftoneHatching,Body,Stipple,float,_DotSize,0.12
NPR/HalftoneHatching,Body,Stipple,float,_StippleScale,60
NPR/HalftoneHatching,Body,Stipple,float,_StippleDensity,1.2
NPR/HalftoneHatching,Body,Stipple,float,_ToneLevels,5
NPR/HalftoneHatching,Body,Stipple,float,_ToneBias,0
NPR/HalftoneHatching,Body,Stipple,float,_TextureInfluence,0.5
NPR/HalftoneHatching,Body,Stipple,float,_BumpScale,1
NPR/HalftoneHatching,Body,Stipple,float,_OutlineWidth,0.002
NPR/HalftoneHatching,Body,Stipple,float,_Alpha,1
NPR/HalftoneHatching,Body,Stipple,float,_AlphaCutoff,0.5
NPR/HalftoneHatching,Body,Stipple,color,_BaseColor,1|1|1|1
NPR/HalftoneHatching,Body,Stipple,color,_InkColor,0.05|0.05|0.1|1
NPR/HalftoneHatching,Body,Stipple,color,_PaperColor,0.95|0.93|0.88|1
NPR/HalftoneHatching,Body,Stipple,color,_OutlineColor,0|0|0|1
NPR/HalftoneHatching,Hair,Default,float,_PatternMode,0
NPR/HalftoneHatching,Hair,Default,float,_HalftoneScale,30
NPR/HalftoneHatching,Hair,Default,float,_HalftoneSharpness,10
NPR/HalftoneHatching,Hair,Default,float,_HalftoneSpace,1
NPR/HalftoneHatching,Hair,Default,float,_HalftoneAngle,45
NPR/HalftoneHatching,Hair,Default,float,_HatchStyle,0
NPR/HalftoneHatching,Hair,Default,float,_HatchScale,20
NPR/HalftoneHatching,Hair,Default,float,_HatchAngle,45
NPR/HalftoneHatching,Hair,Default,float,_HatchThickness,0.15
NPR/HalftoneHatching,Hair,Default,float,_CrossHatchAngle,135
NPR/HalftoneHatching,Hair,Default,float,_DotSize,0.12
NPR/HalftoneHatching,Hair,Default,float,_StippleScale,50
NPR/HalftoneHatching,Hair,Default,float,_StippleDensity,1
NPR/HalftoneHatching,Hair,Default,float,_ToneLevels,5
NPR/HalftoneHatching,Hair,Default,float,_ToneBias,0
NPR/HalftoneHatching,Hair,Default,float,_TextureInfluence,0.5
NPR/HalftoneHatching,Hair,Default,float,_BumpScale,1
NPR/HalftoneHatching,Hair,Default,float,_OutlineWidth,0.002
NPR/HalftoneHatching,Hair,Default,float,_Alpha,1
NPR/HalftoneHatching,Hair,Default,float,_AlphaCutoff,0.5
NPR/HalftoneHatching,Hair,Default,color,_BaseColor,1|1|1|1
NPR/HalftoneHatching,Hair,Default,color,_InkColor,0.05|0.05|0.1|1
NPR/HalftoneHatching,Hair,Default,color,_PaperColor,0.95|0.93|0.88|1
NPR/HalftoneHatching,Hair,Default,color,_OutlineColor,0|0|0|1
NPR/HalftoneHatching,Hair,Hatching,float,_PatternMode,1
NPR/HalftoneHatching,Hair,Hatching,float,_HalftoneScale,30
NPR/HalftoneHatching,Hair,Hatching,float,_HalftoneSharpness,10
NPR/HalftoneHatching,Hair,Hatching,float,_HalftoneSpace,1
NPR/HalftoneHatching,Hair,Hatching,float,_HalftoneAngle,45
NPR/HalftoneHatching,Hair,Hatching,float,_HatchStyle,0
NPR/HalftoneHatching,Hair,Hatching,float,_HatchScale,22
NPR/HalftoneHatching,Hair,Hatching,float,_HatchAngle,45
NPR/HalftoneHatching,Hair,Hatching,float,_HatchThickness,0.12
NPR/HalftoneHatching,Hair,Hatching,float,_CrossHatchAngle,135
NPR/HalftoneHatching,Hair,Hatching,float,_DotSize,0.12
NPR/HalftoneHatching,Hair,Hatching,float,_StippleScale,50
NPR/HalftoneHatching,Hair,Hatching,float,_StippleDensity,1
NPR/HalftoneHatching,Hair,Hatching,float,_ToneLevels,4
NPR/HalftoneHatching,Hair,Hatching,float,_ToneBias,0.05
NPR/HalftoneHatching,Hair,Hatching,float,_TextureInfluence,0.4
NPR/HalftoneHatching,Hair,Hatching,float,_BumpScale,1
NPR/HalftoneHatching,Hair,Hatching,float,_OutlineWidth,0.002
NPR/HalftoneHatching,Hair,Hatching,float,_Alpha,1
NPR/HalftoneHatching,Hair,Hatching,float,_AlphaCutoff,0.5
NPR/HalftoneHatching,Hair,Hatching,color,_BaseColor,1|1|1|1
NPR/HalftoneHatching,Hair,Hatching,color,_InkColor,0.05|0.05|0.1|1
NPR/HalftoneHatching,Hair,Hatching,color,_PaperColor,0.95|0.93|0.88|1
NPR/HalftoneHatching,Hair,Hatching,color,_OutlineColor,0|0|0|1
NPR/HalftoneHatching,Hair,Stipple,float,_PatternMode,2
NPR/HalftoneHatching,Hair,Stipple,float,_HalftoneScale,30
NPR/HalftoneHatching,Hair,Stipple,float,_HalftoneSharpness,10
NPR/HalftoneHatching,Hair,Stipple,float,_HalftoneSpace,1
NPR/HalftoneHatching,Hair,Stipple,float,_HalftoneAngle,45
NPR/HalftoneHatching,Hair,Stipple,float,_HatchStyle,0
NPR/HalftoneHatching,Hair,Stipple,float,_HatchScale,20
NPR/HalftoneHatching,Hair,Stipple,float,_HatchAngle,45
NPR/HalftoneHatching,Hair,Stipple,float,_HatchThickness,0.15
NPR/HalftoneHatching,Hair,Stipple,float,_CrossHatchAngle,135
NPR/HalftoneHatching,Hair,Stipple,float,_DotSize,0.12
NPR/HalftoneHatching,Hair,Stipple,float,_StippleScale,60
NPR/HalftoneHatching,Hair,Stipple,float,_StippleDensity,1.2
NPR/HalftoneHatching,Hair,Stipple,float,_ToneLevels,5
NPR/HalftoneHatching,Hair,Stipple,float,_ToneBias,0
NPR/HalftoneHatching,Hair,Stipple,float,_TextureInfluence,0.5
NPR/HalftoneHatching,Hair,Stipple,float,_BumpScale,1
NPR/HalftoneHatching,Hair,Stipple,float,_OutlineWidth,0.002
NPR/HalftoneHatching,Hair,Stipple,float,_Alpha,1
NPR/HalftoneHatching,Hair,Stipple,float,_AlphaCutoff,0.5
NPR/HalftoneHatching,Hair,Stipple,color,_BaseColor,1|1|1|1
NPR/HalftoneHatching,Hair,Stipple,color,_InkColor,0.05|0.05|0.1|1
NPR/HalftoneHatching,Hair,Stipple,color,_PaperColor,0.95|0.93|0.88|1
NPR/HalftoneHatching,Hair,Stipple,color,_OutlineColor,0|0|0|1
NPR/HalftoneHatching,Eyelash,Default,float,_PatternMode,0
NPR/HalftoneHatching,Eyelash,Default,float,_HalftoneScale,30
NPR/HalftoneHatching,Eyelash,Default,float,_HalftoneSharpness,10
NPR/HalftoneHatching,Eyelash,Default,float,_HalftoneSpace,1
NPR/HalftoneHatching,Eyelash,Default,float,_HalftoneAngle,45
NPR/HalftoneHatching,Eyelash,Default,float,_HatchStyle,0
NPR/HalftoneHatching,Eyelash,Default,float,_HatchScale,20
NPR/HalftoneHatching,Eyelash,Default,float,_HatchAngle,45
NPR/HalftoneHatching,Eyelash,Default,float,_HatchThickness,0.15
NPR/HalftoneHatching,Eyelash,Default,float,_CrossHatchAngle,135
NPR/HalftoneHatching,Eyelash,Default,float,_DotSize,0.12
NPR/HalftoneHatching,Eyelash,Default,float,_StippleScale,50
NPR/HalftoneHatching,Eyelash,Default,float,_StippleDensity,1
NPR/HalftoneHatching,Eyelash,Default,float,_ToneLevels,5
NPR/HalftoneHatching,Eyelash,Default,float,_ToneBias,0
NPR/HalftoneHatching,Eyelash,Default,float,_TextureInfluence,0.5
NPR/HalftoneHatching,Eyelash,Default,float,_BumpScale,1
NPR/HalftoneHatching,Eyelash,Default,float,_OutlineWidth,0.002
NPR/HalftoneHatching,Eyelash,Default,float,_Alpha,1
NPR/HalftoneHatching,Eyelash,Default,float,_AlphaCutoff,0.5
NPR/HalftoneHatching,Eyelash,Default,color,_BaseColor,1|1|1|1
NPR/HalftoneHatching,Eyelash,Default,color,_InkColor,0.05|0.05|0.1|1
NPR/HalftoneHatching,Eyelash,Default,color,_PaperColor,0.95|0.93|0.88|1
NPR/HalftoneHatching,Eyelash,Default,color,_OutlineColor,0|0|0|1
NPR/HalftoneHatching,Eyelash,Hatching,float,_PatternMode,1
NPR/HalftoneHatching,Eyelash,Hatching,float,_HalftoneScale,30
NPR/HalftoneHatching,Eyelash,Hatching,float,_HalftoneSharpness,10
NPR/HalftoneHatching,Eyelash,Hatching,float,_HalftoneSpace,1
NPR/HalftoneHatching,Eyelash,Hatching,float,_HalftoneAngle,45
NPR/HalftoneHatching,Eyelash,Hatching,float,_HatchStyle,0
NPR/HalftoneHatching,Eyelash,Hatching,float,_HatchScale,22
NPR/HalftoneHatching,Eyelash,Hatching,float,_HatchAngle,45
NPR/HalftoneHatching,Eyelash,Hatching,float,_HatchThickness,0.12
NPR/HalftoneHatching,Eyelash,Hatching,float,_CrossHatchAngle,135
NPR/HalftoneHatching,Eyelash,Hatching,float,_DotSize,0.12
NPR/HalftoneHatching,Eyelash,Hatching,float,_StippleScale,50
NPR/HalftoneHatching,Eyelash,Hatching,float,_StippleDensity,1
NPR/HalftoneHatching,Eyelash,Hatching,float,_ToneLevels,4
NPR/HalftoneHatching,Eyelash,Hatching,float,_ToneBias,0.05
NPR/HalftoneHatching,Eyelash,Hatching,float,_TextureInfluence,0.4
NPR/HalftoneHatching,Eyelash,Hatching,float,_BumpScale,1
NPR/HalftoneHatching,Eyelash,Hatching,float,_OutlineWidth,0.002
NPR/HalftoneHatching,Eyelash,Hatching,float,_Alpha,1
NPR/HalftoneHatching,Eyelash,Hatching,float,_AlphaCutoff,0.5
NPR/HalftoneHatching,Eyelash,Hatching,color,_BaseColor,1|1|1|1
NPR/HalftoneHatching,Eyelash,Hatching,color,_InkColor,0.05|0.05|0.1|1
NPR/HalftoneHatching,Eyelash,Hatching,color,_PaperColor,0.95|0.93|0.88|1
NPR/HalftoneHatching,Eyelash,Hatching,color,_OutlineColor,0|0|0|1
NPR/HalftoneHatching,Eyelash,Stipple,float,_PatternMode,2
NPR/HalftoneHatching,Eyelash,Stipple,float,_HalftoneScale,30
NPR/HalftoneHatching,Eyelash,Stipple,float,_HalftoneSharpness,10
NPR/HalftoneHatching,Eyelash,Stipple,float,_HalftoneSpace,1
NPR/HalftoneHatching,Eyelash,Stipple,float,_HalftoneAngle,45
NPR/HalftoneHatching,Eyelash,Stipple,float,_HatchStyle,0
NPR/HalftoneHatching,Eyelash,Stipple,float,_HatchScale,20
NPR/HalftoneHatching,Eyelash,Stipple,float,_HatchAngle,45
NPR/HalftoneHatching,Eyelash,Stipple,float,_HatchThickness,0.15
NPR/HalftoneHatching,Eyelash,Stipple,float,_CrossHatchAngle,135
NPR/HalftoneHatching,Eyelash,Stipple,float,_DotSize,0.12
NPR/HalftoneHatching,Eyelash,Stipple,float,_StippleScale,60
NPR/HalftoneHatching,Eyelash,Stipple,float,_StippleDensity,1.2
NPR/HalftoneHatching,Eyelash,Stipple,float,_ToneLevels,5
NPR/HalftoneHatching,Eyelash,Stipple,float,_ToneBias,0
NPR/HalftoneHatching,Eyelash,Stipple,float,_TextureInfluence,0.5
NPR/HalftoneHatching,Eyelash,Stipple,float,_BumpScale,1
NPR/HalftoneHatching,Eyelash,Stipple,float,_OutlineWidth,0.002
NPR/HalftoneHatching,Eyelash,Stipple,float,_Alpha,1
NPR/HalftoneHatching,Eyelash,Stipple,float,_AlphaCutoff,0.5
NPR/HalftoneHatching,Eyelash,Stipple,color,_BaseColor,1|1|1|1
NPR/HalftoneHatching,Eyelash,Stipple,color,_InkColor,0.05|0.05|0.1|1
NPR/HalftoneHatching,Eyelash,Stipple,color,_PaperColor,0.95|0.93|0.88|1
NPR/HalftoneHatching,Eyelash,Stipple,color,_OutlineColor,0|0|0|1
NPR/HalftoneHatching,Look,Default,float,_PatternMode,0
NPR/HalftoneHatching,Look,Default,float,_HalftoneScale,30
NPR/HalftoneHatching,Look,Default,float,_HalftoneSharpness,10
NPR/HalftoneHatching,Look,Default,float,_HalftoneSpace,1
NPR/HalftoneHatching,Look,Default,float,_HalftoneAngle,45
NPR/HalftoneHatching,Look,Default,float,_HatchStyle,0
NPR/HalftoneHatching,Look,Default,float,_HatchScale,20
NPR/HalftoneHatching,Look,Default,float,_HatchAngle,45
NPR/HalftoneHatching,Look,Default,float,_HatchThickness,0.15
NPR/HalftoneHatching,Look,Default,float,_CrossHatchAngle,135
NPR/HalftoneHatching,Look,Default,float,_DotSize,0.12
NPR/HalftoneHatching,Look,Default,float,_StippleScale,50
NPR/HalftoneHatching,Look,Default,float,_StippleDensity,1
NPR/HalftoneHatching,Look,Default,float,_ToneLevels,5
NPR/HalftoneHatching,Look,Default,float,_ToneBias,0
NPR/HalftoneHatching,Look,Default,float,_TextureInfluence,0.5
NPR/HalftoneHatching,Look,Default,float,_BumpScale,1
NPR/HalftoneHatching,Look,Default,float,_OutlineWidth,0.002
NPR/HalftoneHatching,Look,Default,float,_Alpha,1
NPR/HalftoneHatching,Look,Default,float,_AlphaCutoff,0.5
NPR/HalftoneHatching,Look,Default,color,_BaseColor,1|1|1|1
NPR/HalftoneHatching,Look,Default,color,_InkColor,0.05|0.05|0.1|1
NPR/HalftoneHatching,Look,Default,color,_PaperColor,0.95|0.93|0.88|1
NPR/HalftoneHatching,Look,Default,color,_OutlineColor,0|0|0|1
NPR/HalftoneHatching,Look,Hatching,float,_PatternMode,1
NPR/HalftoneHatching,Look,Hatching,float,_HalftoneScale,30
NPR/HalftoneHatching,Look,Hatching,float,_HalftoneSharpness,10
NPR/HalftoneHatching,Look,Hatching,float,_HalftoneSpace,1
NPR/HalftoneHatching,Look,Hatching,float,_HalftoneAngle,45
NPR/HalftoneHatching,Look,Hatching,float,_HatchStyle,0
NPR/HalftoneHatching,Look,Hatching,float,_HatchScale,22
NPR/HalftoneHatching,Look,Hatching,float,_HatchAngle,45
NPR/HalftoneHatching,Look,Hatching,float,_HatchThickness,0.12
NPR/HalftoneHatching,Look,Hatching,float,_CrossHatchAngle,135
NPR/HalftoneHatching,Look,Hatching,float,_DotSize,0.12
NPR/HalftoneHatching,Look,Hatching,float,_StippleScale,50
NPR/HalftoneHatching,Look,Hatching,float,_StippleDensity,1
NPR/HalftoneHatching,Look,Hatching,float,_ToneLevels,4
NPR/HalftoneHatching,Look,Hatching,float,_ToneBias,0.05
NPR/HalftoneHatching,Look,Hatching,float,_TextureInfluence,0.4
NPR/HalftoneHatching,Look,Hatching,float,_BumpScale,1
NPR/HalftoneHatching,Look,Hatching,float,_OutlineWidth,0.002
NPR/HalftoneHatching,Look,Hatching,float,_Alpha,1
NPR/HalftoneHatching,Look,Hatching,float,_AlphaCutoff,0.5
NPR/HalftoneHatching,Look,Hatching,color,_BaseColor,1|1|1|1
NPR/HalftoneHatching,Look,Hatching,color,_InkColor,0.05|0.05|0.1|1
NPR/HalftoneHatching,Look,Hatching,color,_PaperColor,0.95|0.93|0.88|1
NPR/HalftoneHatching,Look,Hatching,color,_OutlineColor,0|0|0|1
NPR/HalftoneHatching,Look,Stipple,float,_PatternMode,2
NPR/HalftoneHatching,Look,Stipple,float,_HalftoneScale,30
NPR/HalftoneHatching,Look,Stipple,float,_HalftoneSharpness,10
NPR/HalftoneHatching,Look,Stipple,float,_HalftoneSpace,1
NPR/HalftoneHatching,Look,Stipple,float,_HalftoneAngle,45
NPR/HalftoneHatching,Look,Stipple,float,_HatchStyle,0
NPR/HalftoneHatching,Look,Stipple,float,_HatchScale,20
NPR/HalftoneHatching,Look,Stipple,float,_HatchAngle,45
NPR/HalftoneHatching,Look,Stipple,float,_HatchThickness,0.15
NPR/HalftoneHatching,Look,Stipple,float,_CrossHatchAngle,135
NPR/HalftoneHatching,Look,Stipple,float,_DotSize,0.12
NPR/HalftoneHatching,Look,Stipple,float,_StippleScale,60
NPR/HalftoneHatching,Look,Stipple,float,_StippleDensity,1.2
NPR/HalftoneHatching,Look,Stipple,float,_ToneLevels,5
NPR/HalftoneHatching,Look,Stipple,float,_ToneBias,0
NPR/HalftoneHatching,Look,Stipple,float,_TextureInfluence,0.5
NPR/HalftoneHatching,Look,Stipple,float,_BumpScale,1
NPR/HalftoneHatching,Look,Stipple,float,_OutlineWidth,0.002
NPR/HalftoneHatching,Look,Stipple,float,_Alpha,1
NPR/HalftoneHatching,Look,Stipple,float,_AlphaCutoff,0.5
NPR/HalftoneHatching,Look,Stipple,color,_BaseColor,1|1|1|1
NPR/HalftoneHatching,Look,Stipple,color,_InkColor,0.05|0.05|0.1|1
NPR/HalftoneHatching,Look,Stipple,color,_PaperColor,0.95|0.93|0.88|1
NPR/HalftoneHatching,Look,Stipple,color,_OutlineColor,0|0|0|1
NPR/HalftoneHatching,Head,def,color,_BaseColor,1|1|1|1
NPR/HalftoneHatching,Head,def,float,_BumpScale,1
NPR/HalftoneHatching,Head,def,color,_InkColor,0.05|0.05|0.1|1
NPR/HalftoneHatching,Head,def,color,_PaperColor,0.95|0.93|0.88|1
NPR/HalftoneHatching,Head,def,float,_TextureInfluence,1
NPR/HalftoneHatching,Head,def,float,_PatternMode,0
NPR/HalftoneHatching,Head,def,float,_HalftoneScale,100
NPR/HalftoneHatching,Head,def,float,_HalftoneSharpness,1.5
NPR/HalftoneHatching,Head,def,float,_HalftoneSpace,1
NPR/HalftoneHatching,Head,def,float,_HalftoneAngle,45
NPR/HalftoneHatching,Head,def,float,_HatchStyle,1
NPR/HalftoneHatching,Head,def,float,_HatchScale,20
NPR/HalftoneHatching,Head,def,float,_HatchAngle,45
NPR/HalftoneHatching,Head,def,float,_HatchThickness,0.15
NPR/HalftoneHatching,Head,def,float,_CrossHatchAngle,180
NPR/HalftoneHatching,Head,def,float,_DotSize,0.4
NPR/HalftoneHatching,Head,def,float,_StippleScale,50
NPR/HalftoneHatching,Head,def,float,_StippleDensity,1
NPR/HalftoneHatching,Head,def,float,_LightingInfluence,0.75
NPR/HalftoneHatching,Head,def,float,_ToneLevels,5
NPR/HalftoneHatching,Head,def,float,_ToneBias,0
NPR/HalftoneHatching,Head,def,color,_OutlineColor,0|0|0|1
NPR/HalftoneHatching,Head,def,float,_OutlineWidth,0.005
NPR/HalftoneHatching,Head,def,float,_Alpha,1
NPR/HalftoneHatching,Head,def,float,_AlphaCutoff,0.5
NPR/HalftoneHatching,Hair,def,color,_BaseColor,1|1|1|1
NPR/HalftoneHatching,Hair,def,float,_BumpScale,1
NPR/HalftoneHatching,Hair,def,color,_InkColor,0.05|0.05|0.1|1
NPR/HalftoneHatching,Hair,def,color,_PaperColor,0.95|0.93|0.88|1
NPR/HalftoneHatching,Hair,def,float,_TextureInfluence,1
NPR/HalftoneHatching,Hair,def,float,_PatternMode,0
NPR/HalftoneHatching,Hair,def,float,_HalftoneScale,100
NPR/HalftoneHatching,Hair,def,float,_HalftoneSharpness,1.5
NPR/HalftoneHatching,Hair,def,float,_HalftoneSpace,1
NPR/HalftoneHatching,Hair,def,float,_HalftoneAngle,45
NPR/HalftoneHatching,Hair,def,float,_HatchStyle,1
NPR/HalftoneHatching,Hair,def,float,_HatchScale,20
NPR/HalftoneHatching,Hair,def,float,_HatchAngle,45
NPR/HalftoneHatching,Hair,def,float,_HatchThickness,0.15
NPR/HalftoneHatching,Hair,def,float,_CrossHatchAngle,180
NPR/HalftoneHatching,Hair,def,float,_DotSize,0.4
NPR/HalftoneHatching,Hair,def,float,_StippleScale,50
NPR/HalftoneHatching,Hair,def,float,_StippleDensity,1
NPR/HalftoneHatching,Hair,def,float,_LightingInfluence,0.75
NPR/HalftoneHatching,Hair,def,float,_ToneLevels,5
NPR/HalftoneHatching,Hair,def,float,_ToneBias,0
NPR/HalftoneHatching,Hair,def,color,_OutlineColor,0|0|0|1
NPR/HalftoneHatching,Hair,def,float,_OutlineWidth,0.005
NPR/HalftoneHatching,Hair,def,float,_Alpha,1
NPR/HalftoneHatching,Hair,def,float,_AlphaCutoff,0.5
NPR/HalftoneHatching,Eyelash,def,color,_BaseColor,1|1|1|1
NPR/HalftoneHatching,Eyelash,def,float,_BumpScale,1
NPR/HalftoneHatching,Eyelash,def,color,_InkColor,0.05|0.05|0.1|1
NPR/HalftoneHatching,Eyelash,def,color,_PaperColor,0.95|0.93|0.88|1
NPR/HalftoneHatching,Eyelash,def,float,_TextureInfluence,1
NPR/HalftoneHatching,Eyelash,def,float,_PatternMode,0
NPR/HalftoneHatching,Eyelash,def,float,_HalftoneScale,100
NPR/HalftoneHatching,Eyelash,def,float,_HalftoneSharpness,1.5
NPR/HalftoneHatching,Eyelash,def,float,_HalftoneSpace,1
NPR/HalftoneHatching,Eyelash,def,float,_HalftoneAngle,45
NPR/HalftoneHatching,Eyelash,def,float,_HatchStyle,1
NPR/HalftoneHatching,Eyelash,def,float,_HatchScale,20
NPR/HalftoneHatching,Eyelash,def,float,_HatchAngle,45
NPR/HalftoneHatching,Eyelash,def,float,_HatchThickness,0.15
NPR/HalftoneHatching,Eyelash,def,float,_CrossHatchAngle,180
NPR/HalftoneHatching,Eyelash,def,float,_DotSize,0.4
NPR/HalftoneHatching,Eyelash,def,float,_StippleScale,50
NPR/HalftoneHatching,Eyelash,def,float,_StippleDensity,1
NPR/HalftoneHatching,Eyelash,def,float,_LightingInfluence,0.75
NPR/HalftoneHatching,Eyelash,def,float,_ToneLevels,5
NPR/HalftoneHatching,Eyelash,def,float,_ToneBias,0
NPR/HalftoneHatching,Eyelash,def,color,_OutlineColor,0|0|0|1
NPR/HalftoneHatching,Eyelash,def,float,_OutlineWidth,0.005
NPR/HalftoneHatching,Eyelash,def,float,_Alpha,1
NPR/HalftoneHatching,Eyelash,def,float,_AlphaCutoff,0.5
NPR/HalftoneHatching,Body,def,color,_BaseColor,1|1|1|1
NPR/HalftoneHatching,Body,def,float,_BumpScale,1
NPR/HalftoneHatching,Body,def,color,_InkColor,0.05|0.05|0.1|1
NPR/HalftoneHatching,Body,def,color,_PaperColor,0.95|0.93|0.88|1
NPR/HalftoneHatching,Body,def,float,_TextureInfluence,1
NPR/HalftoneHatching,Body,def,float,_PatternMode,0
NPR/HalftoneHatching,Body,def,float,_HalftoneScale,100
NPR/HalftoneHatching,Body,def,float,_HalftoneSharpness,1.5
NPR/HalftoneHatching,Body,def,float,_HalftoneSpace,1
NPR/HalftoneHatching,Body,def,float,_HalftoneAngle,45
NPR/HalftoneHatching,Body,def,float,_HatchStyle,1
NPR/HalftoneHatching,Body,def,float,_HatchScale,20
NPR/HalftoneHatching,Body,def,float,_HatchAngle,45
NPR/HalftoneHatching,Body,def,float,_HatchThickness,0.15
NPR/HalftoneHatching,Body,def,float,_CrossHatchAngle,180
NPR/HalftoneHatching,Body,def,float,_DotSize,0.4
NPR/HalftoneHatching,Body,def,float,_StippleScale,50
NPR/HalftoneHatching,Body,def,float,_StippleDensity,1
NPR/HalftoneHatching,Body,def,float,_LightingInfluence,0.75
NPR/HalftoneHatching,Body,def,float,_ToneLevels,5
NPR/HalftoneHatching,Body,def,float,_ToneBias,0
NPR/HalftoneHatching,Body,def,color,_OutlineColor,0|0|0|1
NPR/HalftoneHatching,Body,def,float,_OutlineWidth,0.005
NPR/HalftoneHatching,Body,def,float,_Alpha,1
NPR/HalftoneHatching,Body,def,float,_AlphaCutoff,0.5
NPR/HalftoneHatching,Look,def,color,_BaseColor,1|1|1|1
NPR/HalftoneHatching,Look,def,float,_BumpScale,1
NPR/HalftoneHatching,Look,def,color,_InkColor,0.05|0.05|0.1|1
NPR/HalftoneHatching,Look,def,color,_PaperColor,0.95|0.93|0.88|1
NPR/HalftoneHatching,Look,def,float,_TextureInfluence,1
NPR/HalftoneHatching,Look,def,float,_PatternMode,0
NPR/HalftoneHatching,Look,def,float,_HalftoneScale,100
NPR/HalftoneHatching,Look,def,float,_HalftoneSharpness,1.5
NPR/HalftoneHatching,Look,def,float,_HalftoneSpace,1
NPR/HalftoneHatching,Look,def,float,_HalftoneAngle,45
NPR/HalftoneHatching,Look,def,float,_HatchStyle,1
NPR/HalftoneHatching,Look,def,float,_HatchScale,100
NPR/HalftoneHatching,Look,def,float,_HatchAngle,45
NPR/HalftoneHatching,Look,def,float,_HatchThickness,0.044
NPR/HalftoneHatching,Look,def,float,_CrossHatchAngle,132
NPR/HalftoneHatching,Look,def,float,_DotSize,0.133
NPR/HalftoneHatching,Look,def,float,_StippleScale,5
NPR/HalftoneHatching,Look,def,float,_StippleDensity,1.19
NPR/HalftoneHatching,Look,def,float,_LightingInfluence,0.75
NPR/HalftoneHatching,Look,def,float,_ToneLevels,6.88
NPR/HalftoneHatching,Look,def,float,_ToneBias,-0.093
NPR/HalftoneHatching,Look,def,color,_OutlineColor,0|0|0|1
NPR/HalftoneHatching,Look,def,float,_OutlineWidth,0.005
NPR/HalftoneHatching,Look,def,float,_Alpha,1
NPR/HalftoneHatching,Look,def,float,_AlphaCutoff,0.07
Custom/GaussianPrefilteredSobel,Head,Manual,float,_UseDebugDefaults,0
Custom/GaussianPrefilteredSobel,Head,Manual,float,_DebugView,0
Custom/GaussianPrefilteredSobel,Head,Manual,color,_Color,1|1|1|1
Custom/GaussianPrefilteredSobel,Head,Manual,float,_TextureIntensity,1
Custom/GaussianPrefilteredSobel,Head,Manual,float,_BumpScale,1
Custom/GaussianPrefilteredSobel,Head,Manual,float,_LightSensitivity,0.8
Custom/GaussianPrefilteredSobel,Head,Manual,float,_RampSmoothing,0.05
Custom/GaussianPrefilteredSobel,Head,Manual,color,_ShadowColor,0.3|0.3|0.45|1
Custom/GaussianPrefilteredSobel,Head,Manual,float,_ShadowStrength,0.5
Custom/GaussianPrefilteredSobel,Head,Manual,float,_DetailMode,0
Custom/GaussianPrefilteredSobel,Head,Manual,float,_DetailBias,0
Custom/GaussianPrefilteredSobel,Head,Manual,float,_DepthNear,5
Custom/GaussianPrefilteredSobel,Head,Manual,float,_DepthFar,50
Custom/GaussianPrefilteredSobel,Head,Manual,float,_ManualDetail,0.5
Custom/GaussianPrefilteredSobel,Head,Manual,float,_EnableOuterOutline,1
Custom/GaussianPrefilteredSobel,Head,Manual,float,_OuterOutlineWidth,0.005
Custom/GaussianPrefilteredSobel,Head,Manual,color,_OuterOutlineColor,0|0|0|1
Custom/GaussianPrefilteredSobel,Head,Manual,float,_UseOutlineDepthOffset,0
Custom/GaussianPrefilteredSobel,Head,Manual,float,_OutlineDepthBias,1
Custom/GaussianPrefilteredSobel,Head,Manual,float,_EnableTextureSobel,1
Custom/GaussianPrefilteredSobel,Head,Manual,float,_EnableNormalEdges,0
Custom/GaussianPrefilteredSobel,Head,Manual,float,_EnableFresnelEdge,0
Custom/GaussianPrefilteredSobel,Head,Manual,float,_UseLightFiltering,0
Custom/GaussianPrefilteredSobel,Head,Manual,float,_UseModerateFiltering,0
Custom/GaussianPrefilteredSobel,Head,Manual,float,_UseAggressiveFiltering,1
Custom/GaussianPrefilteredSobel,Head,Manual,color,_InnerLineColor,0|0|0|1
Custom/GaussianPrefilteredSobel,Head,Manual,float,_InnerLineThreshold,0.273
Custom/GaussianPrefilteredSobel,Head,Manual,float,_InnerLineBlur,0.5
Custom/GaussianPrefilteredSobel,Head,Manual,float,_InnerLineStrength,1
Custom/GaussianPrefilteredSobel,Head,Manual,float,_EnableGaussianBlur,1
Custom/GaussianPrefilteredSobel,Head,Manual,float,_BlurRadiusMultiplier,10
Custom/GaussianPrefilteredSobel,Head,Manual,float,_GaussianCenterWeight,0.5
Custom/GaussianPrefilteredSobel,Head,Manual,float,_GaussianCardinalWeight,0.5
Custom/GaussianPrefilteredSobel,Head,Manual,float,_GaussianDiagonalWeight,0.25
Custom/GaussianPrefilteredSobel,Head,Manual,float,_EnableThreshold,1
Custom/GaussianPrefilteredSobel,Head,Manual,float,_ThresholdMinMultiplier,0
Custom/GaussianPrefilteredSobel,Head,Manual,float,_ThresholdMaxMultiplier,1.9
Custom/GaussianPrefilteredSobel,Head,Manual,float,_EnablePass1,1
Custom/GaussianPrefilteredSobel,Head,Manual,float,_EnablePass2,1
Custom/GaussianPrefilteredSobel,Head,Manual,float,_EnablePass3,1
Custom/GaussianPrefilteredSobel,Head,Manual,float,_EnablePass4,1
Custom/GaussianPrefilteredSobel,Head,Manual,float,_SmoothstepTightness,0.5
Custom/GaussianPrefilteredSobel,Head,Manual,float,_EnablePowerCurve,0
Custom/GaussianPrefilteredSobel,Head,Manual,float,_PowerCurve,0.5
Custom/GaussianPrefilteredSobel,Head,Manual,float,_NormalEdgeThreshold,0
Custom/GaussianPrefilteredSobel,Head,Manual,float,_NormalEdgeStrength,0
Custom/GaussianPrefilteredSobel,Head,Manual,float,_NormalEdgeSmoothness,0.01
Custom/GaussianPrefilteredSobel,Head,Manual,float,_FresnelEdgeThreshold,0.3
Custom/GaussianPrefilteredSobel,Head,Manual,float,_FresnelEdgeStrength,0
Custom/GaussianPrefilteredSobel,Head,Manual,color,_EdgeColor,0|0|0|1
Custom/GaussianPrefilteredSobel,Head,Manual,float,_EdgeBlendMode,0
Custom/GaussianPrefilteredSobel,Head,Manual,float,_EnableRim,1
Custom/GaussianPrefilteredSobel,Head,Manual,color,_RimColor,0.408|0.408|0.408|1
Custom/GaussianPrefilteredSobel,Head,Manual,float,_RimPower,4
Custom/GaussianPrefilteredSobel,Head,Manual,color,_AmbientColor,0.35|0.35|0.35|1
Custom/GaussianPrefilteredSobel,Head,Manual,float,_EnableAlphaTest,0
Custom/GaussianPrefilteredSobel,Head,Manual,float,_AlphaCutoff,0.1
Custom/ChromaticEdge,Head,Depth,float,_UseDebugDefaults,0
Custom/ChromaticEdge,Head,Depth,float,_DebugView,0
Custom/ChromaticEdge,Head,Depth,color,_Color,1|1|1|1
Custom/ChromaticEdge,Head,Depth,float,_TextureIntensity,1
Custom/ChromaticEdge,Head,Depth,float,_BumpScale,1
Custom/ChromaticEdge,Head,Depth,float,_LightSensitivity,0.8
Custom/ChromaticEdge,Head,Depth,float,_RampSmoothing,0.05
Custom/ChromaticEdge,Head,Depth,color,_ShadowColor,0.3|0.3|0.45|1
Custom/ChromaticEdge,Head,Depth,float,_ShadowStrength,0.5
Custom/ChromaticEdge,Head,Depth,float,_DetailMode,0
Custom/ChromaticEdge,Head,Depth,float,_DetailBias,0
Custom/ChromaticEdge,Head,Depth,float,_DepthNear,5
Custom/ChromaticEdge,Head,Depth,float,_DepthFar,50
Custom/ChromaticEdge,Head,Depth,float,_ManualDetail,0.5
Custom/ChromaticEdge,Head,Depth,float,_EnableOuterOutline,1
Custom/ChromaticEdge,Head,Depth,float,_OuterOutlineWidth,0.005
Custom/ChromaticEdge,Head,Depth,color,_OuterOutlineColor,0|0|0|1
Custom/ChromaticEdge,Head,Depth,float,_UseOutlineDepthOffset,0
Custom/ChromaticEdge,Head,Depth,float,_OutlineDepthBias,1
Custom/ChromaticEdge,Head,Depth,float,_EnableTextureSobel,0
Custom/ChromaticEdge,Head,Depth,color,_InnerLineColor,0|0|0|1
Custom/ChromaticEdge,Head,Depth,float,_InnerLineThreshold,0.2
Custom/ChromaticEdge,Head,Depth,float,_InnerLineBlur,0.5
Custom/ChromaticEdge,Head,Depth,float,_InnerLineStrength,1
Custom/ChromaticEdge,Head,Depth,float,_EnableGaussianBlur,1
Custom/ChromaticEdge,Head,Depth,float,_BlurRadiusMultiplier,1
Custom/ChromaticEdge,Head,Depth,float,_GaussianCenterWeight,0.25
Custom/ChromaticEdge,Head,Depth,float,_GaussianCardinalWeight,0.125
Custom/ChromaticEdge,Head,Depth,float,_GaussianDiagonalWeight,0.0625
Custom/ChromaticEdge,Head,Depth,float,_UseLightFiltering,0
Custom/ChromaticEdge,Head,Depth,float,_UseModerateFiltering,0
Custom/ChromaticEdge,Head,Depth,float,_UseAggressiveFiltering,0
Custom/ChromaticEdge,Head,Depth,float,_EnableThreshold,1
Custom/ChromaticEdge,Head,Depth,float,_ThresholdMinMultiplier,0.2
Custom/ChromaticEdge,Head,Depth,float,_ThresholdMaxMultiplier,2
Custom/ChromaticEdge,Head,Depth,float,_EnablePass1,1
Custom/ChromaticEdge,Head,Depth,float,_EnablePass2,1
Custom/ChromaticEdge,Head,Depth,float,_EnablePass3,1
Custom/ChromaticEdge,Head,Depth,float,_EnablePass4,1
Custom/ChromaticEdge,Head,Depth,float,_SmoothstepTightness,0.2
Custom/ChromaticEdge,Head,Depth,float,_EnablePowerCurve,1
Custom/ChromaticEdge,Head,Depth,float,_PowerCurve,1.5
Custom/ChromaticEdge,Head,Depth,float,_EnableNormalEdges,0
Custom/ChromaticEdge,Head,Depth,float,_NormalEdgeThreshold,0.5
Custom/ChromaticEdge,Head,Depth,float,_NormalEdgeStrength,0.5
Custom/ChromaticEdge,Head,Depth,float,_NormalEdgeSmoothness,0.1
Custom/ChromaticEdge,Head,Depth,color,_EdgeColor,0|0|0|1
Custom/ChromaticEdge,Head,Depth,float,_EdgeBlendMode,0
Custom/ChromaticEdge,Head,Depth,float,_EnableLipEdge,1
Custom/ChromaticEdge,Head,Depth,color,_LipTargetColor,0.5255|0.2706|0.2588|1
Custom/ChromaticEdge,Head,Depth,float,_LipColorTolerance,0.048
Custom/ChromaticEdge,Head,Depth,float,_LipEdgeSampleDist,0.14
Custom/ChromaticEdge,Head,Depth,float,_LipEdgeThreshold,0.155
Custom/ChromaticEdge,Head,Depth,float,_LipEdgeSmoothWidth,0.317
Custom/ChromaticEdge,Head,Depth,float,_LipEdgePower,1.48
Custom/ChromaticEdge,Head,Depth,float,_LipEdgeStrength,1
Custom/ChromaticEdge,Head,Depth,color,_LipEdgeColor,0.08|0.02|0.02|1
Custom/ChromaticEdge,Head,Depth,float,_EnableSkinBoundary,1
Custom/ChromaticEdge,Head,Depth,color,_SkinTargetColor,0.498|0.3373|0.2392|1
Custom/ChromaticEdge,Head,Depth,float,_SkinColorTolerance,0.208
Custom/ChromaticEdge,Head,Depth,float,_EnableBrowEdge,1
Custom/ChromaticEdge,Head,Depth,color,_BrowTargetColor,0.12|0.08|0.06|1
Custom/ChromaticEdge,Head,Depth,float,_BrowColorTolerance,0.12
Custom/ChromaticEdge,Head,Depth,float,_BrowEdgeSampleDist,1
Custom/ChromaticEdge,Head,Depth,float,_BrowEdgeThreshold,0.15
Custom/ChromaticEdge,Head,Depth,float,_BrowEdgeSmoothWidth,0.3
Custom/ChromaticEdge,Head,Depth,float,_BrowEdgePower,1.5
Custom/ChromaticEdge,Head,Depth,float,_BrowEdgeStrength,1
Custom/ChromaticEdge,Head,Depth,color,_BrowEdgeColor,0.04|0.03|0.02|1
Custom/ChromaticEdge,Head,Depth,float,_BrowSuppressMouth,1
Custom/ChromaticEdge,Head,Depth,float,_BrowMouthSuppressRadius,15
Custom/ChromaticEdge,Head,Depth,float,_BrowMouthSuppressStrength,1
Custom/ChromaticEdge,Head,Depth,float,_EnableWideLipSobel,0
Custom/ChromaticEdge,Head,Depth,float,_LipFarOffsetScale,2
Custom/ChromaticEdge,Head,Depth,float,_LipWideCornerWeight,0.5
Custom/ChromaticEdge,Head,Depth,float,_EnableRim,1
Custom/ChromaticEdge,Head,Depth,color,_RimColor,0.408|0.408|0.408|1
Custom/ChromaticEdge,Head,Depth,float,_RimPower,4
Custom/ChromaticEdge,Head,Depth,color,_AmbientColor,0.35|0.35|0.35|1
Custom/ChromaticEdge,Head,Depth,float,_EnableAlphaTest,0
Custom/ChromaticEdge,Head,Depth,float,_AlphaCutoff,0.07
Custom/GaussianPrefilteredSobel,Look,V2,float,_UseDebugDefaults,0
Custom/GaussianPrefilteredSobel,Look,V2,float,_DebugView,0
Custom/GaussianPrefilteredSobel,Look,V2,color,_Color,1|1|1|1
Custom/GaussianPrefilteredSobel,Look,V2,float,_TextureIntensity,1
Custom/GaussianPrefilteredSobel,Look,V2,float,_BumpScale,1
Custom/GaussianPrefilteredSobel,Look,V2,float,_LightSensitivity,0.372
Custom/GaussianPrefilteredSobel,Look,V2,float,_RampSmoothing,0.05
Custom/GaussianPrefilteredSobel,Look,V2,color,_ShadowColor,0.3|0.3|0.45|1
Custom/GaussianPrefilteredSobel,Look,V2,float,_ShadowStrength,0.5
Custom/GaussianPrefilteredSobel,Look,V2,float,_DetailMode,0
Custom/GaussianPrefilteredSobel,Look,V2,float,_DetailBias,0.178
Custom/GaussianPrefilteredSobel,Look,V2,float,_DepthNear,5
Custom/GaussianPrefilteredSobel,Look,V2,float,_DepthFar,50
Custom/GaussianPrefilteredSobel,Look,V2,float,_ManualDetail,0.5
Custom/GaussianPrefilteredSobel,Look,V2,float,_EnableOuterOutline,1
Custom/GaussianPrefilteredSobel,Look,V2,float,_OuterOutlineWidth,0.005
Custom/GaussianPrefilteredSobel,Look,V2,color,_OuterOutlineColor,0|0|0|1
Custom/GaussianPrefilteredSobel,Look,V2,float,_UseOutlineDepthOffset,0
Custom/GaussianPrefilteredSobel,Look,V2,float,_OutlineDepthBias,1
Custom/GaussianPrefilteredSobel,Look,V2,float,_EnableTextureSobel,1
Custom/GaussianPrefilteredSobel,Look,V2,float,_EnableNormalEdges,0
Custom/GaussianPrefilteredSobel,Look,V2,float,_EnableFresnelEdge,0
Custom/GaussianPrefilteredSobel,Look,V2,float,_UseLightFiltering,0
Custom/GaussianPrefilteredSobel,Look,V2,float,_UseModerateFiltering,0
Custom/GaussianPrefilteredSobel,Look,V2,float,_UseAggressiveFiltering,1
Custom/GaussianPrefilteredSobel,Look,V2,color,_InnerLineColor,0|0|0|1
Custom/GaussianPrefilteredSobel,Look,V2,float,_InnerLineThreshold,0.02
Custom/GaussianPrefilteredSobel,Look,V2,float,_InnerLineBlur,0.2
Custom/GaussianPrefilteredSobel,Look,V2,float,_InnerLineStrength,1
Custom/GaussianPrefilteredSobel,Look,V2,float,_EnableGaussianBlur,1
Custom/GaussianPrefilteredSobel,Look,V2,float,_BlurRadiusMultiplier,10
Custom/GaussianPrefilteredSobel,Look,V2,float,_GaussianCenterWeight,0.46
Custom/GaussianPrefilteredSobel,Look,V2,float,_GaussianCardinalWeight,0.5
Custom/GaussianPrefilteredSobel,Look,V2,float,_GaussianDiagonalWeight,0.25
Custom/GaussianPrefilteredSobel,Look,V2,float,_EnableThreshold,1
Custom/GaussianPrefilteredSobel,Look,V2,float,_ThresholdMinMultiplier,0
Custom/GaussianPrefilteredSobel,Look,V2,float,_ThresholdMaxMultiplier,2.63
Custom/GaussianPrefilteredSobel,Look,V2,float,_EnablePass1,0
Custom/GaussianPrefilteredSobel,Look,V2,float,_EnablePass2,0
Custom/GaussianPrefilteredSobel,Look,V2,float,_EnablePass3,0
Custom/GaussianPrefilteredSobel,Look,V2,float,_EnablePass4,0
Custom/GaussianPrefilteredSobel,Look,V2,float,_SmoothstepTightness,0.281
Custom/GaussianPrefilteredSobel,Look,V2,float,_EnablePowerCurve,0
Custom/GaussianPrefilteredSobel,Look,V2,float,_PowerCurve,0.5
Custom/GaussianPrefilteredSobel,Look,V2,float,_NormalEdgeThreshold,0
Custom/GaussianPrefilteredSobel,Look,V2,float,_NormalEdgeStrength,0
Custom/GaussianPrefilteredSobel,Look,V2,float,_NormalEdgeSmoothness,0.01
Custom/GaussianPrefilteredSobel,Look,V2,float,_FresnelEdgeThreshold,0.3
Custom/GaussianPrefilteredSobel,Look,V2,float,_FresnelEdgeStrength,0
Custom/GaussianPrefilteredSobel,Look,V2,color,_EdgeColor,0|0|0|1
Custom/GaussianPrefilteredSobel,Look,V2,float,_EdgeBlendMode,0
Custom/GaussianPrefilteredSobel,Look,V2,float,_EnableRim,1
Custom/GaussianPrefilteredSobel,Look,V2,color,_RimColor,0.408|0.408|0.408|1
Custom/GaussianPrefilteredSobel,Look,V2,float,_RimPower,4
Custom/GaussianPrefilteredSobel,Look,V2,color,_AmbientColor,0.35|0.35|0.35|1
Custom/GaussianPrefilteredSobel,Look,V2,float,_EnableAlphaTest,0
Custom/GaussianPrefilteredSobel,Look,V2,float,_AlphaCutoff,0.1
Custom/GaussianPrefilteredSobel,Head,V3,float,_UseDebugDefaults,0
Custom/GaussianPrefilteredSobel,Head,V3,float,_DebugView,0
Custom/GaussianPrefilteredSobel,Head,V3,color,_Color,1|1|1|1
Custom/GaussianPrefilteredSobel,Head,V3,float,_TextureIntensity,1
Custom/GaussianPrefilteredSobel,Head,V3,float,_BumpScale,1
Custom/GaussianPrefilteredSobel,Head,V3,float,_LightSensitivity,0.372
Custom/GaussianPrefilteredSobel,Head,V3,float,_RampSmoothing,0.05
Custom/GaussianPrefilteredSobel,Head,V3,color,_ShadowColor,0.3|0.3|0.45|1
Custom/GaussianPrefilteredSobel,Head,V3,float,_ShadowStrength,0.5
Custom/GaussianPrefilteredSobel,Head,V3,float,_DetailMode,0
Custom/GaussianPrefilteredSobel,Head,V3,float,_DetailBias,0.178
Custom/GaussianPrefilteredSobel,Head,V3,float,_DepthNear,5
Custom/GaussianPrefilteredSobel,Head,V3,float,_DepthFar,50
Custom/GaussianPrefilteredSobel,Head,V3,float,_ManualDetail,0.5
Custom/GaussianPrefilteredSobel,Head,V3,float,_EnableOuterOutline,1
Custom/GaussianPrefilteredSobel,Head,V3,float,_OuterOutlineWidth,0.005
Custom/GaussianPrefilteredSobel,Head,V3,color,_OuterOutlineColor,0|0|0|1
Custom/GaussianPrefilteredSobel,Head,V3,float,_UseOutlineDepthOffset,0
Custom/GaussianPrefilteredSobel,Head,V3,float,_OutlineDepthBias,1
Custom/GaussianPrefilteredSobel,Head,V3,float,_EnableTextureSobel,1
Custom/GaussianPrefilteredSobel,Head,V3,float,_EnableNormalEdges,0
Custom/GaussianPrefilteredSobel,Head,V3,float,_EnableFresnelEdge,0
Custom/GaussianPrefilteredSobel,Head,V3,float,_UseLightFiltering,0
Custom/GaussianPrefilteredSobel,Head,V3,float,_UseModerateFiltering,0
Custom/GaussianPrefilteredSobel,Head,V3,float,_UseAggressiveFiltering,1
Custom/GaussianPrefilteredSobel,Head,V3,color,_InnerLineColor,0|0|0|1
Custom/GaussianPrefilteredSobel,Head,V3,float,_InnerLineThreshold,0.03
Custom/GaussianPrefilteredSobel,Head,V3,float,_InnerLineBlur,0.2
Custom/GaussianPrefilteredSobel,Head,V3,float,_InnerLineStrength,1
Custom/GaussianPrefilteredSobel,Head,V3,float,_EnableGaussianBlur,0
Custom/GaussianPrefilteredSobel,Head,V3,float,_BlurRadiusMultiplier,10
Custom/GaussianPrefilteredSobel,Head,V3,float,_GaussianCenterWeight,0.46
Custom/GaussianPrefilteredSobel,Head,V3,float,_GaussianCardinalWeight,0.309
Custom/GaussianPrefilteredSobel,Head,V3,float,_GaussianDiagonalWeight,0.25
Custom/GaussianPrefilteredSobel,Head,V3,float,_EnableThreshold,1
Custom/GaussianPrefilteredSobel,Head,V3,float,_ThresholdMinMultiplier,0
Custom/GaussianPrefilteredSobel,Head,V3,float,_ThresholdMaxMultiplier,2.63
Custom/GaussianPrefilteredSobel,Head,V3,float,_EnablePass1,0
Custom/GaussianPrefilteredSobel,Head,V3,float,_EnablePass2,0
Custom/GaussianPrefilteredSobel,Head,V3,float,_EnablePass3,0
Custom/GaussianPrefilteredSobel,Head,V3,float,_EnablePass4,0
Custom/GaussianPrefilteredSobel,Head,V3,float,_SmoothstepTightness,0.281
Custom/GaussianPrefilteredSobel,Head,V3,float,_EnablePowerCurve,0
Custom/GaussianPrefilteredSobel,Head,V3,float,_PowerCurve,0.5
Custom/GaussianPrefilteredSobel,Head,V3,float,_NormalEdgeThreshold,0
Custom/GaussianPrefilteredSobel,Head,V3,float,_NormalEdgeStrength,0
Custom/GaussianPrefilteredSobel,Head,V3,float,_NormalEdgeSmoothness,0.01
Custom/GaussianPrefilteredSobel,Head,V3,float,_FresnelEdgeThreshold,0.3
Custom/GaussianPrefilteredSobel,Head,V3,float,_FresnelEdgeStrength,0
Custom/GaussianPrefilteredSobel,Head,V3,color,_EdgeColor,0|0|0|1
Custom/GaussianPrefilteredSobel,Head,V3,float,_EdgeBlendMode,0
Custom/GaussianPrefilteredSobel,Head,V3,float,_EnableRim,1
Custom/GaussianPrefilteredSobel,Head,V3,color,_RimColor,0.408|0.408|0.408|1
Custom/GaussianPrefilteredSobel,Head,V3,float,_RimPower,4
Custom/GaussianPrefilteredSobel,Head,V3,color,_AmbientColor,0.35|0.35|0.35|1
Custom/GaussianPrefilteredSobel,Head,V3,float,_EnableAlphaTest,0
Custom/GaussianPrefilteredSobel,Head,V3,float,_AlphaCutoff,0.1
Custom/GaussianPrefilteredSobel,Hair,V3,float,_UseDebugDefaults,0
Custom/GaussianPrefilteredSobel,Hair,V3,float,_DebugView,0
Custom/GaussianPrefilteredSobel,Hair,V3,color,_Color,1|1|1|1
Custom/GaussianPrefilteredSobel,Hair,V3,float,_TextureIntensity,1
Custom/GaussianPrefilteredSobel,Hair,V3,float,_BumpScale,1
Custom/GaussianPrefilteredSobel,Hair,V3,float,_LightSensitivity,0.372
Custom/GaussianPrefilteredSobel,Hair,V3,float,_RampSmoothing,0.05
Custom/GaussianPrefilteredSobel,Hair,V3,color,_ShadowColor,0.3|0.3|0.45|1
Custom/GaussianPrefilteredSobel,Hair,V3,float,_ShadowStrength,0.5
Custom/GaussianPrefilteredSobel,Hair,V3,float,_DetailMode,0
Custom/GaussianPrefilteredSobel,Hair,V3,float,_DetailBias,0.178
Custom/GaussianPrefilteredSobel,Hair,V3,float,_DepthNear,5
Custom/GaussianPrefilteredSobel,Hair,V3,float,_DepthFar,50
Custom/GaussianPrefilteredSobel,Hair,V3,float,_ManualDetail,0.5
Custom/GaussianPrefilteredSobel,Hair,V3,float,_EnableOuterOutline,1
Custom/GaussianPrefilteredSobel,Hair,V3,float,_OuterOutlineWidth,0.005
Custom/GaussianPrefilteredSobel,Hair,V3,color,_OuterOutlineColor,0|0|0|1
Custom/GaussianPrefilteredSobel,Hair,V3,float,_UseOutlineDepthOffset,0
Custom/GaussianPrefilteredSobel,Hair,V3,float,_OutlineDepthBias,1
Custom/GaussianPrefilteredSobel,Hair,V3,float,_EnableTextureSobel,1
Custom/GaussianPrefilteredSobel,Hair,V3,float,_EnableNormalEdges,0
Custom/GaussianPrefilteredSobel,Hair,V3,float,_EnableFresnelEdge,0
Custom/GaussianPrefilteredSobel,Hair,V3,float,_UseLightFiltering,0
Custom/GaussianPrefilteredSobel,Hair,V3,float,_UseModerateFiltering,0
Custom/GaussianPrefilteredSobel,Hair,V3,float,_UseAggressiveFiltering,1
Custom/GaussianPrefilteredSobel,Hair,V3,color,_InnerLineColor,0|0|0|1
Custom/GaussianPrefilteredSobel,Hair,V3,float,_InnerLineThreshold,0.03
Custom/GaussianPrefilteredSobel,Hair,V3,float,_InnerLineBlur,0.2
Custom/GaussianPrefilteredSobel,Hair,V3,float,_InnerLineStrength,1
Custom/GaussianPrefilteredSobel,Hair,V3,float,_EnableGaussianBlur,0
Custom/GaussianPrefilteredSobel,Hair,V3,float,_BlurRadiusMultiplier,10
Custom/GaussianPrefilteredSobel,Hair,V3,float,_GaussianCenterWeight,0.46
Custom/GaussianPrefilteredSobel,Hair,V3,float,_GaussianCardinalWeight,0.309
Custom/GaussianPrefilteredSobel,Hair,V3,float,_GaussianDiagonalWeight,0.25
Custom/GaussianPrefilteredSobel,Hair,V3,float,_EnableThreshold,1
Custom/GaussianPrefilteredSobel,Hair,V3,float,_ThresholdMinMultiplier,0
Custom/GaussianPrefilteredSobel,Hair,V3,float,_ThresholdMaxMultiplier,2.63
Custom/GaussianPrefilteredSobel,Hair,V3,float,_EnablePass1,0
Custom/GaussianPrefilteredSobel,Hair,V3,float,_EnablePass2,0
Custom/GaussianPrefilteredSobel,Hair,V3,float,_EnablePass3,0
Custom/GaussianPrefilteredSobel,Hair,V3,float,_EnablePass4,0
Custom/GaussianPrefilteredSobel,Hair,V3,float,_SmoothstepTightness,0.281
Custom/GaussianPrefilteredSobel,Hair,V3,float,_EnablePowerCurve,0
Custom/GaussianPrefilteredSobel,Hair,V3,float,_PowerCurve,0.5
Custom/GaussianPrefilteredSobel,Hair,V3,float,_NormalEdgeThreshold,0
Custom/GaussianPrefilteredSobel,Hair,V3,float,_NormalEdgeStrength,0
Custom/GaussianPrefilteredSobel,Hair,V3,float,_NormalEdgeSmoothness,0.01
Custom/GaussianPrefilteredSobel,Hair,V3,float,_FresnelEdgeThreshold,0.3
Custom/GaussianPrefilteredSobel,Hair,V3,float,_FresnelEdgeStrength,0
Custom/GaussianPrefilteredSobel,Hair,V3,color,_EdgeColor,0|0|0|1
Custom/GaussianPrefilteredSobel,Hair,V3,float,_EdgeBlendMode,0
Custom/GaussianPrefilteredSobel,Hair,V3,float,_EnableRim,1
Custom/GaussianPrefilteredSobel,Hair,V3,color,_RimColor,0.408|0.408|0.408|1
Custom/GaussianPrefilteredSobel,Hair,V3,float,_RimPower,4
Custom/GaussianPrefilteredSobel,Hair,V3,color,_AmbientColor,0.35|0.35|0.35|1
Custom/GaussianPrefilteredSobel,Hair,V3,float,_EnableAlphaTest,1
Custom/GaussianPrefilteredSobel,Hair,V3,float,_AlphaCutoff,0.1
Custom/GaussianPrefilteredSobel,Head,V1,float,_UseDebugDefaults,0
Custom/GaussianPrefilteredSobel,Head,V1,float,_DebugView,0
Custom/GaussianPrefilteredSobel,Head,V1,color,_Color,1|1|1|1
Custom/GaussianPrefilteredSobel,Head,V1,float,_TextureIntensity,1
Custom/GaussianPrefilteredSobel,Head,V1,float,_BumpScale,1
Custom/GaussianPrefilteredSobel,Head,V1,float,_LightSensitivity,0.5
Custom/GaussianPrefilteredSobel,Head,V1,float,_RampSmoothing,0.05
Custom/GaussianPrefilteredSobel,Head,V1,color,_ShadowColor,0.3|0.3|0.45|1
Custom/GaussianPrefilteredSobel,Head,V1,float,_ShadowStrength,0.5
Custom/GaussianPrefilteredSobel,Head,V1,float,_DetailMode,0
Custom/GaussianPrefilteredSobel,Head,V1,float,_DetailBias,0.5
Custom/GaussianPrefilteredSobel,Head,V1,float,_DepthNear,0.1
Custom/GaussianPrefilteredSobel,Head,V1,float,_DepthFar,20
Custom/GaussianPrefilteredSobel,Head,V1,float,_ManualDetail,0.013
Custom/GaussianPrefilteredSobel,Head,V1,float,_EnableOuterOutline,1
Custom/GaussianPrefilteredSobel,Head,V1,float,_OuterOutlineWidth,0.005
Custom/GaussianPrefilteredSobel,Head,V1,color,_OuterOutlineColor,0|0|0|1
Custom/GaussianPrefilteredSobel,Head,V1,float,_UseOutlineDepthOffset,1
Custom/GaussianPrefilteredSobel,Head,V1,float,_OutlineDepthBias,1
Custom/GaussianPrefilteredSobel,Head,V1,float,_EnableTextureSobel,1
Custom/GaussianPrefilteredSobel,Head,V1,float,_EnableNormalEdges,0
Custom/GaussianPrefilteredSobel,Head,V1,float,_EnableFresnelEdge,0
Custom/GaussianPrefilteredSobel,Head,V1,float,_UseLightFiltering,0
Custom/GaussianPrefilteredSobel,Head,V1,float,_UseModerateFiltering,0
Custom/GaussianPrefilteredSobel,Head,V1,float,_UseAggressiveFiltering,1
Custom/GaussianPrefilteredSobel,Head,V1,color,_InnerLineColor,0|0|0|1
Custom/GaussianPrefilteredSobel,Head,V1,float,_InnerLineThreshold,0.01
Custom/GaussianPrefilteredSobel,Head,V1,float,_InnerLineBlur,0.2
Custom/GaussianPrefilteredSobel,Head,V1,float,_InnerLineStrength,1
Custom/GaussianPrefilteredSobel,Head,V1,float,_EnableGaussianBlur,0
Custom/GaussianPrefilteredSobel,Head,V1,float,_BlurRadiusMultiplier,10
Custom/GaussianPrefilteredSobel,Head,V1,float,_GaussianCenterWeight,0.46
Custom/GaussianPrefilteredSobel,Head,V1,float,_GaussianCardinalWeight,0.309
Custom/GaussianPrefilteredSobel,Head,V1,float,_GaussianDiagonalWeight,0.25
Custom/GaussianPrefilteredSobel,Head,V1,float,_EnableThreshold,1
Custom/GaussianPrefilteredSobel,Head,V1,float,_ThresholdMinMultiplier,0
Custom/GaussianPrefilteredSobel,Head,V1,float,_ThresholdMaxMultiplier,2.6
Custom/GaussianPrefilteredSobel,Head,V1,float,_EnablePass1,0
Custom/GaussianPrefilteredSobel,Head,V1,float,_EnablePass2,0
Custom/GaussianPrefilteredSobel,Head,V1,float,_EnablePass3,0
Custom/GaussianPrefilteredSobel,Head,V1,float,_EnablePass4,0
Custom/GaussianPrefilteredSobel,Head,V1,float,_SmoothstepTightness,0.281
Custom/GaussianPrefilteredSobel,Head,V1,float,_EnablePowerCurve,0
Custom/GaussianPrefilteredSobel,Head,V1,float,_PowerCurve,0.5
Custom/GaussianPrefilteredSobel,Head,V1,float,_NormalEdgeThreshold,0
Custom/GaussianPrefilteredSobel,Head,V1,float,_NormalEdgeStrength,0
Custom/GaussianPrefilteredSobel,Head,V1,float,_NormalEdgeSmoothness,0.01
Custom/GaussianPrefilteredSobel,Head,V1,float,_FresnelEdgeThreshold,0.3
Custom/GaussianPrefilteredSobel,Head,V1,float,_FresnelEdgeStrength,0
Custom/GaussianPrefilteredSobel,Head,V1,color,_EdgeColor,0|0|0|1
Custom/GaussianPrefilteredSobel,Head,V1,float,_EdgeBlendMode,0
Custom/GaussianPrefilteredSobel,Head,V1,float,_EnableRim,1
Custom/GaussianPrefilteredSobel,Head,V1,color,_RimColor,0.408|0.408|0.408|1
Custom/GaussianPrefilteredSobel,Head,V1,float,_RimPower,4
Custom/GaussianPrefilteredSobel,Head,V1,color,_AmbientColor,0.35|0.35|0.35|1
Custom/GaussianPrefilteredSobel,Head,V1,float,_EnableAlphaTest,0
Custom/GaussianPrefilteredSobel,Head,V1,float,_AlphaCutoff,0.1
Custom/GaussianPrefilteredSobel,Hair,V1,float,_UseDebugDefaults,0
Custom/GaussianPrefilteredSobel,Hair,V1,float,_DebugView,0
Custom/GaussianPrefilteredSobel,Hair,V1,color,_Color,1|1|1|1
Custom/GaussianPrefilteredSobel,Hair,V1,float,_TextureIntensity,1
Custom/GaussianPrefilteredSobel,Hair,V1,float,_BumpScale,1
Custom/GaussianPrefilteredSobel,Hair,V1,float,_LightSensitivity,0.5
Custom/GaussianPrefilteredSobel,Hair,V1,float,_RampSmoothing,0.05
Custom/GaussianPrefilteredSobel,Hair,V1,color,_ShadowColor,0.3|0.3|0.45|1
Custom/GaussianPrefilteredSobel,Hair,V1,float,_ShadowStrength,0.5
Custom/GaussianPrefilteredSobel,Hair,V1,float,_DetailMode,0
Custom/GaussianPrefilteredSobel,Hair,V1,float,_DetailBias,0.5
Custom/GaussianPrefilteredSobel,Hair,V1,float,_DepthNear,0.1
Custom/GaussianPrefilteredSobel,Hair,V1,float,_DepthFar,20
Custom/GaussianPrefilteredSobel,Hair,V1,float,_ManualDetail,0.013
Custom/GaussianPrefilteredSobel,Hair,V1,float,_EnableOuterOutline,1
Custom/GaussianPrefilteredSobel,Hair,V1,float,_OuterOutlineWidth,0.005
Custom/GaussianPrefilteredSobel,Hair,V1,color,_OuterOutlineColor,0|0|0|1
Custom/GaussianPrefilteredSobel,Hair,V1,float,_UseOutlineDepthOffset,1
Custom/GaussianPrefilteredSobel,Hair,V1,float,_OutlineDepthBias,1
Custom/GaussianPrefilteredSobel,Hair,V1,float,_EnableTextureSobel,1
Custom/GaussianPrefilteredSobel,Hair,V1,float,_EnableNormalEdges,0
Custom/GaussianPrefilteredSobel,Hair,V1,float,_EnableFresnelEdge,0
Custom/GaussianPrefilteredSobel,Hair,V1,float,_UseLightFiltering,0
Custom/GaussianPrefilteredSobel,Hair,V1,float,_UseModerateFiltering,0
Custom/GaussianPrefilteredSobel,Hair,V1,float,_UseAggressiveFiltering,1
Custom/GaussianPrefilteredSobel,Hair,V1,color,_InnerLineColor,0|0|0|1
Custom/GaussianPrefilteredSobel,Hair,V1,float,_InnerLineThreshold,0.01
Custom/GaussianPrefilteredSobel,Hair,V1,float,_InnerLineBlur,0.2
Custom/GaussianPrefilteredSobel,Hair,V1,float,_InnerLineStrength,1
Custom/GaussianPrefilteredSobel,Hair,V1,float,_EnableGaussianBlur,0
Custom/GaussianPrefilteredSobel,Hair,V1,float,_BlurRadiusMultiplier,10
Custom/GaussianPrefilteredSobel,Hair,V1,float,_GaussianCenterWeight,0.46
Custom/GaussianPrefilteredSobel,Hair,V1,float,_GaussianCardinalWeight,0.309
Custom/GaussianPrefilteredSobel,Hair,V1,float,_GaussianDiagonalWeight,0.25
Custom/GaussianPrefilteredSobel,Hair,V1,float,_EnableThreshold,1
Custom/GaussianPrefilteredSobel,Hair,V1,float,_ThresholdMinMultiplier,0
Custom/GaussianPrefilteredSobel,Hair,V1,float,_ThresholdMaxMultiplier,2.6
Custom/GaussianPrefilteredSobel,Hair,V1,float,_EnablePass1,0
Custom/GaussianPrefilteredSobel,Hair,V1,float,_EnablePass2,0
Custom/GaussianPrefilteredSobel,Hair,V1,float,_EnablePass3,0
Custom/GaussianPrefilteredSobel,Hair,V1,float,_EnablePass4,0
Custom/GaussianPrefilteredSobel,Hair,V1,float,_SmoothstepTightness,0.281
Custom/GaussianPrefilteredSobel,Hair,V1,float,_EnablePowerCurve,0
Custom/GaussianPrefilteredSobel,Hair,V1,float,_PowerCurve,0.5
Custom/GaussianPrefilteredSobel,Hair,V1,float,_NormalEdgeThreshold,0
Custom/GaussianPrefilteredSobel,Hair,V1,float,_NormalEdgeStrength,0
Custom/GaussianPrefilteredSobel,Hair,V1,float,_NormalEdgeSmoothness,0.01
Custom/GaussianPrefilteredSobel,Hair,V1,float,_FresnelEdgeThreshold,0.3
Custom/GaussianPrefilteredSobel,Hair,V1,float,_FresnelEdgeStrength,0
Custom/GaussianPrefilteredSobel,Hair,V1,color,_EdgeColor,0|0|0|1
Custom/GaussianPrefilteredSobel,Hair,V1,float,_EdgeBlendMode,0
Custom/GaussianPrefilteredSobel,Hair,V1,float,_EnableRim,1
Custom/GaussianPrefilteredSobel,Hair,V1,color,_RimColor,0.408|0.408|0.408|1
Custom/GaussianPrefilteredSobel,Hair,V1,float,_RimPower,4
Custom/GaussianPrefilteredSobel,Hair,V1,color,_AmbientColor,0.35|0.35|0.35|1
Custom/GaussianPrefilteredSobel,Hair,V1,float,_EnableAlphaTest,1
Custom/GaussianPrefilteredSobel,Hair,V1,float,_AlphaCutoff,0.1
Custom/GaussianPrefilteredSobel,Look,V1,float,_UseDebugDefaults,0
Custom/GaussianPrefilteredSobel,Look,V1,float,_DebugView,0
Custom/GaussianPrefilteredSobel,Look,V1,color,_Color,1|1|1|1
Custom/GaussianPrefilteredSobel,Look,V1,float,_TextureIntensity,1
Custom/GaussianPrefilteredSobel,Look,V1,float,_BumpScale,1
Custom/GaussianPrefilteredSobel,Look,V1,float,_LightSensitivity,0.5
Custom/GaussianPrefilteredSobel,Look,V1,float,_RampSmoothing,0.05
Custom/GaussianPrefilteredSobel,Look,V1,color,_ShadowColor,0.3|0.3|0.45|1
Custom/GaussianPrefilteredSobel,Look,V1,float,_ShadowStrength,0.5
Custom/GaussianPrefilteredSobel,Look,V1,float,_DetailMode,0
Custom/GaussianPrefilteredSobel,Look,V1,float,_DetailBias,0.5
Custom/GaussianPrefilteredSobel,Look,V1,float,_DepthNear,0.1
Custom/GaussianPrefilteredSobel,Look,V1,float,_DepthFar,20
Custom/GaussianPrefilteredSobel,Look,V1,float,_ManualDetail,0.013
Custom/GaussianPrefilteredSobel,Look,V1,float,_EnableOuterOutline,1
Custom/GaussianPrefilteredSobel,Look,V1,float,_OuterOutlineWidth,0.005
Custom/GaussianPrefilteredSobel,Look,V1,color,_OuterOutlineColor,0|0|0|1
Custom/GaussianPrefilteredSobel,Look,V1,float,_UseOutlineDepthOffset,1
Custom/GaussianPrefilteredSobel,Look,V1,float,_OutlineDepthBias,1
Custom/GaussianPrefilteredSobel,Look,V1,float,_EnableTextureSobel,1
Custom/GaussianPrefilteredSobel,Look,V1,float,_EnableNormalEdges,0
Custom/GaussianPrefilteredSobel,Look,V1,float,_EnableFresnelEdge,0
Custom/GaussianPrefilteredSobel,Look,V1,float,_UseLightFiltering,0
Custom/GaussianPrefilteredSobel,Look,V1,float,_UseModerateFiltering,0
Custom/GaussianPrefilteredSobel,Look,V1,float,_UseAggressiveFiltering,1
Custom/GaussianPrefilteredSobel,Look,V1,color,_InnerLineColor,0|0|0|1
Custom/GaussianPrefilteredSobel,Look,V1,float,_InnerLineThreshold,0.01
Custom/GaussianPrefilteredSobel,Look,V1,float,_InnerLineBlur,0.2
Custom/GaussianPrefilteredSobel,Look,V1,float,_InnerLineStrength,1
Custom/GaussianPrefilteredSobel,Look,V1,float,_EnableGaussianBlur,0
Custom/GaussianPrefilteredSobel,Look,V1,float,_BlurRadiusMultiplier,10
Custom/GaussianPrefilteredSobel,Look,V1,float,_GaussianCenterWeight,0.46
Custom/GaussianPrefilteredSobel,Look,V1,float,_GaussianCardinalWeight,0.309
Custom/GaussianPrefilteredSobel,Look,V1,float,_GaussianDiagonalWeight,0.25
Custom/GaussianPrefilteredSobel,Look,V1,float,_EnableThreshold,1
Custom/GaussianPrefilteredSobel,Look,V1,float,_ThresholdMinMultiplier,0
Custom/GaussianPrefilteredSobel,Look,V1,float,_ThresholdMaxMultiplier,2.6
Custom/GaussianPrefilteredSobel,Look,V1,float,_EnablePass1,0
Custom/GaussianPrefilteredSobel,Look,V1,float,_EnablePass2,0
Custom/GaussianPrefilteredSobel,Look,V1,float,_EnablePass3,0
Custom/GaussianPrefilteredSobel,Look,V1,float,_EnablePass4,0
Custom/GaussianPrefilteredSobel,Look,V1,float,_SmoothstepTightness,0.281
Custom/GaussianPrefilteredSobel,Look,V1,float,_EnablePowerCurve,0
Custom/GaussianPrefilteredSobel,Look,V1,float,_PowerCurve,0.5
Custom/GaussianPrefilteredSobel,Look,V1,float,_NormalEdgeThreshold,0
Custom/GaussianPrefilteredSobel,Look,V1,float,_NormalEdgeStrength,0
Custom/GaussianPrefilteredSobel,Look,V1,float,_NormalEdgeSmoothness,0.01
Custom/GaussianPrefilteredSobel,Look,V1,float,_FresnelEdgeThreshold,0.3
Custom/GaussianPrefilteredSobel,Look,V1,float,_FresnelEdgeStrength,0
Custom/GaussianPrefilteredSobel,Look,V1,color,_EdgeColor,0|0|0|1
Custom/GaussianPrefilteredSobel,Look,V1,float,_EdgeBlendMode,0
Custom/GaussianPrefilteredSobel,Look,V1,float,_EnableRim,1
Custom/GaussianPrefilteredSobel,Look,V1,color,_RimColor,0.408|0.408|0.408|1
Custom/GaussianPrefilteredSobel,Look,V1,float,_RimPower,4
Custom/GaussianPrefilteredSobel,Look,V1,color,_AmbientColor,0.35|0.35|0.35|1
Custom/GaussianPrefilteredSobel,Look,V1,float,_EnableAlphaTest,1
Custom/GaussianPrefilteredSobel,Look,V1,float,_AlphaCutoff,0.1
Custom/GaussianPrefilteredSobel,Head,V2,float,_UseDebugDefaults,0
Custom/GaussianPrefilteredSobel,Head,V2,float,_DebugView,0
Custom/GaussianPrefilteredSobel,Head,V2,color,_Color,1|1|1|1
Custom/GaussianPrefilteredSobel,Head,V2,float,_TextureIntensity,1
Custom/GaussianPrefilteredSobel,Head,V2,float,_BumpScale,1
Custom/GaussianPrefilteredSobel,Head,V2,float,_LightSensitivity,0.5
Custom/GaussianPrefilteredSobel,Head,V2,float,_RampSmoothing,0.05
Custom/GaussianPrefilteredSobel,Head,V2,color,_ShadowColor,0.3|0.3|0.45|1
Custom/GaussianPrefilteredSobel,Head,V2,float,_ShadowStrength,0.5
Custom/GaussianPrefilteredSobel,Head,V2,float,_DetailMode,0
Custom/GaussianPrefilteredSobel,Head,V2,float,_DetailBias,0.5
Custom/GaussianPrefilteredSobel,Head,V2,float,_DepthNear,0.1
Custom/GaussianPrefilteredSobel,Head,V2,float,_DepthFar,20
Custom/GaussianPrefilteredSobel,Head,V2,float,_ManualDetail,0.013
Custom/GaussianPrefilteredSobel,Head,V2,float,_EnableOuterOutline,1
Custom/GaussianPrefilteredSobel,Head,V2,float,_OuterOutlineWidth,0.005
Custom/GaussianPrefilteredSobel,Head,V2,color,_OuterOutlineColor,0|0|0|1
Custom/GaussianPrefilteredSobel,Head,V2,float,_UseOutlineDepthOffset,1
Custom/GaussianPrefilteredSobel,Head,V2,float,_OutlineDepthBias,1
Custom/GaussianPrefilteredSobel,Head,V2,float,_EnableTextureSobel,1
Custom/GaussianPrefilteredSobel,Head,V2,float,_EnableNormalEdges,0
Custom/GaussianPrefilteredSobel,Head,V2,float,_EnableFresnelEdge,0
Custom/GaussianPrefilteredSobel,Head,V2,float,_UseLightFiltering,0
Custom/GaussianPrefilteredSobel,Head,V2,float,_UseModerateFiltering,0
Custom/GaussianPrefilteredSobel,Head,V2,float,_UseAggressiveFiltering,1
Custom/GaussianPrefilteredSobel,Head,V2,color,_InnerLineColor,0|0|0|1
Custom/GaussianPrefilteredSobel,Head,V2,float,_InnerLineThreshold,0.02
Custom/GaussianPrefilteredSobel,Head,V2,float,_InnerLineBlur,0.2
Custom/GaussianPrefilteredSobel,Head,V2,float,_InnerLineStrength,1
Custom/GaussianPrefilteredSobel,Head,V2,float,_EnableGaussianBlur,0
Custom/GaussianPrefilteredSobel,Head,V2,float,_BlurRadiusMultiplier,10
Custom/GaussianPrefilteredSobel,Head,V2,float,_GaussianCenterWeight,0.46
Custom/GaussianPrefilteredSobel,Head,V2,float,_GaussianCardinalWeight,0.309
Custom/GaussianPrefilteredSobel,Head,V2,float,_GaussianDiagonalWeight,0.25
Custom/GaussianPrefilteredSobel,Head,V2,float,_EnableThreshold,1
Custom/GaussianPrefilteredSobel,Head,V2,float,_ThresholdMinMultiplier,0
Custom/GaussianPrefilteredSobel,Head,V2,float,_ThresholdMaxMultiplier,2.6
Custom/GaussianPrefilteredSobel,Head,V2,float,_EnablePass1,0
Custom/GaussianPrefilteredSobel,Head,V2,float,_EnablePass2,0
Custom/GaussianPrefilteredSobel,Head,V2,float,_EnablePass3,0
Custom/GaussianPrefilteredSobel,Head,V2,float,_EnablePass4,0
Custom/GaussianPrefilteredSobel,Head,V2,float,_SmoothstepTightness,0.281
Custom/GaussianPrefilteredSobel,Head,V2,float,_EnablePowerCurve,0
Custom/GaussianPrefilteredSobel,Head,V2,float,_PowerCurve,0.5
Custom/GaussianPrefilteredSobel,Head,V2,float,_NormalEdgeThreshold,0
Custom/GaussianPrefilteredSobel,Head,V2,float,_NormalEdgeStrength,0
Custom/GaussianPrefilteredSobel,Head,V2,float,_NormalEdgeSmoothness,0.01
Custom/GaussianPrefilteredSobel,Head,V2,float,_FresnelEdgeThreshold,0.3
Custom/GaussianPrefilteredSobel,Head,V2,float,_FresnelEdgeStrength,0
Custom/GaussianPrefilteredSobel,Head,V2,color,_EdgeColor,0|0|0|1
Custom/GaussianPrefilteredSobel,Head,V2,float,_EdgeBlendMode,0
Custom/GaussianPrefilteredSobel,Head,V2,float,_EnableRim,1
Custom/GaussianPrefilteredSobel,Head,V2,color,_RimColor,0.408|0.408|0.408|1
Custom/GaussianPrefilteredSobel,Head,V2,float,_RimPower,4
Custom/GaussianPrefilteredSobel,Head,V2,color,_AmbientColor,0.35|0.35|0.35|1
Custom/GaussianPrefilteredSobel,Head,V2,float,_EnableAlphaTest,1
Custom/GaussianPrefilteredSobel,Head,V2,float,_AlphaCutoff,0.1
Custom/GaussianPrefilteredSobel,Hair,V2,float,_UseDebugDefaults,0
Custom/GaussianPrefilteredSobel,Hair,V2,float,_DebugView,0
Custom/GaussianPrefilteredSobel,Hair,V2,color,_Color,1|1|1|1
Custom/GaussianPrefilteredSobel,Hair,V2,float,_TextureIntensity,1
Custom/GaussianPrefilteredSobel,Hair,V2,float,_BumpScale,1
Custom/GaussianPrefilteredSobel,Hair,V2,float,_LightSensitivity,0.5
Custom/GaussianPrefilteredSobel,Hair,V2,float,_RampSmoothing,0.05
Custom/GaussianPrefilteredSobel,Hair,V2,color,_ShadowColor,0.3|0.3|0.45|1
Custom/GaussianPrefilteredSobel,Hair,V2,float,_ShadowStrength,0.5
Custom/GaussianPrefilteredSobel,Hair,V2,float,_DetailMode,0
Custom/GaussianPrefilteredSobel,Hair,V2,float,_DetailBias,0.5
Custom/GaussianPrefilteredSobel,Hair,V2,float,_DepthNear,0.1
Custom/GaussianPrefilteredSobel,Hair,V2,float,_DepthFar,20
Custom/GaussianPrefilteredSobel,Hair,V2,float,_ManualDetail,0.013
Custom/GaussianPrefilteredSobel,Hair,V2,float,_EnableOuterOutline,1
Custom/GaussianPrefilteredSobel,Hair,V2,float,_OuterOutlineWidth,0.005
Custom/GaussianPrefilteredSobel,Hair,V2,color,_OuterOutlineColor,0|0|0|1
Custom/GaussianPrefilteredSobel,Hair,V2,float,_UseOutlineDepthOffset,1
Custom/GaussianPrefilteredSobel,Hair,V2,float,_OutlineDepthBias,1
Custom/GaussianPrefilteredSobel,Hair,V2,float,_EnableTextureSobel,1
Custom/GaussianPrefilteredSobel,Hair,V2,float,_EnableNormalEdges,0
Custom/GaussianPrefilteredSobel,Hair,V2,float,_EnableFresnelEdge,0
Custom/GaussianPrefilteredSobel,Hair,V2,float,_UseLightFiltering,0
Custom/GaussianPrefilteredSobel,Hair,V2,float,_UseModerateFiltering,0
Custom/GaussianPrefilteredSobel,Hair,V2,float,_UseAggressiveFiltering,1
Custom/GaussianPrefilteredSobel,Hair,V2,color,_InnerLineColor,0|0|0|1
Custom/GaussianPrefilteredSobel,Hair,V2,float,_InnerLineThreshold,0.02
Custom/GaussianPrefilteredSobel,Hair,V2,float,_InnerLineBlur,0.2
Custom/GaussianPrefilteredSobel,Hair,V2,float,_InnerLineStrength,1
Custom/GaussianPrefilteredSobel,Hair,V2,float,_EnableGaussianBlur,0
Custom/GaussianPrefilteredSobel,Hair,V2,float,_BlurRadiusMultiplier,10
Custom/GaussianPrefilteredSobel,Hair,V2,float,_GaussianCenterWeight,0.46
Custom/GaussianPrefilteredSobel,Hair,V2,float,_GaussianCardinalWeight,0.309
Custom/GaussianPrefilteredSobel,Hair,V2,float,_GaussianDiagonalWeight,0.25
Custom/GaussianPrefilteredSobel,Hair,V2,float,_EnableThreshold,1
Custom/GaussianPrefilteredSobel,Hair,V2,float,_ThresholdMinMultiplier,0
Custom/GaussianPrefilteredSobel,Hair,V2,float,_ThresholdMaxMultiplier,2.6
Custom/GaussianPrefilteredSobel,Hair,V2,float,_EnablePass1,0
Custom/GaussianPrefilteredSobel,Hair,V2,float,_EnablePass2,0
Custom/GaussianPrefilteredSobel,Hair,V2,float,_EnablePass3,0
Custom/GaussianPrefilteredSobel,Hair,V2,float,_EnablePass4,0
Custom/GaussianPrefilteredSobel,Hair,V2,float,_SmoothstepTightness,0.281
Custom/GaussianPrefilteredSobel,Hair,V2,float,_EnablePowerCurve,0
Custom/GaussianPrefilteredSobel,Hair,V2,float,_PowerCurve,0.5
Custom/GaussianPrefilteredSobel,Hair,V2,float,_NormalEdgeThreshold,0
Custom/GaussianPrefilteredSobel,Hair,V2,float,_NormalEdgeStrength,0
Custom/GaussianPrefilteredSobel,Hair,V2,float,_NormalEdgeSmoothness,0.01
Custom/GaussianPrefilteredSobel,Hair,V2,float,_FresnelEdgeThreshold,0.3
Custom/GaussianPrefilteredSobel,Hair,V2,float,_FresnelEdgeStrength,0
Custom/GaussianPrefilteredSobel,Hair,V2,color,_EdgeColor,0|0|0|1
Custom/GaussianPrefilteredSobel,Hair,V2,float,_EdgeBlendMode,0
Custom/GaussianPrefilteredSobel,Hair,V2,float,_EnableRim,1
Custom/GaussianPrefilteredSobel,Hair,V2,color,_RimColor,0.408|0.408|0.408|1
Custom/GaussianPrefilteredSobel,Hair,V2,float,_RimPower,4
Custom/GaussianPrefilteredSobel,Hair,V2,color,_AmbientColor,0.35|0.35|0.35|1
Custom/GaussianPrefilteredSobel,Hair,V2,float,_EnableAlphaTest,1
Custom/GaussianPrefilteredSobel,Hair,V2,float,_AlphaCutoff,0.1
Custom/GaussianPrefilteredSobel,Head,L1,float,_UseDebugDefaults,0
Custom/GaussianPrefilteredSobel,Head,L1,float,_DebugView,0
Custom/GaussianPrefilteredSobel,Head,L1,color,_Color,1|1|1|1
Custom/GaussianPrefilteredSobel,Head,L1,float,_TextureIntensity,1
Custom/GaussianPrefilteredSobel,Head,L1,float,_BumpScale,1
Custom/GaussianPrefilteredSobel,Head,L1,float,_LightSensitivity,0.5
Custom/GaussianPrefilteredSobel,Head,L1,float,_RampSmoothing,0.05
Custom/GaussianPrefilteredSobel,Head,L1,color,_ShadowColor,0.3|0.3|0.45|1
Custom/GaussianPrefilteredSobel,Head,L1,float,_ShadowStrength,0.5
Custom/GaussianPrefilteredSobel,Head,L1,float,_DetailMode,0
Custom/GaussianPrefilteredSobel,Head,L1,float,_DetailBias,0.5
Custom/GaussianPrefilteredSobel,Head,L1,float,_DepthNear,1
Custom/GaussianPrefilteredSobel,Head,L1,float,_DepthFar,50
Custom/GaussianPrefilteredSobel,Head,L1,float,_ManualDetail,0.013
Custom/GaussianPrefilteredSobel,Head,L1,float,_EnableOuterOutline,1
Custom/GaussianPrefilteredSobel,Head,L1,float,_OuterOutlineWidth,0.005
Custom/GaussianPrefilteredSobel,Head,L1,color,_OuterOutlineColor,0|0|0|1
Custom/GaussianPrefilteredSobel,Head,L1,float,_UseOutlineDepthOffset,1
Custom/GaussianPrefilteredSobel,Head,L1,float,_OutlineDepthBias,5
Custom/GaussianPrefilteredSobel,Head,L1,float,_EnableTextureSobel,1
Custom/GaussianPrefilteredSobel,Head,L1,float,_EnableNormalEdges,0
Custom/GaussianPrefilteredSobel,Head,L1,float,_EnableFresnelEdge,0
Custom/GaussianPrefilteredSobel,Head,L1,float,_UseLightFiltering,0
Custom/GaussianPrefilteredSobel,Head,L1,float,_UseModerateFiltering,0
Custom/GaussianPrefilteredSobel,Head,L1,float,_UseAggressiveFiltering,1
Custom/GaussianPrefilteredSobel,Head,L1,color,_InnerLineColor,0|0|0|1
Custom/GaussianPrefilteredSobel,Head,L1,float,_InnerLineThreshold,0.01
Custom/GaussianPrefilteredSobel,Head,L1,float,_InnerLineBlur,0.2
Custom/GaussianPrefilteredSobel,Head,L1,float,_InnerLineStrength,1
Custom/GaussianPrefilteredSobel,Head,L1,float,_EnableGaussianBlur,0
Custom/GaussianPrefilteredSobel,Head,L1,float,_BlurRadiusMultiplier,10
Custom/GaussianPrefilteredSobel,Head,L1,float,_GaussianCenterWeight,0.46
Custom/GaussianPrefilteredSobel,Head,L1,float,_GaussianCardinalWeight,0.309
Custom/GaussianPrefilteredSobel,Head,L1,float,_GaussianDiagonalWeight,0.25
Custom/GaussianPrefilteredSobel,Head,L1,float,_EnableThreshold,1
Custom/GaussianPrefilteredSobel,Head,L1,float,_ThresholdMinMultiplier,0
Custom/GaussianPrefilteredSobel,Head,L1,float,_ThresholdMaxMultiplier,2.6
Custom/GaussianPrefilteredSobel,Head,L1,float,_EnablePass1,0
Custom/GaussianPrefilteredSobel,Head,L1,float,_EnablePass2,0
Custom/GaussianPrefilteredSobel,Head,L1,float,_EnablePass3,0
Custom/GaussianPrefilteredSobel,Head,L1,float,_EnablePass4,0
Custom/GaussianPrefilteredSobel,Head,L1,float,_SmoothstepTightness,0.281
Custom/GaussianPrefilteredSobel,Head,L1,float,_EnablePowerCurve,0
Custom/GaussianPrefilteredSobel,Head,L1,float,_PowerCurve,0.5
Custom/GaussianPrefilteredSobel,Head,L1,float,_NormalEdgeThreshold,0
Custom/GaussianPrefilteredSobel,Head,L1,float,_NormalEdgeStrength,0
Custom/GaussianPrefilteredSobel,Head,L1,float,_NormalEdgeSmoothness,0.01
Custom/GaussianPrefilteredSobel,Head,L1,float,_FresnelEdgeThreshold,0.3
Custom/GaussianPrefilteredSobel,Head,L1,float,_FresnelEdgeStrength,0
Custom/GaussianPrefilteredSobel,Head,L1,color,_EdgeColor,0|0|0|1
Custom/GaussianPrefilteredSobel,Head,L1,float,_EdgeBlendMode,0
Custom/GaussianPrefilteredSobel,Head,L1,float,_EnableRim,1
Custom/GaussianPrefilteredSobel,Head,L1,color,_RimColor,0.408|0.408|0.408|1
Custom/GaussianPrefilteredSobel,Head,L1,float,_RimPower,4
Custom/GaussianPrefilteredSobel,Head,L1,color,_AmbientColor,0.35|0.35|0.35|1
Custom/GaussianPrefilteredSobel,Head,L1,float,_EnableAlphaTest,1
Custom/GaussianPrefilteredSobel,Head,L1,float,_AlphaCutoff,0.1
Custom/GaussianPrefilteredSobel,Look,L2,float,_UseDebugDefaults,0
Custom/GaussianPrefilteredSobel,Look,L2,float,_DebugView,0
Custom/GaussianPrefilteredSobel,Look,L2,color,_Color,1|1|1|1
Custom/GaussianPrefilteredSobel,Look,L2,float,_TextureIntensity,1
Custom/GaussianPrefilteredSobel,Look,L2,float,_BumpScale,1
Custom/GaussianPrefilteredSobel,Look,L2,float,_LightSensitivity,0.5
Custom/GaussianPrefilteredSobel,Look,L2,float,_RampSmoothing,0.05
Custom/GaussianPrefilteredSobel,Look,L2,color,_ShadowColor,0.3|0.3|0.45|1
Custom/GaussianPrefilteredSobel,Look,L2,float,_ShadowStrength,0.5
Custom/GaussianPrefilteredSobel,Look,L2,float,_DetailMode,0
Custom/GaussianPrefilteredSobel,Look,L2,float,_DetailBias,0.5
Custom/GaussianPrefilteredSobel,Look,L2,float,_DepthNear,1
Custom/GaussianPrefilteredSobel,Look,L2,float,_DepthFar,50
Custom/GaussianPrefilteredSobel,Look,L2,float,_ManualDetail,0.013
Custom/GaussianPrefilteredSobel,Look,L2,float,_EnableOuterOutline,1
Custom/GaussianPrefilteredSobel,Look,L2,float,_OuterOutlineWidth,0.005
Custom/GaussianPrefilteredSobel,Look,L2,color,_OuterOutlineColor,0|0|0|1
Custom/GaussianPrefilteredSobel,Look,L2,float,_UseOutlineDepthOffset,1
Custom/GaussianPrefilteredSobel,Look,L2,float,_OutlineDepthBias,5
Custom/GaussianPrefilteredSobel,Look,L2,float,_EnableTextureSobel,1
Custom/GaussianPrefilteredSobel,Look,L2,float,_EnableNormalEdges,0
Custom/GaussianPrefilteredSobel,Look,L2,float,_EnableFresnelEdge,0
Custom/GaussianPrefilteredSobel,Look,L2,float,_UseLightFiltering,0
Custom/GaussianPrefilteredSobel,Look,L2,float,_UseModerateFiltering,0
Custom/GaussianPrefilteredSobel,Look,L2,float,_UseAggressiveFiltering,1
Custom/GaussianPrefilteredSobel,Look,L2,color,_InnerLineColor,0|0|0|1
Custom/GaussianPrefilteredSobel,Look,L2,float,_InnerLineThreshold,0.02
Custom/GaussianPrefilteredSobel,Look,L2,float,_InnerLineBlur,0.2
Custom/GaussianPrefilteredSobel,Look,L2,float,_InnerLineStrength,1
Custom/GaussianPrefilteredSobel,Look,L2,float,_EnableGaussianBlur,0
Custom/GaussianPrefilteredSobel,Look,L2,float,_BlurRadiusMultiplier,10
Custom/GaussianPrefilteredSobel,Look,L2,float,_GaussianCenterWeight,0.46
Custom/GaussianPrefilteredSobel,Look,L2,float,_GaussianCardinalWeight,0.309
Custom/GaussianPrefilteredSobel,Look,L2,float,_GaussianDiagonalWeight,0.25
Custom/GaussianPrefilteredSobel,Look,L2,float,_EnableThreshold,1
Custom/GaussianPrefilteredSobel,Look,L2,float,_ThresholdMinMultiplier,0
Custom/GaussianPrefilteredSobel,Look,L2,float,_ThresholdMaxMultiplier,2.6
Custom/GaussianPrefilteredSobel,Look,L2,float,_EnablePass1,0
Custom/GaussianPrefilteredSobel,Look,L2,float,_EnablePass2,0
Custom/GaussianPrefilteredSobel,Look,L2,float,_EnablePass3,0
Custom/GaussianPrefilteredSobel,Look,L2,float,_EnablePass4,0
Custom/GaussianPrefilteredSobel,Look,L2,float,_SmoothstepTightness,0.281
Custom/GaussianPrefilteredSobel,Look,L2,float,_EnablePowerCurve,0
Custom/GaussianPrefilteredSobel,Look,L2,float,_PowerCurve,0.5
Custom/GaussianPrefilteredSobel,Look,L2,float,_NormalEdgeThreshold,0
Custom/GaussianPrefilteredSobel,Look,L2,float,_NormalEdgeStrength,0
Custom/GaussianPrefilteredSobel,Look,L2,float,_NormalEdgeSmoothness,0.01
Custom/GaussianPrefilteredSobel,Look,L2,float,_FresnelEdgeThreshold,0.3
Custom/GaussianPrefilteredSobel,Look,L2,float,_FresnelEdgeStrength,0
Custom/GaussianPrefilteredSobel,Look,L2,color,_EdgeColor,0|0|0|1
Custom/GaussianPrefilteredSobel,Look,L2,float,_EdgeBlendMode,0
Custom/GaussianPrefilteredSobel,Look,L2,float,_EnableRim,1
Custom/GaussianPrefilteredSobel,Look,L2,color,_RimColor,0.408|0.408|0.408|1
Custom/GaussianPrefilteredSobel,Look,L2,float,_RimPower,4
Custom/GaussianPrefilteredSobel,Look,L2,color,_AmbientColor,0.35|0.35|0.35|1
Custom/GaussianPrefilteredSobel,Look,L2,float,_EnableAlphaTest,1
Custom/GaussianPrefilteredSobel,Look,L2,float,_AlphaCutoff,0.1
Custom/GaussianPrefilteredSobel,Look,L5,float,_UseDebugDefaults,0
Custom/GaussianPrefilteredSobel,Look,L5,float,_DebugView,0
Custom/GaussianPrefilteredSobel,Look,L5,color,_Color,1|1|1|1
Custom/GaussianPrefilteredSobel,Look,L5,float,_TextureIntensity,1
Custom/GaussianPrefilteredSobel,Look,L5,float,_BumpScale,1
Custom/GaussianPrefilteredSobel,Look,L5,float,_LightSensitivity,0.5
Custom/GaussianPrefilteredSobel,Look,L5,float,_RampSmoothing,0.05
Custom/GaussianPrefilteredSobel,Look,L5,color,_ShadowColor,0.3|0.3|0.45|1
Custom/GaussianPrefilteredSobel,Look,L5,float,_ShadowStrength,0.5
Custom/GaussianPrefilteredSobel,Look,L5,float,_DetailMode,0
Custom/GaussianPrefilteredSobel,Look,L5,float,_DetailBias,0.5
Custom/GaussianPrefilteredSobel,Look,L5,float,_DepthNear,1
Custom/GaussianPrefilteredSobel,Look,L5,float,_DepthFar,50
Custom/GaussianPrefilteredSobel,Look,L5,float,_ManualDetail,0.013
Custom/GaussianPrefilteredSobel,Look,L5,float,_EnableOuterOutline,1
Custom/GaussianPrefilteredSobel,Look,L5,float,_OuterOutlineWidth,0.005
Custom/GaussianPrefilteredSobel,Look,L5,color,_OuterOutlineColor,0|0|0|1
Custom/GaussianPrefilteredSobel,Look,L5,float,_UseOutlineDepthOffset,1
Custom/GaussianPrefilteredSobel,Look,L5,float,_OutlineDepthBias,5
Custom/GaussianPrefilteredSobel,Look,L5,float,_EnableTextureSobel,1
Custom/GaussianPrefilteredSobel,Look,L5,float,_EnableNormalEdges,0
Custom/GaussianPrefilteredSobel,Look,L5,float,_EnableFresnelEdge,0
Custom/GaussianPrefilteredSobel,Look,L5,float,_UseLightFiltering,0
Custom/GaussianPrefilteredSobel,Look,L5,float,_UseModerateFiltering,0
Custom/GaussianPrefilteredSobel,Look,L5,float,_UseAggressiveFiltering,1
Custom/GaussianPrefilteredSobel,Look,L5,color,_InnerLineColor,0|0|0|1
Custom/GaussianPrefilteredSobel,Look,L5,float,_InnerLineThreshold,0.05
Custom/GaussianPrefilteredSobel,Look,L5,float,_InnerLineBlur,0.2
Custom/GaussianPrefilteredSobel,Look,L5,float,_InnerLineStrength,1
Custom/GaussianPrefilteredSobel,Look,L5,float,_EnableGaussianBlur,0
Custom/GaussianPrefilteredSobel,Look,L5,float,_BlurRadiusMultiplier,10
Custom/GaussianPrefilteredSobel,Look,L5,float,_GaussianCenterWeight,0.46
Custom/GaussianPrefilteredSobel,Look,L5,float,_GaussianCardinalWeight,0.309
Custom/GaussianPrefilteredSobel,Look,L5,float,_GaussianDiagonalWeight,0.25
Custom/GaussianPrefilteredSobel,Look,L5,float,_EnableThreshold,1
Custom/GaussianPrefilteredSobel,Look,L5,float,_ThresholdMinMultiplier,0
Custom/GaussianPrefilteredSobel,Look,L5,float,_ThresholdMaxMultiplier,2.6
Custom/GaussianPrefilteredSobel,Look,L5,float,_EnablePass1,0
Custom/GaussianPrefilteredSobel,Look,L5,float,_EnablePass2,0
Custom/GaussianPrefilteredSobel,Look,L5,float,_EnablePass3,0
Custom/GaussianPrefilteredSobel,Look,L5,float,_EnablePass4,0
Custom/GaussianPrefilteredSobel,Look,L5,float,_SmoothstepTightness,0.281
Custom/GaussianPrefilteredSobel,Look,L5,float,_EnablePowerCurve,0
Custom/GaussianPrefilteredSobel,Look,L5,float,_PowerCurve,0.5
Custom/GaussianPrefilteredSobel,Look,L5,float,_NormalEdgeThreshold,0
Custom/GaussianPrefilteredSobel,Look,L5,float,_NormalEdgeStrength,0
Custom/GaussianPrefilteredSobel,Look,L5,float,_NormalEdgeSmoothness,0.01
Custom/GaussianPrefilteredSobel,Look,L5,float,_FresnelEdgeThreshold,0.3
Custom/GaussianPrefilteredSobel,Look,L5,float,_FresnelEdgeStrength,0
Custom/GaussianPrefilteredSobel,Look,L5,color,_EdgeColor,0|0|0|1
Custom/GaussianPrefilteredSobel,Look,L5,float,_EdgeBlendMode,0
Custom/GaussianPrefilteredSobel,Look,L5,float,_EnableRim,1
Custom/GaussianPrefilteredSobel,Look,L5,color,_RimColor,0.408|0.408|0.408|1
Custom/GaussianPrefilteredSobel,Look,L5,float,_RimPower,4
Custom/GaussianPrefilteredSobel,Look,L5,color,_AmbientColor,0.35|0.35|0.35|1
Custom/GaussianPrefilteredSobel,Look,L5,float,_EnableAlphaTest,1
Custom/GaussianPrefilteredSobel,Look,L5,float,_AlphaCutoff,0.1
Custom/GaussianPrefilteredSobel,Head,O2,float,_UseDebugDefaults,0
Custom/GaussianPrefilteredSobel,Head,O2,float,_DebugView,0
Custom/GaussianPrefilteredSobel,Head,O2,color,_Color,1|1|1|1
Custom/GaussianPrefilteredSobel,Head,O2,float,_TextureIntensity,1
Custom/GaussianPrefilteredSobel,Head,O2,float,_BumpScale,1
Custom/GaussianPrefilteredSobel,Head,O2,float,_LightSensitivity,0.5
Custom/GaussianPrefilteredSobel,Head,O2,float,_RampSmoothing,0.05
Custom/GaussianPrefilteredSobel,Head,O2,color,_ShadowColor,0.3|0.3|0.45|1
Custom/GaussianPrefilteredSobel,Head,O2,float,_ShadowStrength,0.5
Custom/GaussianPrefilteredSobel,Head,O2,float,_DetailMode,0
Custom/GaussianPrefilteredSobel,Head,O2,float,_DetailBias,0.5
Custom/GaussianPrefilteredSobel,Head,O2,float,_DepthNear,1
Custom/GaussianPrefilteredSobel,Head,O2,float,_DepthFar,50
Custom/GaussianPrefilteredSobel,Head,O2,float,_ManualDetail,0.013
Custom/GaussianPrefilteredSobel,Head,O2,float,_EnableOuterOutline,1
Custom/GaussianPrefilteredSobel,Head,O2,float,_OuterOutlineWidth,0.005
Custom/GaussianPrefilteredSobel,Head,O2,color,_OuterOutlineColor,0|0|0|1
Custom/GaussianPrefilteredSobel,Head,O2,float,_UseOutlineDepthOffset,1
Custom/GaussianPrefilteredSobel,Head,O2,float,_OutlineDepthBias,5
Custom/GaussianPrefilteredSobel,Head,O2,float,_EnableTextureSobel,1
Custom/GaussianPrefilteredSobel,Head,O2,float,_EnableNormalEdges,0
Custom/GaussianPrefilteredSobel,Head,O2,float,_EnableFresnelEdge,0
Custom/GaussianPrefilteredSobel,Head,O2,float,_UseLightFiltering,0
Custom/GaussianPrefilteredSobel,Head,O2,float,_UseModerateFiltering,0
Custom/GaussianPrefilteredSobel,Head,O2,float,_UseAggressiveFiltering,1
Custom/GaussianPrefilteredSobel,Head,O2,color,_InnerLineColor,0|0|0|1
Custom/GaussianPrefilteredSobel,Head,O2,float,_InnerLineThreshold,0.03
Custom/GaussianPrefilteredSobel,Head,O2,float,_InnerLineBlur,0.2
Custom/GaussianPrefilteredSobel,Head,O2,float,_InnerLineStrength,1
Custom/GaussianPrefilteredSobel,Head,O2,float,_EnableGaussianBlur,0
Custom/GaussianPrefilteredSobel,Head,O2,float,_BlurRadiusMultiplier,10
Custom/GaussianPrefilteredSobel,Head,O2,float,_GaussianCenterWeight,0.46
Custom/GaussianPrefilteredSobel,Head,O2,float,_GaussianCardinalWeight,0.309
Custom/GaussianPrefilteredSobel,Head,O2,float,_GaussianDiagonalWeight,0.25
Custom/GaussianPrefilteredSobel,Head,O2,float,_EnableThreshold,1
Custom/GaussianPrefilteredSobel,Head,O2,float,_ThresholdMinMultiplier,0
Custom/GaussianPrefilteredSobel,Head,O2,float,_ThresholdMaxMultiplier,2.6
Custom/GaussianPrefilteredSobel,Head,O2,float,_EnablePass1,0
Custom/GaussianPrefilteredSobel,Head,O2,float,_EnablePass2,0
Custom/GaussianPrefilteredSobel,Head,O2,float,_EnablePass3,0
Custom/GaussianPrefilteredSobel,Head,O2,float,_EnablePass4,0
Custom/GaussianPrefilteredSobel,Head,O2,float,_SmoothstepTightness,0.281
Custom/GaussianPrefilteredSobel,Head,O2,float,_EnablePowerCurve,0
Custom/GaussianPrefilteredSobel,Head,O2,float,_PowerCurve,0.5
Custom/GaussianPrefilteredSobel,Head,O2,float,_NormalEdgeThreshold,0
Custom/GaussianPrefilteredSobel,Head,O2,float,_NormalEdgeStrength,0
Custom/GaussianPrefilteredSobel,Head,O2,float,_NormalEdgeSmoothness,0.01
Custom/GaussianPrefilteredSobel,Head,O2,float,_FresnelEdgeThreshold,0.3
Custom/GaussianPrefilteredSobel,Head,O2,float,_FresnelEdgeStrength,0
Custom/GaussianPrefilteredSobel,Head,O2,color,_EdgeColor,0|0|0|1
Custom/GaussianPrefilteredSobel,Head,O2,float,_EdgeBlendMode,0
Custom/GaussianPrefilteredSobel,Head,O2,float,_EnableRim,1
Custom/GaussianPrefilteredSobel,Head,O2,color,_RimColor,0.408|0.408|0.408|1
Custom/GaussianPrefilteredSobel,Head,O2,float,_RimPower,4
Custom/GaussianPrefilteredSobel,Head,O2,color,_AmbientColor,0.35|0.35|0.35|1
Custom/GaussianPrefilteredSobel,Head,O2,float,_EnableAlphaTest,1
Custom/GaussianPrefilteredSobel,Head,O2,float,_AlphaCutoff,0.1
Custom/GaussianPrefilteredSobel,Head,O5,float,_UseDebugDefaults,0
Custom/GaussianPrefilteredSobel,Head,O5,float,_DebugView,0
Custom/GaussianPrefilteredSobel,Head,O5,color,_Color,1|1|1|1
Custom/GaussianPrefilteredSobel,Head,O5,float,_TextureIntensity,1
Custom/GaussianPrefilteredSobel,Head,O5,float,_BumpScale,1
Custom/GaussianPrefilteredSobel,Head,O5,float,_LightSensitivity,0.5
Custom/GaussianPrefilteredSobel,Head,O5,float,_RampSmoothing,0.05
Custom/GaussianPrefilteredSobel,Head,O5,color,_ShadowColor,0.3|0.3|0.45|1
Custom/GaussianPrefilteredSobel,Head,O5,float,_ShadowStrength,0.5
Custom/GaussianPrefilteredSobel,Head,O5,float,_DetailMode,0
Custom/GaussianPrefilteredSobel,Head,O5,float,_DetailBias,0.5
Custom/GaussianPrefilteredSobel,Head,O5,float,_DepthNear,1
Custom/GaussianPrefilteredSobel,Head,O5,float,_DepthFar,50
Custom/GaussianPrefilteredSobel,Head,O5,float,_ManualDetail,0.013
Custom/GaussianPrefilteredSobel,Head,O5,float,_EnableOuterOutline,1
Custom/GaussianPrefilteredSobel,Head,O5,float,_OuterOutlineWidth,0.003
Custom/GaussianPrefilteredSobel,Head,O5,color,_OuterOutlineColor,0|0|0|1
Custom/GaussianPrefilteredSobel,Head,O5,float,_UseOutlineDepthOffset,0
Custom/GaussianPrefilteredSobel,Head,O5,float,_OutlineDepthBias,5
Custom/GaussianPrefilteredSobel,Head,O5,float,_EnableTextureSobel,1
Custom/GaussianPrefilteredSobel,Head,O5,float,_EnableNormalEdges,0
Custom/GaussianPrefilteredSobel,Head,O5,float,_EnableFresnelEdge,0
Custom/GaussianPrefilteredSobel,Head,O5,float,_UseLightFiltering,0
Custom/GaussianPrefilteredSobel,Head,O5,float,_UseModerateFiltering,0
Custom/GaussianPrefilteredSobel,Head,O5,float,_UseAggressiveFiltering,1
Custom/GaussianPrefilteredSobel,Head,O5,color,_InnerLineColor,0|0|0|1
Custom/GaussianPrefilteredSobel,Head,O5,float,_InnerLineThreshold,0.03
Custom/GaussianPrefilteredSobel,Head,O5,float,_InnerLineBlur,0.2
Custom/GaussianPrefilteredSobel,Head,O5,float,_InnerLineStrength,1
Custom/GaussianPrefilteredSobel,Head,O5,float,_EnableGaussianBlur,0
Custom/GaussianPrefilteredSobel,Head,O5,float,_BlurRadiusMultiplier,10
Custom/GaussianPrefilteredSobel,Head,O5,float,_GaussianCenterWeight,0.46
Custom/GaussianPrefilteredSobel,Head,O5,float,_GaussianCardinalWeight,0.309
Custom/GaussianPrefilteredSobel,Head,O5,float,_GaussianDiagonalWeight,0.25
Custom/GaussianPrefilteredSobel,Head,O5,float,_EnableThreshold,1
Custom/GaussianPrefilteredSobel,Head,O5,float,_ThresholdMinMultiplier,0
Custom/GaussianPrefilteredSobel,Head,O5,float,_ThresholdMaxMultiplier,2.6
Custom/GaussianPrefilteredSobel,Head,O5,float,_EnablePass1,0
Custom/GaussianPrefilteredSobel,Head,O5,float,_EnablePass2,0
Custom/GaussianPrefilteredSobel,Head,O5,float,_EnablePass3,0
Custom/GaussianPrefilteredSobel,Head,O5,float,_EnablePass4,0
Custom/GaussianPrefilteredSobel,Head,O5,float,_SmoothstepTightness,0.281
Custom/GaussianPrefilteredSobel,Head,O5,float,_EnablePowerCurve,0
Custom/GaussianPrefilteredSobel,Head,O5,float,_PowerCurve,0.5
Custom/GaussianPrefilteredSobel,Head,O5,float,_NormalEdgeThreshold,0
Custom/GaussianPrefilteredSobel,Head,O5,float,_NormalEdgeStrength,0
Custom/GaussianPrefilteredSobel,Head,O5,float,_NormalEdgeSmoothness,0.01
Custom/GaussianPrefilteredSobel,Head,O5,float,_FresnelEdgeThreshold,0.3
Custom/GaussianPrefilteredSobel,Head,O5,float,_FresnelEdgeStrength,0
Custom/GaussianPrefilteredSobel,Head,O5,color,_EdgeColor,0|0|0|1
Custom/GaussianPrefilteredSobel,Head,O5,float,_EdgeBlendMode,0
Custom/GaussianPrefilteredSobel,Head,O5,float,_EnableRim,1
Custom/GaussianPrefilteredSobel,Head,O5,color,_RimColor,0.408|0.408|0.408|1
Custom/GaussianPrefilteredSobel,Head,O5,float,_RimPower,4
Custom/GaussianPrefilteredSobel,Head,O5,color,_AmbientColor,0.35|0.35|0.35|1
Custom/GaussianPrefilteredSobel,Head,O5,float,_EnableAlphaTest,1
Custom/GaussianPrefilteredSobel,Head,O5,float,_AlphaCutoff,0.1
Custom/GaussianPrefilteredSobel,Hair,O6,float,_UseDebugDefaults,0
Custom/GaussianPrefilteredSobel,Hair,O6,float,_DebugView,0
Custom/GaussianPrefilteredSobel,Hair,O6,color,_Color,1|1|1|1
Custom/GaussianPrefilteredSobel,Hair,O6,float,_TextureIntensity,1
Custom/GaussianPrefilteredSobel,Hair,O6,float,_BumpScale,1
Custom/GaussianPrefilteredSobel,Hair,O6,float,_LightSensitivity,0.5
Custom/GaussianPrefilteredSobel,Hair,O6,float,_RampSmoothing,0.05
Custom/GaussianPrefilteredSobel,Hair,O6,color,_ShadowColor,0.3|0.3|0.45|1
Custom/GaussianPrefilteredSobel,Hair,O6,float,_ShadowStrength,0.5
Custom/GaussianPrefilteredSobel,Hair,O6,float,_DetailMode,0
Custom/GaussianPrefilteredSobel,Hair,O6,float,_DetailBias,0.5
Custom/GaussianPrefilteredSobel,Hair,O6,float,_DepthNear,1
Custom/GaussianPrefilteredSobel,Hair,O6,float,_DepthFar,50
Custom/GaussianPrefilteredSobel,Hair,O6,float,_ManualDetail,0.013
Custom/GaussianPrefilteredSobel,Hair,O6,float,_EnableOuterOutline,1
Custom/GaussianPrefilteredSobel,Hair,O6,float,_OuterOutlineWidth,0.003
Custom/GaussianPrefilteredSobel,Hair,O6,color,_OuterOutlineColor,0|0|0|1
Custom/GaussianPrefilteredSobel,Hair,O6,float,_UseOutlineDepthOffset,1
Custom/GaussianPrefilteredSobel,Hair,O6,float,_OutlineDepthBias,5
Custom/GaussianPrefilteredSobel,Hair,O6,float,_EnableTextureSobel,1
Custom/GaussianPrefilteredSobel,Hair,O6,float,_EnableNormalEdges,0
Custom/GaussianPrefilteredSobel,Hair,O6,float,_EnableFresnelEdge,0
Custom/GaussianPrefilteredSobel,Hair,O6,float,_UseLightFiltering,0
Custom/GaussianPrefilteredSobel,Hair,O6,float,_UseModerateFiltering,0
Custom/GaussianPrefilteredSobel,Hair,O6,float,_UseAggressiveFiltering,1
Custom/GaussianPrefilteredSobel,Hair,O6,color,_InnerLineColor,0|0|0|1
Custom/GaussianPrefilteredSobel,Hair,O6,float,_InnerLineThreshold,0.03
Custom/GaussianPrefilteredSobel,Hair,O6,float,_InnerLineBlur,0.2
Custom/GaussianPrefilteredSobel,Hair,O6,float,_InnerLineStrength,1
Custom/GaussianPrefilteredSobel,Hair,O6,float,_EnableGaussianBlur,0
Custom/GaussianPrefilteredSobel,Hair,O6,float,_BlurRadiusMultiplier,10
Custom/GaussianPrefilteredSobel,Hair,O6,float,_GaussianCenterWeight,0.46
Custom/GaussianPrefilteredSobel,Hair,O6,float,_GaussianCardinalWeight,0.309
Custom/GaussianPrefilteredSobel,Hair,O6,float,_GaussianDiagonalWeight,0.25
Custom/GaussianPrefilteredSobel,Hair,O6,float,_EnableThreshold,1
Custom/GaussianPrefilteredSobel,Hair,O6,float,_ThresholdMinMultiplier,0
Custom/GaussianPrefilteredSobel,Hair,O6,float,_ThresholdMaxMultiplier,2.6
Custom/GaussianPrefilteredSobel,Hair,O6,float,_EnablePass1,0
Custom/GaussianPrefilteredSobel,Hair,O6,float,_EnablePass2,0
Custom/GaussianPrefilteredSobel,Hair,O6,float,_EnablePass3,0
Custom/GaussianPrefilteredSobel,Hair,O6,float,_EnablePass4,0
Custom/GaussianPrefilteredSobel,Hair,O6,float,_SmoothstepTightness,0.281
Custom/GaussianPrefilteredSobel,Hair,O6,float,_EnablePowerCurve,0
Custom/GaussianPrefilteredSobel,Hair,O6,float,_PowerCurve,0.5
Custom/GaussianPrefilteredSobel,Hair,O6,float,_NormalEdgeThreshold,0
Custom/GaussianPrefilteredSobel,Hair,O6,float,_NormalEdgeStrength,0
Custom/GaussianPrefilteredSobel,Hair,O6,float,_NormalEdgeSmoothness,0.01
Custom/GaussianPrefilteredSobel,Hair,O6,float,_FresnelEdgeThreshold,0.3
Custom/GaussianPrefilteredSobel,Hair,O6,float,_FresnelEdgeStrength,0
Custom/GaussianPrefilteredSobel,Hair,O6,color,_EdgeColor,0|0|0|1
Custom/GaussianPrefilteredSobel,Hair,O6,float,_EdgeBlendMode,0
Custom/GaussianPrefilteredSobel,Hair,O6,float,_EnableRim,1
Custom/GaussianPrefilteredSobel,Hair,O6,color,_RimColor,0.408|0.408|0.408|1
Custom/GaussianPrefilteredSobel,Hair,O6,float,_RimPower,4
Custom/GaussianPrefilteredSobel,Hair,O6,color,_AmbientColor,0.35|0.35|0.35|1
Custom/GaussianPrefilteredSobel,Hair,O6,float,_EnableAlphaTest,1
Custom/GaussianPrefilteredSobel,Hair,O6,float,_AlphaCutoff,0.1
Custom/GaussianPrefilteredSobel,Look,t1,float,_UseDebugDefaults,0
Custom/GaussianPrefilteredSobel,Look,t1,float,_DebugView,0
Custom/GaussianPrefilteredSobel,Look,t1,color,_Color,1|1|1|1
Custom/GaussianPrefilteredSobel,Look,t1,float,_TextureIntensity,1
Custom/GaussianPrefilteredSobel,Look,t1,float,_BumpScale,1
Custom/GaussianPrefilteredSobel,Look,t1,float,_LightSensitivity,0.5
Custom/GaussianPrefilteredSobel,Look,t1,float,_RampSmoothing,0.05
Custom/GaussianPrefilteredSobel,Look,t1,color,_ShadowColor,0.3|0.3|0.45|1
Custom/GaussianPrefilteredSobel,Look,t1,float,_ShadowStrength,1
Custom/GaussianPrefilteredSobel,Look,t1,float,_DetailMode,0
Custom/GaussianPrefilteredSobel,Look,t1,float,_DetailBias,0.5
Custom/GaussianPrefilteredSobel,Look,t1,float,_DepthNear,1
Custom/GaussianPrefilteredSobel,Look,t1,float,_DepthFar,50
Custom/GaussianPrefilteredSobel,Look,t1,float,_ManualDetail,0.013
Custom/GaussianPrefilteredSobel,Look,t1,float,_EnableOuterOutline,1
Custom/GaussianPrefilteredSobel,Look,t1,float,_OuterOutlineWidth,0.005
Custom/GaussianPrefilteredSobel,Look,t1,color,_OuterOutlineColor,0|0|0|1
Custom/GaussianPrefilteredSobel,Look,t1,float,_UseOutlineDepthOffset,1
Custom/GaussianPrefilteredSobel,Look,t1,float,_OutlineDepthBias,5
Custom/GaussianPrefilteredSobel,Look,t1,float,_EnableTextureSobel,1
Custom/GaussianPrefilteredSobel,Look,t1,float,_EnableNormalEdges,0
Custom/GaussianPrefilteredSobel,Look,t1,float,_EnableFresnelEdge,0
Custom/GaussianPrefilteredSobel,Look,t1,float,_UseLightFiltering,0
Custom/GaussianPrefilteredSobel,Look,t1,float,_UseModerateFiltering,0
Custom/GaussianPrefilteredSobel,Look,t1,float,_UseAggressiveFiltering,1
Custom/GaussianPrefilteredSobel,Look,t1,color,_InnerLineColor,0|0|0|1
Custom/GaussianPrefilteredSobel,Look,t1,float,_InnerLineThreshold,0.03
Custom/GaussianPrefilteredSobel,Look,t1,float,_InnerLineBlur,0.2
Custom/GaussianPrefilteredSobel,Look,t1,float,_InnerLineStrength,1
Custom/GaussianPrefilteredSobel,Look,t1,float,_EnableGaussianBlur,0
Custom/GaussianPrefilteredSobel,Look,t1,float,_BlurRadiusMultiplier,10
Custom/GaussianPrefilteredSobel,Look,t1,float,_GaussianCenterWeight,0.46
Custom/GaussianPrefilteredSobel,Look,t1,float,_GaussianCardinalWeight,0.309
Custom/GaussianPrefilteredSobel,Look,t1,float,_GaussianDiagonalWeight,0.25
Custom/GaussianPrefilteredSobel,Look,t1,float,_EnableThreshold,1
Custom/GaussianPrefilteredSobel,Look,t1,float,_ThresholdMinMultiplier,0
Custom/GaussianPrefilteredSobel,Look,t1,float,_ThresholdMaxMultiplier,2.6
Custom/GaussianPrefilteredSobel,Look,t1,float,_EnablePass1,0
Custom/GaussianPrefilteredSobel,Look,t1,float,_EnablePass2,0
Custom/GaussianPrefilteredSobel,Look,t1,float,_EnablePass3,0
Custom/GaussianPrefilteredSobel,Look,t1,float,_EnablePass4,0
Custom/GaussianPrefilteredSobel,Look,t1,float,_SmoothstepTightness,0.281
Custom/GaussianPrefilteredSobel,Look,t1,float,_EnablePowerCurve,0
Custom/GaussianPrefilteredSobel,Look,t1,float,_PowerCurve,0.5
Custom/GaussianPrefilteredSobel,Look,t1,float,_NormalEdgeThreshold,0
Custom/GaussianPrefilteredSobel,Look,t1,float,_NormalEdgeStrength,0
Custom/GaussianPrefilteredSobel,Look,t1,float,_NormalEdgeSmoothness,0.01
Custom/GaussianPrefilteredSobel,Look,t1,float,_FresnelEdgeThreshold,0.3
Custom/GaussianPrefilteredSobel,Look,t1,float,_FresnelEdgeStrength,0
Custom/GaussianPrefilteredSobel,Look,t1,color,_EdgeColor,0|0|0|1
Custom/GaussianPrefilteredSobel,Look,t1,float,_EdgeBlendMode,0
Custom/GaussianPrefilteredSobel,Look,t1,float,_EnableRim,1
Custom/GaussianPrefilteredSobel,Look,t1,color,_RimColor,0.408|0.408|0.408|1
Custom/GaussianPrefilteredSobel,Look,t1,float,_RimPower,4
Custom/GaussianPrefilteredSobel,Look,t1,color,_AmbientColor,0.35|0.35|0.35|1
Custom/GaussianPrefilteredSobel,Look,t1,float,_EnableAlphaTest,1
Custom/GaussianPrefilteredSobel,Look,t1,float,_AlphaCutoff,0.1
Custom/GaussianPrefilteredSobel,Head,t3,float,_UseDebugDefaults,0
Custom/GaussianPrefilteredSobel,Head,t3,float,_DebugView,0
Custom/GaussianPrefilteredSobel,Head,t3,color,_Color,1|1|1|1
Custom/GaussianPrefilteredSobel,Head,t3,float,_TextureIntensity,1
Custom/GaussianPrefilteredSobel,Head,t3,float,_BumpScale,1
Custom/GaussianPrefilteredSobel,Head,t3,float,_LightSensitivity,0.5
Custom/GaussianPrefilteredSobel,Head,t3,float,_RampSmoothing,0.05
Custom/GaussianPrefilteredSobel,Head,t3,color,_ShadowColor,0.3|0.3|0.45|1
Custom/GaussianPrefilteredSobel,Head,t3,float,_ShadowStrength,0.5
Custom/GaussianPrefilteredSobel,Head,t3,float,_DetailMode,0
Custom/GaussianPrefilteredSobel,Head,t3,float,_DetailBias,0.5
Custom/GaussianPrefilteredSobel,Head,t3,float,_DepthNear,1
Custom/GaussianPrefilteredSobel,Head,t3,float,_DepthFar,50
Custom/GaussianPrefilteredSobel,Head,t3,float,_ManualDetail,0.013
Custom/GaussianPrefilteredSobel,Head,t3,float,_EnableOuterOutline,1
Custom/GaussianPrefilteredSobel,Head,t3,float,_OuterOutlineWidth,0.005
Custom/GaussianPrefilteredSobel,Head,t3,color,_OuterOutlineColor,0|0|0|1
Custom/GaussianPrefilteredSobel,Head,t3,float,_UseOutlineDepthOffset,1
Custom/GaussianPrefilteredSobel,Head,t3,float,_OutlineDepthBias,5
Custom/GaussianPrefilteredSobel,Head,t3,float,_EnableTextureSobel,1
Custom/GaussianPrefilteredSobel,Head,t3,float,_EnableNormalEdges,0
Custom/GaussianPrefilteredSobel,Head,t3,float,_EnableFresnelEdge,0
Custom/GaussianPrefilteredSobel,Head,t3,float,_UseLightFiltering,0
Custom/GaussianPrefilteredSobel,Head,t3,float,_UseModerateFiltering,0
Custom/GaussianPrefilteredSobel,Head,t3,float,_UseAggressiveFiltering,1
Custom/GaussianPrefilteredSobel,Head,t3,color,_InnerLineColor,0|0|0|1
Custom/GaussianPrefilteredSobel,Head,t3,float,_InnerLineThreshold,0.03
Custom/GaussianPrefilteredSobel,Head,t3,float,_InnerLineBlur,0.2
Custom/GaussianPrefilteredSobel,Head,t3,float,_InnerLineStrength,1
Custom/GaussianPrefilteredSobel,Head,t3,float,_EnableGaussianBlur,0
Custom/GaussianPrefilteredSobel,Head,t3,float,_BlurRadiusMultiplier,10
Custom/GaussianPrefilteredSobel,Head,t3,float,_GaussianCenterWeight,0.46
Custom/GaussianPrefilteredSobel,Head,t3,float,_GaussianCardinalWeight,0.309
Custom/GaussianPrefilteredSobel,Head,t3,float,_GaussianDiagonalWeight,0.25
Custom/GaussianPrefilteredSobel,Head,t3,float,_EnableThreshold,1
Custom/GaussianPrefilteredSobel,Head,t3,float,_ThresholdMinMultiplier,0
Custom/GaussianPrefilteredSobel,Head,t3,float,_ThresholdMaxMultiplier,2.6
Custom/GaussianPrefilteredSobel,Head,t3,float,_EnablePass1,0
Custom/GaussianPrefilteredSobel,Head,t3,float,_EnablePass2,0
Custom/GaussianPrefilteredSobel,Head,t3,float,_EnablePass3,0
Custom/GaussianPrefilteredSobel,Head,t3,float,_EnablePass4,0
Custom/GaussianPrefilteredSobel,Head,t3,float,_SmoothstepTightness,0.281
Custom/GaussianPrefilteredSobel,Head,t3,float,_EnablePowerCurve,0
Custom/GaussianPrefilteredSobel,Head,t3,float,_PowerCurve,0.5
Custom/GaussianPrefilteredSobel,Head,t3,float,_NormalEdgeThreshold,0
Custom/GaussianPrefilteredSobel,Head,t3,float,_NormalEdgeStrength,0
Custom/GaussianPrefilteredSobel,Head,t3,float,_NormalEdgeSmoothness,0.01
Custom/GaussianPrefilteredSobel,Head,t3,float,_FresnelEdgeThreshold,0.3
Custom/GaussianPrefilteredSobel,Head,t3,float,_FresnelEdgeStrength,0
Custom/GaussianPrefilteredSobel,Head,t3,color,_EdgeColor,0|0|0|1
Custom/GaussianPrefilteredSobel,Head,t3,float,_EdgeBlendMode,0
Custom/GaussianPrefilteredSobel,Head,t3,float,_EnableRim,1
Custom/GaussianPrefilteredSobel,Head,t3,color,_RimColor,0.408|0.408|0.408|1
Custom/GaussianPrefilteredSobel,Head,t3,float,_RimPower,4
Custom/GaussianPrefilteredSobel,Head,t3,color,_AmbientColor,0.35|0.35|0.35|1
Custom/GaussianPrefilteredSobel,Head,t3,float,_EnableAlphaTest,1
Custom/GaussianPrefilteredSobel,Head,t3,float,_AlphaCutoff,0.1
Custom/GaussianPrefilteredSobel,Hair,t4,float,_UseDebugDefaults,0
Custom/GaussianPrefilteredSobel,Hair,t4,float,_DebugView,0
Custom/GaussianPrefilteredSobel,Hair,t4,color,_Color,1|1|1|1
Custom/GaussianPrefilteredSobel,Hair,t4,float,_TextureIntensity,1
Custom/GaussianPrefilteredSobel,Hair,t4,float,_BumpScale,1
Custom/GaussianPrefilteredSobel,Hair,t4,float,_LightSensitivity,0.5
Custom/GaussianPrefilteredSobel,Hair,t4,float,_RampSmoothing,0.05
Custom/GaussianPrefilteredSobel,Hair,t4,color,_ShadowColor,0.3|0.3|0.45|1
Custom/GaussianPrefilteredSobel,Hair,t4,float,_ShadowStrength,0.5
Custom/GaussianPrefilteredSobel,Hair,t4,float,_DetailMode,0
Custom/GaussianPrefilteredSobel,Hair,t4,float,_DetailBias,1
Custom/GaussianPrefilteredSobel,Hair,t4,float,_DepthNear,1
Custom/GaussianPrefilteredSobel,Hair,t4,float,_DepthFar,50
Custom/GaussianPrefilteredSobel,Hair,t4,float,_ManualDetail,0.013
Custom/GaussianPrefilteredSobel,Hair,t4,float,_EnableOuterOutline,1
Custom/GaussianPrefilteredSobel,Hair,t4,float,_OuterOutlineWidth,0.005
Custom/GaussianPrefilteredSobel,Hair,t4,color,_OuterOutlineColor,0|0|0|1
Custom/GaussianPrefilteredSobel,Hair,t4,float,_UseOutlineDepthOffset,1
Custom/GaussianPrefilteredSobel,Hair,t4,float,_OutlineDepthBias,5
Custom/GaussianPrefilteredSobel,Hair,t4,float,_EnableTextureSobel,1
Custom/GaussianPrefilteredSobel,Hair,t4,float,_EnableNormalEdges,0
Custom/GaussianPrefilteredSobel,Hair,t4,float,_EnableFresnelEdge,0
Custom/GaussianPrefilteredSobel,Hair,t4,float,_UseLightFiltering,0
Custom/GaussianPrefilteredSobel,Hair,t4,float,_UseModerateFiltering,0
Custom/GaussianPrefilteredSobel,Hair,t4,float,_UseAggressiveFiltering,1
Custom/GaussianPrefilteredSobel,Hair,t4,color,_InnerLineColor,0|0|0|1
Custom/GaussianPrefilteredSobel,Hair,t4,float,_InnerLineThreshold,0.03
Custom/GaussianPrefilteredSobel,Hair,t4,float,_InnerLineBlur,0.2
Custom/GaussianPrefilteredSobel,Hair,t4,float,_InnerLineStrength,1
Custom/GaussianPrefilteredSobel,Hair,t4,float,_EnableGaussianBlur,0
Custom/GaussianPrefilteredSobel,Hair,t4,float,_BlurRadiusMultiplier,10
Custom/GaussianPrefilteredSobel,Hair,t4,float,_GaussianCenterWeight,0.46
Custom/GaussianPrefilteredSobel,Hair,t4,float,_GaussianCardinalWeight,0.309
Custom/GaussianPrefilteredSobel,Hair,t4,float,_GaussianDiagonalWeight,0.25
Custom/GaussianPrefilteredSobel,Hair,t4,float,_EnableThreshold,1
Custom/GaussianPrefilteredSobel,Hair,t4,float,_ThresholdMinMultiplier,0
Custom/GaussianPrefilteredSobel,Hair,t4,float,_ThresholdMaxMultiplier,2.6
Custom/GaussianPrefilteredSobel,Hair,t4,float,_EnablePass1,0
Custom/GaussianPrefilteredSobel,Hair,t4,float,_EnablePass2,0
Custom/GaussianPrefilteredSobel,Hair,t4,float,_EnablePass3,0
Custom/GaussianPrefilteredSobel,Hair,t4,float,_EnablePass4,0
Custom/GaussianPrefilteredSobel,Hair,t4,float,_SmoothstepTightness,0.281
Custom/GaussianPrefilteredSobel,Hair,t4,float,_EnablePowerCurve,0
Custom/GaussianPrefilteredSobel,Hair,t4,float,_PowerCurve,0.5
Custom/GaussianPrefilteredSobel,Hair,t4,float,_NormalEdgeThreshold,0
Custom/GaussianPrefilteredSobel,Hair,t4,float,_NormalEdgeStrength,0
Custom/GaussianPrefilteredSobel,Hair,t4,float,_NormalEdgeSmoothness,0.01
Custom/GaussianPrefilteredSobel,Hair,t4,float,_FresnelEdgeThreshold,0.3
Custom/GaussianPrefilteredSobel,Hair,t4,float,_FresnelEdgeStrength,0
Custom/GaussianPrefilteredSobel,Hair,t4,color,_EdgeColor,0|0|0|1
Custom/GaussianPrefilteredSobel,Hair,t4,float,_EdgeBlendMode,0
Custom/GaussianPrefilteredSobel,Hair,t4,float,_EnableRim,1
Custom/GaussianPrefilteredSobel,Hair,t4,color,_RimColor,0.408|0.408|0.408|1
Custom/GaussianPrefilteredSobel,Hair,t4,float,_RimPower,4
Custom/GaussianPrefilteredSobel,Hair,t4,color,_AmbientColor,0.35|0.35|0.35|1
Custom/GaussianPrefilteredSobel,Hair,t4,float,_EnableAlphaTest,1
Custom/GaussianPrefilteredSobel,Hair,t4,float,_AlphaCutoff,0.1
Custom/GaussianPrefilteredSobel,Look,t4,float,_UseDebugDefaults,0
Custom/GaussianPrefilteredSobel,Look,t4,float,_DebugView,0
Custom/GaussianPrefilteredSobel,Look,t4,color,_Color,1|1|1|1
Custom/GaussianPrefilteredSobel,Look,t4,float,_TextureIntensity,1
Custom/GaussianPrefilteredSobel,Look,t4,float,_BumpScale,1
Custom/GaussianPrefilteredSobel,Look,t4,float,_LightSensitivity,0.5
Custom/GaussianPrefilteredSobel,Look,t4,float,_RampSmoothing,0.05
Custom/GaussianPrefilteredSobel,Look,t4,color,_ShadowColor,0.3|0.3|0.45|1
Custom/GaussianPrefilteredSobel,Look,t4,float,_ShadowStrength,0.5
Custom/GaussianPrefilteredSobel,Look,t4,float,_DetailMode,0
Custom/GaussianPrefilteredSobel,Look,t4,float,_DetailBias,1
Custom/GaussianPrefilteredSobel,Look,t4,float,_DepthNear,1
Custom/GaussianPrefilteredSobel,Look,t4,float,_DepthFar,50
Custom/GaussianPrefilteredSobel,Look,t4,float,_ManualDetail,0.013
Custom/GaussianPrefilteredSobel,Look,t4,float,_EnableOuterOutline,1
Custom/GaussianPrefilteredSobel,Look,t4,float,_OuterOutlineWidth,0.005
Custom/GaussianPrefilteredSobel,Look,t4,color,_OuterOutlineColor,0|0|0|1
Custom/GaussianPrefilteredSobel,Look,t4,float,_UseOutlineDepthOffset,1
Custom/GaussianPrefilteredSobel,Look,t4,float,_OutlineDepthBias,5
Custom/GaussianPrefilteredSobel,Look,t4,float,_EnableTextureSobel,1
Custom/GaussianPrefilteredSobel,Look,t4,float,_EnableNormalEdges,0
Custom/GaussianPrefilteredSobel,Look,t4,float,_EnableFresnelEdge,0
Custom/GaussianPrefilteredSobel,Look,t4,float,_UseLightFiltering,0
Custom/GaussianPrefilteredSobel,Look,t4,float,_UseModerateFiltering,0
Custom/GaussianPrefilteredSobel,Look,t4,float,_UseAggressiveFiltering,1
Custom/GaussianPrefilteredSobel,Look,t4,color,_InnerLineColor,0|0|0|1
Custom/GaussianPrefilteredSobel,Look,t4,float,_InnerLineThreshold,0.03
Custom/GaussianPrefilteredSobel,Look,t4,float,_InnerLineBlur,0.2
Custom/GaussianPrefilteredSobel,Look,t4,float,_InnerLineStrength,1
Custom/GaussianPrefilteredSobel,Look,t4,float,_EnableGaussianBlur,0
Custom/GaussianPrefilteredSobel,Look,t4,float,_BlurRadiusMultiplier,10
Custom/GaussianPrefilteredSobel,Look,t4,float,_GaussianCenterWeight,0.46
Custom/GaussianPrefilteredSobel,Look,t4,float,_GaussianCardinalWeight,0.309
Custom/GaussianPrefilteredSobel,Look,t4,float,_GaussianDiagonalWeight,0.25
Custom/GaussianPrefilteredSobel,Look,t4,float,_EnableThreshold,1
Custom/GaussianPrefilteredSobel,Look,t4,float,_ThresholdMinMultiplier,0
Custom/GaussianPrefilteredSobel,Look,t4,float,_ThresholdMaxMultiplier,2.6
Custom/GaussianPrefilteredSobel,Look,t4,float,_EnablePass1,0
Custom/GaussianPrefilteredSobel,Look,t4,float,_EnablePass2,0
Custom/GaussianPrefilteredSobel,Look,t4,float,_EnablePass3,0
Custom/GaussianPrefilteredSobel,Look,t4,float,_EnablePass4,0
Custom/GaussianPrefilteredSobel,Look,t4,float,_SmoothstepTightness,0.281
Custom/GaussianPrefilteredSobel,Look,t4,float,_EnablePowerCurve,0
Custom/GaussianPrefilteredSobel,Look,t4,float,_PowerCurve,0.5
Custom/GaussianPrefilteredSobel,Look,t4,float,_NormalEdgeThreshold,0
Custom/GaussianPrefilteredSobel,Look,t4,float,_NormalEdgeStrength,0
Custom/GaussianPrefilteredSobel,Look,t4,float,_NormalEdgeSmoothness,0.01
Custom/GaussianPrefilteredSobel,Look,t4,float,_FresnelEdgeThreshold,0.3
Custom/GaussianPrefilteredSobel,Look,t4,float,_FresnelEdgeStrength,0
Custom/GaussianPrefilteredSobel,Look,t4,color,_EdgeColor,0|0|0|1
Custom/GaussianPrefilteredSobel,Look,t4,float,_EdgeBlendMode,0
Custom/GaussianPrefilteredSobel,Look,t4,float,_EnableRim,1
Custom/GaussianPrefilteredSobel,Look,t4,color,_RimColor,0.408|0.408|0.408|1
Custom/GaussianPrefilteredSobel,Look,t4,float,_RimPower,4
Custom/GaussianPrefilteredSobel,Look,t4,color,_AmbientColor,0.35|0.35|0.35|1
Custom/GaussianPrefilteredSobel,Look,t4,float,_EnableAlphaTest,1
Custom/GaussianPrefilteredSobel,Look,t4,float,_AlphaCutoff,0.1
Custom/GaussianPrefilteredSobel,Look,t5,float,_UseDebugDefaults,0
Custom/GaussianPrefilteredSobel,Look,t5,float,_DebugView,0
Custom/GaussianPrefilteredSobel,Look,t5,color,_Color,1|1|1|1
Custom/GaussianPrefilteredSobel,Look,t5,float,_TextureIntensity,1
Custom/GaussianPrefilteredSobel,Look,t5,float,_BumpScale,1
Custom/GaussianPrefilteredSobel,Look,t5,float,_LightSensitivity,0.5
Custom/GaussianPrefilteredSobel,Look,t5,float,_RampSmoothing,0.05
Custom/GaussianPrefilteredSobel,Look,t5,color,_ShadowColor,0.3|0.3|0.45|1
Custom/GaussianPrefilteredSobel,Look,t5,float,_ShadowStrength,0.5
Custom/GaussianPrefilteredSobel,Look,t5,float,_DetailMode,0
Custom/GaussianPrefilteredSobel,Look,t5,float,_DetailBias,0
Custom/GaussianPrefilteredSobel,Look,t5,float,_DepthNear,1
Custom/GaussianPrefilteredSobel,Look,t5,float,_DepthFar,50
Custom/GaussianPrefilteredSobel,Look,t5,float,_ManualDetail,0.013
Custom/GaussianPrefilteredSobel,Look,t5,float,_EnableOuterOutline,1
Custom/GaussianPrefilteredSobel,Look,t5,float,_OuterOutlineWidth,0.005
Custom/GaussianPrefilteredSobel,Look,t5,color,_OuterOutlineColor,0|0|0|1
Custom/GaussianPrefilteredSobel,Look,t5,float,_UseOutlineDepthOffset,1
Custom/GaussianPrefilteredSobel,Look,t5,float,_OutlineDepthBias,5
Custom/GaussianPrefilteredSobel,Look,t5,float,_EnableTextureSobel,1
Custom/GaussianPrefilteredSobel,Look,t5,float,_EnableNormalEdges,0
Custom/GaussianPrefilteredSobel,Look,t5,float,_EnableFresnelEdge,0
Custom/GaussianPrefilteredSobel,Look,t5,float,_UseLightFiltering,0
Custom/GaussianPrefilteredSobel,Look,t5,float,_UseModerateFiltering,0
Custom/GaussianPrefilteredSobel,Look,t5,float,_UseAggressiveFiltering,1
Custom/GaussianPrefilteredSobel,Look,t5,color,_InnerLineColor,0|0|0|1
Custom/GaussianPrefilteredSobel,Look,t5,float,_InnerLineThreshold,0.03
Custom/GaussianPrefilteredSobel,Look,t5,float,_InnerLineBlur,0.2
Custom/GaussianPrefilteredSobel,Look,t5,float,_InnerLineStrength,1
Custom/GaussianPrefilteredSobel,Look,t5,float,_EnableGaussianBlur,0
Custom/GaussianPrefilteredSobel,Look,t5,float,_BlurRadiusMultiplier,10
Custom/GaussianPrefilteredSobel,Look,t5,float,_GaussianCenterWeight,0.46
Custom/GaussianPrefilteredSobel,Look,t5,float,_GaussianCardinalWeight,0.309
Custom/GaussianPrefilteredSobel,Look,t5,float,_GaussianDiagonalWeight,0.25
Custom/GaussianPrefilteredSobel,Look,t5,float,_EnableThreshold,1
Custom/GaussianPrefilteredSobel,Look,t5,float,_ThresholdMinMultiplier,0
Custom/GaussianPrefilteredSobel,Look,t5,float,_ThresholdMaxMultiplier,2.6
Custom/GaussianPrefilteredSobel,Look,t5,float,_EnablePass1,0
Custom/GaussianPrefilteredSobel,Look,t5,float,_EnablePass2,0
Custom/GaussianPrefilteredSobel,Look,t5,float,_EnablePass3,0
Custom/GaussianPrefilteredSobel,Look,t5,float,_EnablePass4,0
Custom/GaussianPrefilteredSobel,Look,t5,float,_SmoothstepTightness,0.281
Custom/GaussianPrefilteredSobel,Look,t5,float,_EnablePowerCurve,0
Custom/GaussianPrefilteredSobel,Look,t5,float,_PowerCurve,0.5
Custom/GaussianPrefilteredSobel,Look,t5,float,_NormalEdgeThreshold,0
Custom/GaussianPrefilteredSobel,Look,t5,float,_NormalEdgeStrength,0
Custom/GaussianPrefilteredSobel,Look,t5,float,_NormalEdgeSmoothness,0.01
Custom/GaussianPrefilteredSobel,Look,t5,float,_FresnelEdgeThreshold,0.3
Custom/GaussianPrefilteredSobel,Look,t5,float,_FresnelEdgeStrength,0
Custom/GaussianPrefilteredSobel,Look,t5,color,_EdgeColor,0|0|0|1
Custom/GaussianPrefilteredSobel,Look,t5,float,_EdgeBlendMode,0
Custom/GaussianPrefilteredSobel,Look,t5,float,_EnableRim,1
Custom/GaussianPrefilteredSobel,Look,t5,color,_RimColor,0.408|0.408|0.408|1
Custom/GaussianPrefilteredSobel,Look,t5,float,_RimPower,4
Custom/GaussianPrefilteredSobel,Look,t5,color,_AmbientColor,0.35|0.35|0.35|1
Custom/GaussianPrefilteredSobel,Look,t5,float,_EnableAlphaTest,1
Custom/GaussianPrefilteredSobel,Look,t5,float,_AlphaCutoff,0.1
Custom/GaussianPrefilteredSobel,Hair,r2,float,_UseDebugDefaults,0
Custom/GaussianPrefilteredSobel,Hair,r2,float,_DebugView,0
Custom/GaussianPrefilteredSobel,Hair,r2,color,_Color,1|1|1|1
Custom/GaussianPrefilteredSobel,Hair,r2,float,_TextureIntensity,1
Custom/GaussianPrefilteredSobel,Hair,r2,float,_BumpScale,1
Custom/GaussianPrefilteredSobel,Hair,r2,float,_LightSensitivity,0.5
Custom/GaussianPrefilteredSobel,Hair,r2,float,_RampSmoothing,0.05
Custom/GaussianPrefilteredSobel,Hair,r2,color,_ShadowColor,0.3|0.3|0.45|1
Custom/GaussianPrefilteredSobel,Hair,r2,float,_ShadowStrength,0.5
Custom/GaussianPrefilteredSobel,Hair,r2,float,_DetailMode,0
Custom/GaussianPrefilteredSobel,Hair,r2,float,_DetailBias,0.5
Custom/GaussianPrefilteredSobel,Hair,r2,float,_DepthNear,1
Custom/GaussianPrefilteredSobel,Hair,r2,float,_DepthFar,50
Custom/GaussianPrefilteredSobel,Hair,r2,float,_ManualDetail,0.013
Custom/GaussianPrefilteredSobel,Hair,r2,float,_EnableOuterOutline,1
Custom/GaussianPrefilteredSobel,Hair,r2,float,_OuterOutlineWidth,0.005
Custom/GaussianPrefilteredSobel,Hair,r2,color,_OuterOutlineColor,0|0|0|1
Custom/GaussianPrefilteredSobel,Hair,r2,float,_UseOutlineDepthOffset,1
Custom/GaussianPrefilteredSobel,Hair,r2,float,_OutlineDepthBias,5
Custom/GaussianPrefilteredSobel,Hair,r2,float,_EnableTextureSobel,1
Custom/GaussianPrefilteredSobel,Hair,r2,float,_EnableNormalEdges,0
Custom/GaussianPrefilteredSobel,Hair,r2,float,_EnableFresnelEdge,0
Custom/GaussianPrefilteredSobel,Hair,r2,float,_UseLightFiltering,0
Custom/GaussianPrefilteredSobel,Hair,r2,float,_UseModerateFiltering,0
Custom/GaussianPrefilteredSobel,Hair,r2,float,_UseAggressiveFiltering,1
Custom/GaussianPrefilteredSobel,Hair,r2,color,_InnerLineColor,0|0|0|1
Custom/GaussianPrefilteredSobel,Hair,r2,float,_InnerLineThreshold,0.03
Custom/GaussianPrefilteredSobel,Hair,r2,float,_InnerLineBlur,0.2
Custom/GaussianPrefilteredSobel,Hair,r2,float,_InnerLineStrength,1
Custom/GaussianPrefilteredSobel,Hair,r2,float,_EnableGaussianBlur,0
Custom/GaussianPrefilteredSobel,Hair,r2,float,_BlurRadiusMultiplier,10
Custom/GaussianPrefilteredSobel,Hair,r2,float,_GaussianCenterWeight,0.46
Custom/GaussianPrefilteredSobel,Hair,r2,float,_GaussianCardinalWeight,0.309
Custom/GaussianPrefilteredSobel,Hair,r2,float,_GaussianDiagonalWeight,0.25
Custom/GaussianPrefilteredSobel,Hair,r2,float,_EnableThreshold,1
Custom/GaussianPrefilteredSobel,Hair,r2,float,_ThresholdMinMultiplier,0
Custom/GaussianPrefilteredSobel,Hair,r2,float,_ThresholdMaxMultiplier,2.6
Custom/GaussianPrefilteredSobel,Hair,r2,float,_EnablePass1,0
Custom/GaussianPrefilteredSobel,Hair,r2,float,_EnablePass2,0
Custom/GaussianPrefilteredSobel,Hair,r2,float,_EnablePass3,0
Custom/GaussianPrefilteredSobel,Hair,r2,float,_EnablePass4,0
Custom/GaussianPrefilteredSobel,Hair,r2,float,_SmoothstepTightness,0.281
Custom/GaussianPrefilteredSobel,Hair,r2,float,_EnablePowerCurve,0
Custom/GaussianPrefilteredSobel,Hair,r2,float,_PowerCurve,0.5
Custom/GaussianPrefilteredSobel,Hair,r2,float,_NormalEdgeThreshold,0
Custom/GaussianPrefilteredSobel,Hair,r2,float,_NormalEdgeStrength,0
Custom/GaussianPrefilteredSobel,Hair,r2,float,_NormalEdgeSmoothness,0.01
Custom/GaussianPrefilteredSobel,Hair,r2,float,_FresnelEdgeThreshold,0.3
Custom/GaussianPrefilteredSobel,Hair,r2,float,_FresnelEdgeStrength,0
Custom/GaussianPrefilteredSobel,Hair,r2,color,_EdgeColor,0|0|0|1
Custom/GaussianPrefilteredSobel,Hair,r2,float,_EdgeBlendMode,0
Custom/GaussianPrefilteredSobel,Hair,r2,float,_EnableRim,1
Custom/GaussianPrefilteredSobel,Hair,r2,color,_RimColor,0.408|0.408|0.408|1
Custom/GaussianPrefilteredSobel,Hair,r2,float,_RimPower,4
Custom/GaussianPrefilteredSobel,Hair,r2,color,_AmbientColor,0.35|0.35|0.35|1
Custom/GaussianPrefilteredSobel,Hair,r2,float,_EnableAlphaTest,1
Custom/GaussianPrefilteredSobel,Hair,r2,float,_AlphaCutoff,0.1
Custom/GaussianPrefilteredSobel,Head,def,float,_UseDebugDefaults,0
Custom/GaussianPrefilteredSobel,Head,def,float,_DebugView,0
Custom/GaussianPrefilteredSobel,Head,def,color,_Color,1|1|1|1
Custom/GaussianPrefilteredSobel,Head,def,float,_TextureIntensity,1
Custom/GaussianPrefilteredSobel,Head,def,float,_BumpScale,1
Custom/GaussianPrefilteredSobel,Head,def,float,_LightSensitivity,0.8
Custom/GaussianPrefilteredSobel,Head,def,float,_RampSmoothing,0.05
Custom/GaussianPrefilteredSobel,Head,def,color,_ShadowColor,0.3|0.3|0.45|1
Custom/GaussianPrefilteredSobel,Head,def,float,_ShadowStrength,0.5
Custom/GaussianPrefilteredSobel,Head,def,float,_DetailMode,0
Custom/GaussianPrefilteredSobel,Head,def,float,_DetailBias,0.5
Custom/GaussianPrefilteredSobel,Head,def,float,_DepthNear,0
Custom/GaussianPrefilteredSobel,Head,def,float,_DepthFar,20
Custom/GaussianPrefilteredSobel,Head,def,float,_ManualDetail,0.5
Custom/GaussianPrefilteredSobel,Head,def,float,_EnableOuterOutline,1
Custom/GaussianPrefilteredSobel,Head,def,float,_OuterOutlineWidth,0.005
Custom/GaussianPrefilteredSobel,Head,def,color,_OuterOutlineColor,0|0|0|1
Custom/GaussianPrefilteredSobel,Head,def,float,_UseOutlineDepthOffset,1
Custom/GaussianPrefilteredSobel,Head,def,float,_OutlineDepthBias,5
Custom/GaussianPrefilteredSobel,Head,def,float,_EnableTextureSobel,1
Custom/GaussianPrefilteredSobel,Head,def,float,_EnableNormalEdges,0
Custom/GaussianPrefilteredSobel,Head,def,float,_EnableFresnelEdge,0
Custom/GaussianPrefilteredSobel,Head,def,float,_UseLightFiltering,0
Custom/GaussianPrefilteredSobel,Head,def,float,_UseModerateFiltering,0
Custom/GaussianPrefilteredSobel,Head,def,float,_UseAggressiveFiltering,1
Custom/GaussianPrefilteredSobel,Head,def,color,_InnerLineColor,0|0|0|1
Custom/GaussianPrefilteredSobel,Head,def,float,_InnerLineThreshold,0.03
Custom/GaussianPrefilteredSobel,Head,def,float,_InnerLineBlur,0.2
Custom/GaussianPrefilteredSobel,Head,def,float,_InnerLineStrength,1
Custom/GaussianPrefilteredSobel,Head,def,float,_EnableGaussianBlur,0
Custom/GaussianPrefilteredSobel,Head,def,float,_BlurRadiusMultiplier,10
Custom/GaussianPrefilteredSobel,Head,def,float,_GaussianCenterWeight,0.5
Custom/GaussianPrefilteredSobel,Head,def,float,_GaussianCardinalWeight,0.5
Custom/GaussianPrefilteredSobel,Head,def,float,_GaussianDiagonalWeight,0.25
Custom/GaussianPrefilteredSobel,Head,def,float,_EnableThreshold,1
Custom/GaussianPrefilteredSobel,Head,def,float,_ThresholdMinMultiplier,0
Custom/GaussianPrefilteredSobel,Head,def,float,_ThresholdMaxMultiplier,1.9
Custom/GaussianPrefilteredSobel,Head,def,float,_EnablePass1,0
Custom/GaussianPrefilteredSobel,Head,def,float,_EnablePass2,0
Custom/GaussianPrefilteredSobel,Head,def,float,_EnablePass3,0
Custom/GaussianPrefilteredSobel,Head,def,float,_EnablePass4,0
Custom/GaussianPrefilteredSobel,Head,def,float,_SmoothstepTightness,0.5
Custom/GaussianPrefilteredSobel,Head,def,float,_EnablePowerCurve,0
Custom/GaussianPrefilteredSobel,Head,def,float,_PowerCurve,0.5
Custom/GaussianPrefilteredSobel,Head,def,float,_NormalEdgeThreshold,0
Custom/GaussianPrefilteredSobel,Head,def,float,_NormalEdgeStrength,0
Custom/GaussianPrefilteredSobel,Head,def,float,_NormalEdgeSmoothness,0.01
Custom/GaussianPrefilteredSobel,Head,def,float,_FresnelEdgeThreshold,0.3
Custom/GaussianPrefilteredSobel,Head,def,float,_FresnelEdgeStrength,0
Custom/GaussianPrefilteredSobel,Head,def,color,_EdgeColor,0|0|0|1
Custom/GaussianPrefilteredSobel,Head,def,float,_EdgeBlendMode,0
Custom/GaussianPrefilteredSobel,Head,def,float,_EnableRim,1
Custom/GaussianPrefilteredSobel,Head,def,color,_RimColor,0.408|0.408|0.408|1
Custom/GaussianPrefilteredSobel,Head,def,float,_RimPower,4
Custom/GaussianPrefilteredSobel,Head,def,color,_AmbientColor,0.35|0.35|0.35|1
Custom/GaussianPrefilteredSobel,Head,def,float,_EnableAlphaTest,0
Custom/GaussianPrefilteredSobel,Head,def,float,_AlphaCutoff,0.1
Custom/GaussianPrefilteredSobel,Head,O1,float,_UseDebugDefaults,0
Custom/GaussianPrefilteredSobel,Head,O1,float,_DebugView,0
Custom/GaussianPrefilteredSobel,Head,O1,color,_Color,1|1|1|1
Custom/GaussianPrefilteredSobel,Head,O1,float,_TextureIntensity,1
Custom/GaussianPrefilteredSobel,Head,O1,float,_BumpScale,1
Custom/GaussianPrefilteredSobel,Head,O1,float,_LightSensitivity,0.5
Custom/GaussianPrefilteredSobel,Head,O1,float,_RampSmoothing,0.05
Custom/GaussianPrefilteredSobel,Head,O1,color,_ShadowColor,0.3|0.3|0.45|1
Custom/GaussianPrefilteredSobel,Head,O1,float,_ShadowStrength,0.5
Custom/GaussianPrefilteredSobel,Head,O1,float,_DetailMode,0
Custom/GaussianPrefilteredSobel,Head,O1,float,_DetailBias,0.5
Custom/GaussianPrefilteredSobel,Head,O1,float,_DepthNear,1
Custom/GaussianPrefilteredSobel,Head,O1,float,_DepthFar,50
Custom/GaussianPrefilteredSobel,Head,O1,float,_ManualDetail,0.013
Custom/GaussianPrefilteredSobel,Head,O1,float,_EnableOuterOutline,1
Custom/GaussianPrefilteredSobel,Head,O1,float,_OuterOutlineWidth,0.005
Custom/GaussianPrefilteredSobel,Head,O1,color,_OuterOutlineColor,0|0|0|1
Custom/GaussianPrefilteredSobel,Head,O1,float,_UseOutlineDepthOffset,1
Custom/GaussianPrefilteredSobel,Head,O1,float,_OutlineDepthBias,5
Custom/GaussianPrefilteredSobel,Head,O1,float,_EnableTextureSobel,1
Custom/GaussianPrefilteredSobel,Head,O1,float,_EnableNormalEdges,0
Custom/GaussianPrefilteredSobel,Head,O1,float,_EnableFresnelEdge,0
Custom/GaussianPrefilteredSobel,Head,O1,float,_UseLightFiltering,0
Custom/GaussianPrefilteredSobel,Head,O1,float,_UseModerateFiltering,0
Custom/GaussianPrefilteredSobel,Head,O1,float,_UseAggressiveFiltering,1
Custom/GaussianPrefilteredSobel,Head,O1,color,_InnerLineColor,0|0|0|1
Custom/GaussianPrefilteredSobel,Head,O1,float,_InnerLineThreshold,0.05
Custom/GaussianPrefilteredSobel,Head,O1,float,_InnerLineBlur,0.2
Custom/GaussianPrefilteredSobel,Head,O1,float,_InnerLineStrength,1
Custom/GaussianPrefilteredSobel,Head,O1,float,_EnableGaussianBlur,0
Custom/GaussianPrefilteredSobel,Head,O1,float,_BlurRadiusMultiplier,10
Custom/GaussianPrefilteredSobel,Head,O1,float,_GaussianCenterWeight,0.46
Custom/GaussianPrefilteredSobel,Head,O1,float,_GaussianCardinalWeight,0.309
Custom/GaussianPrefilteredSobel,Head,O1,float,_GaussianDiagonalWeight,0.25
Custom/GaussianPrefilteredSobel,Head,O1,float,_EnableThreshold,1
Custom/GaussianPrefilteredSobel,Head,O1,float,_ThresholdMinMultiplier,0
Custom/GaussianPrefilteredSobel,Head,O1,float,_ThresholdMaxMultiplier,2.6
Custom/GaussianPrefilteredSobel,Head,O1,float,_EnablePass1,0
Custom/GaussianPrefilteredSobel,Head,O1,float,_EnablePass2,0
Custom/GaussianPrefilteredSobel,Head,O1,float,_EnablePass3,0
Custom/GaussianPrefilteredSobel,Head,O1,float,_EnablePass4,0
Custom/GaussianPrefilteredSobel,Head,O1,float,_SmoothstepTightness,0.281
Custom/GaussianPrefilteredSobel,Head,O1,float,_EnablePowerCurve,0
Custom/GaussianPrefilteredSobel,Head,O1,float,_PowerCurve,0.5
Custom/GaussianPrefilteredSobel,Head,O1,float,_NormalEdgeThreshold,0
Custom/GaussianPrefilteredSobel,Head,O1,float,_NormalEdgeStrength,0
Custom/GaussianPrefilteredSobel,Head,O1,float,_NormalEdgeSmoothness,0.01
Custom/GaussianPrefilteredSobel,Head,O1,float,_FresnelEdgeThreshold,0.3
Custom/GaussianPrefilteredSobel,Head,O1,float,_FresnelEdgeStrength,0
Custom/GaussianPrefilteredSobel,Head,O1,color,_EdgeColor,0|0|0|1
Custom/GaussianPrefilteredSobel,Head,O1,float,_EdgeBlendMode,0
Custom/GaussianPrefilteredSobel,Head,O1,float,_EnableRim,1
Custom/GaussianPrefilteredSobel,Head,O1,color,_RimColor,0.408|0.408|0.408|1
Custom/GaussianPrefilteredSobel,Head,O1,float,_RimPower,4
Custom/GaussianPrefilteredSobel,Head,O1,color,_AmbientColor,0.35|0.35|0.35|1
Custom/GaussianPrefilteredSobel,Head,O1,float,_EnableAlphaTest,1
Custom/GaussianPrefilteredSobel,Head,O1,float,_AlphaCutoff,0.1
Custom/GaussianPrefilteredSobel,Look,O1,float,_UseDebugDefaults,0
Custom/GaussianPrefilteredSobel,Look,O1,float,_DebugView,0
Custom/GaussianPrefilteredSobel,Look,O1,color,_Color,1|1|1|1
Custom/GaussianPrefilteredSobel,Look,O1,float,_TextureIntensity,1
Custom/GaussianPrefilteredSobel,Look,O1,float,_BumpScale,1
Custom/GaussianPrefilteredSobel,Look,O1,float,_LightSensitivity,0.5
Custom/GaussianPrefilteredSobel,Look,O1,float,_RampSmoothing,0.05
Custom/GaussianPrefilteredSobel,Look,O1,color,_ShadowColor,0.3|0.3|0.45|1
Custom/GaussianPrefilteredSobel,Look,O1,float,_ShadowStrength,0.5
Custom/GaussianPrefilteredSobel,Look,O1,float,_DetailMode,0
Custom/GaussianPrefilteredSobel,Look,O1,float,_DetailBias,0.5
Custom/GaussianPrefilteredSobel,Look,O1,float,_DepthNear,1
Custom/GaussianPrefilteredSobel,Look,O1,float,_DepthFar,50
Custom/GaussianPrefilteredSobel,Look,O1,float,_ManualDetail,0.013
Custom/GaussianPrefilteredSobel,Look,O1,float,_EnableOuterOutline,1
Custom/GaussianPrefilteredSobel,Look,O1,float,_OuterOutlineWidth,0.005
Custom/GaussianPrefilteredSobel,Look,O1,color,_OuterOutlineColor,0|0|0|1
Custom/GaussianPrefilteredSobel,Look,O1,float,_UseOutlineDepthOffset,0
Custom/GaussianPrefilteredSobel,Look,O1,float,_OutlineDepthBias,5
Custom/GaussianPrefilteredSobel,Look,O1,float,_EnableTextureSobel,1
Custom/GaussianPrefilteredSobel,Look,O1,float,_EnableNormalEdges,0
Custom/GaussianPrefilteredSobel,Look,O1,float,_EnableFresnelEdge,0
Custom/GaussianPrefilteredSobel,Look,O1,float,_UseLightFiltering,0
Custom/GaussianPrefilteredSobel,Look,O1,float,_UseModerateFiltering,0
Custom/GaussianPrefilteredSobel,Look,O1,float,_UseAggressiveFiltering,1
Custom/GaussianPrefilteredSobel,Look,O1,color,_InnerLineColor,0|0|0|1
Custom/GaussianPrefilteredSobel,Look,O1,float,_InnerLineThreshold,0.05
Custom/GaussianPrefilteredSobel,Look,O1,float,_InnerLineBlur,0.2
Custom/GaussianPrefilteredSobel,Look,O1,float,_InnerLineStrength,1
Custom/GaussianPrefilteredSobel,Look,O1,float,_EnableGaussianBlur,0
Custom/GaussianPrefilteredSobel,Look,O1,float,_BlurRadiusMultiplier,10
Custom/GaussianPrefilteredSobel,Look,O1,float,_GaussianCenterWeight,0.46
Custom/GaussianPrefilteredSobel,Look,O1,float,_GaussianCardinalWeight,0.309
Custom/GaussianPrefilteredSobel,Look,O1,float,_GaussianDiagonalWeight,0.25
Custom/GaussianPrefilteredSobel,Look,O1,float,_EnableThreshold,1
Custom/GaussianPrefilteredSobel,Look,O1,float,_ThresholdMinMultiplier,0
Custom/GaussianPrefilteredSobel,Look,O1,float,_ThresholdMaxMultiplier,2.6
Custom/GaussianPrefilteredSobel,Look,O1,float,_EnablePass1,0
Custom/GaussianPrefilteredSobel,Look,O1,float,_EnablePass2,0
Custom/GaussianPrefilteredSobel,Look,O1,float,_EnablePass3,0
Custom/GaussianPrefilteredSobel,Look,O1,float,_EnablePass4,0
Custom/GaussianPrefilteredSobel,Look,O1,float,_SmoothstepTightness,0.281
Custom/GaussianPrefilteredSobel,Look,O1,float,_EnablePowerCurve,0
Custom/GaussianPrefilteredSobel,Look,O1,float,_PowerCurve,0.5
Custom/GaussianPrefilteredSobel,Look,O1,float,_NormalEdgeThreshold,0
Custom/GaussianPrefilteredSobel,Look,O1,float,_NormalEdgeStrength,0
Custom/GaussianPrefilteredSobel,Look,O1,float,_NormalEdgeSmoothness,0.01
Custom/GaussianPrefilteredSobel,Look,O1,float,_FresnelEdgeThreshold,0.3
Custom/GaussianPrefilteredSobel,Look,O1,float,_FresnelEdgeStrength,0
Custom/GaussianPrefilteredSobel,Look,O1,color,_EdgeColor,0|0|0|1
Custom/GaussianPrefilteredSobel,Look,O1,float,_EdgeBlendMode,0
Custom/GaussianPrefilteredSobel,Look,O1,float,_EnableRim,1
Custom/GaussianPrefilteredSobel,Look,O1,color,_RimColor,0.408|0.408|0.408|1
Custom/GaussianPrefilteredSobel,Look,O1,float,_RimPower,4
Custom/GaussianPrefilteredSobel,Look,O1,color,_AmbientColor,0.35|0.35|0.35|1
Custom/GaussianPrefilteredSobel,Look,O1,float,_EnableAlphaTest,1
Custom/GaussianPrefilteredSobel,Look,O1,float,_AlphaCutoff,0.1
Custom/GaussianPrefilteredSobel,Look,O2,float,_UseDebugDefaults,0
Custom/GaussianPrefilteredSobel,Look,O2,float,_DebugView,0
Custom/GaussianPrefilteredSobel,Look,O2,color,_Color,1|1|1|1
Custom/GaussianPrefilteredSobel,Look,O2,float,_TextureIntensity,1
Custom/GaussianPrefilteredSobel,Look,O2,float,_BumpScale,1
Custom/GaussianPrefilteredSobel,Look,O2,float,_LightSensitivity,0.5
Custom/GaussianPrefilteredSobel,Look,O2,float,_RampSmoothing,0.05
Custom/GaussianPrefilteredSobel,Look,O2,color,_ShadowColor,0.3|0.3|0.45|1
Custom/GaussianPrefilteredSobel,Look,O2,float,_ShadowStrength,0.5
Custom/GaussianPrefilteredSobel,Look,O2,float,_DetailMode,0
Custom/GaussianPrefilteredSobel,Look,O2,float,_DetailBias,0.5
Custom/GaussianPrefilteredSobel,Look,O2,float,_DepthNear,1
Custom/GaussianPrefilteredSobel,Look,O2,float,_DepthFar,50
Custom/GaussianPrefilteredSobel,Look,O2,float,_ManualDetail,0.013
Custom/GaussianPrefilteredSobel,Look,O2,float,_EnableOuterOutline,1
Custom/GaussianPrefilteredSobel,Look,O2,float,_OuterOutlineWidth,0.005
Custom/GaussianPrefilteredSobel,Look,O2,color,_OuterOutlineColor,0|0|0|1
Custom/GaussianPrefilteredSobel,Look,O2,float,_UseOutlineDepthOffset,1
Custom/GaussianPrefilteredSobel,Look,O2,float,_OutlineDepthBias,5
Custom/GaussianPrefilteredSobel,Look,O2,float,_EnableTextureSobel,1
Custom/GaussianPrefilteredSobel,Look,O2,float,_EnableNormalEdges,0
Custom/GaussianPrefilteredSobel,Look,O2,float,_EnableFresnelEdge,0
Custom/GaussianPrefilteredSobel,Look,O2,float,_UseLightFiltering,0
Custom/GaussianPrefilteredSobel,Look,O2,float,_UseModerateFiltering,0
Custom/GaussianPrefilteredSobel,Look,O2,float,_UseAggressiveFiltering,1
Custom/GaussianPrefilteredSobel,Look,O2,color,_InnerLineColor,0|0|0|1
Custom/GaussianPrefilteredSobel,Look,O2,float,_InnerLineThreshold,0.05
Custom/GaussianPrefilteredSobel,Look,O2,float,_InnerLineBlur,0.2
Custom/GaussianPrefilteredSobel,Look,O2,float,_InnerLineStrength,1
Custom/GaussianPrefilteredSobel,Look,O2,float,_EnableGaussianBlur,0
Custom/GaussianPrefilteredSobel,Look,O2,float,_BlurRadiusMultiplier,10
Custom/GaussianPrefilteredSobel,Look,O2,float,_GaussianCenterWeight,0.46
Custom/GaussianPrefilteredSobel,Look,O2,float,_GaussianCardinalWeight,0.309
Custom/GaussianPrefilteredSobel,Look,O2,float,_GaussianDiagonalWeight,0.25
Custom/GaussianPrefilteredSobel,Look,O2,float,_EnableThreshold,1
Custom/GaussianPrefilteredSobel,Look,O2,float,_ThresholdMinMultiplier,0
Custom/GaussianPrefilteredSobel,Look,O2,float,_ThresholdMaxMultiplier,2.6
Custom/GaussianPrefilteredSobel,Look,O2,float,_EnablePass1,0
Custom/GaussianPrefilteredSobel,Look,O2,float,_EnablePass2,0
Custom/GaussianPrefilteredSobel,Look,O2,float,_EnablePass3,0
Custom/GaussianPrefilteredSobel,Look,O2,float,_EnablePass4,0
Custom/GaussianPrefilteredSobel,Look,O2,float,_SmoothstepTightness,0.281
Custom/GaussianPrefilteredSobel,Look,O2,float,_EnablePowerCurve,0
Custom/GaussianPrefilteredSobel,Look,O2,float,_PowerCurve,0.5
Custom/GaussianPrefilteredSobel,Look,O2,float,_NormalEdgeThreshold,0
Custom/GaussianPrefilteredSobel,Look,O2,float,_NormalEdgeStrength,0
Custom/GaussianPrefilteredSobel,Look,O2,float,_NormalEdgeSmoothness,0.01
Custom/GaussianPrefilteredSobel,Look,O2,float,_FresnelEdgeThreshold,0.3
Custom/GaussianPrefilteredSobel,Look,O2,float,_FresnelEdgeStrength,0
Custom/GaussianPrefilteredSobel,Look,O2,color,_EdgeColor,0|0|0|1
Custom/GaussianPrefilteredSobel,Look,O2,float,_EdgeBlendMode,0
Custom/GaussianPrefilteredSobel,Look,O2,float,_EnableRim,1
Custom/GaussianPrefilteredSobel,Look,O2,color,_RimColor,0.408|0.408|0.408|1
Custom/GaussianPrefilteredSobel,Look,O2,float,_RimPower,4
Custom/GaussianPrefilteredSobel,Look,O2,color,_AmbientColor,0.35|0.35|0.35|1
Custom/GaussianPrefilteredSobel,Look,O2,float,_EnableAlphaTest,1
Custom/GaussianPrefilteredSobel,Look,O2,float,_AlphaCutoff,0.1
Custom/GaussianPrefilteredSobel,Head,O3,float,_UseDebugDefaults,0
Custom/GaussianPrefilteredSobel,Head,O3,float,_DebugView,0
Custom/GaussianPrefilteredSobel,Head,O3,color,_Color,1|1|1|1
Custom/GaussianPrefilteredSobel,Head,O3,float,_TextureIntensity,1
Custom/GaussianPrefilteredSobel,Head,O3,float,_BumpScale,1
Custom/GaussianPrefilteredSobel,Head,O3,float,_LightSensitivity,0.5
Custom/GaussianPrefilteredSobel,Head,O3,float,_RampSmoothing,0.05
Custom/GaussianPrefilteredSobel,Head,O3,color,_ShadowColor,0.3|0.3|0.45|1
Custom/GaussianPrefilteredSobel,Head,O3,float,_ShadowStrength,0.5
Custom/GaussianPrefilteredSobel,Head,O3,float,_DetailMode,0
Custom/GaussianPrefilteredSobel,Head,O3,float,_DetailBias,0.5
Custom/GaussianPrefilteredSobel,Head,O3,float,_DepthNear,1
Custom/GaussianPrefilteredSobel,Head,O3,float,_DepthFar,50
Custom/GaussianPrefilteredSobel,Head,O3,float,_ManualDetail,0.013
Custom/GaussianPrefilteredSobel,Head,O3,float,_EnableOuterOutline,1
Custom/GaussianPrefilteredSobel,Head,O3,float,_OuterOutlineWidth,0.007
Custom/GaussianPrefilteredSobel,Head,O3,color,_OuterOutlineColor,0|0|0|1
Custom/GaussianPrefilteredSobel,Head,O3,float,_UseOutlineDepthOffset,0
Custom/GaussianPrefilteredSobel,Head,O3,float,_OutlineDepthBias,5
Custom/GaussianPrefilteredSobel,Head,O3,float,_EnableTextureSobel,1
Custom/GaussianPrefilteredSobel,Head,O3,float,_EnableNormalEdges,0
Custom/GaussianPrefilteredSobel,Head,O3,float,_EnableFresnelEdge,0
Custom/GaussianPrefilteredSobel,Head,O3,float,_UseLightFiltering,0
Custom/GaussianPrefilteredSobel,Head,O3,float,_UseModerateFiltering,0
Custom/GaussianPrefilteredSobel,Head,O3,float,_UseAggressiveFiltering,1
Custom/GaussianPrefilteredSobel,Head,O3,color,_InnerLineColor,0|0|0|1
Custom/GaussianPrefilteredSobel,Head,O3,float,_InnerLineThreshold,0.05
Custom/GaussianPrefilteredSobel,Head,O3,float,_InnerLineBlur,0.2
Custom/GaussianPrefilteredSobel,Head,O3,float,_InnerLineStrength,1
Custom/GaussianPrefilteredSobel,Head,O3,float,_EnableGaussianBlur,0
Custom/GaussianPrefilteredSobel,Head,O3,float,_BlurRadiusMultiplier,10
Custom/GaussianPrefilteredSobel,Head,O3,float,_GaussianCenterWeight,0.46
Custom/GaussianPrefilteredSobel,Head,O3,float,_GaussianCardinalWeight,0.309
Custom/GaussianPrefilteredSobel,Head,O3,float,_GaussianDiagonalWeight,0.25
Custom/GaussianPrefilteredSobel,Head,O3,float,_EnableThreshold,1
Custom/GaussianPrefilteredSobel,Head,O3,float,_ThresholdMinMultiplier,0
Custom/GaussianPrefilteredSobel,Head,O3,float,_ThresholdMaxMultiplier,2.6
Custom/GaussianPrefilteredSobel,Head,O3,float,_EnablePass1,0
Custom/GaussianPrefilteredSobel,Head,O3,float,_EnablePass2,0
Custom/GaussianPrefilteredSobel,Head,O3,float,_EnablePass3,0
Custom/GaussianPrefilteredSobel,Head,O3,float,_EnablePass4,0
Custom/GaussianPrefilteredSobel,Head,O3,float,_SmoothstepTightness,0.281
Custom/GaussianPrefilteredSobel,Head,O3,float,_EnablePowerCurve,0
Custom/GaussianPrefilteredSobel,Head,O3,float,_PowerCurve,0.5
Custom/GaussianPrefilteredSobel,Head,O3,float,_NormalEdgeThreshold,0
Custom/GaussianPrefilteredSobel,Head,O3,float,_NormalEdgeStrength,0
Custom/GaussianPrefilteredSobel,Head,O3,float,_NormalEdgeSmoothness,0.01
Custom/GaussianPrefilteredSobel,Head,O3,float,_FresnelEdgeThreshold,0.3
Custom/GaussianPrefilteredSobel,Head,O3,float,_FresnelEdgeStrength,0
Custom/GaussianPrefilteredSobel,Head,O3,color,_EdgeColor,0|0|0|1
Custom/GaussianPrefilteredSobel,Head,O3,float,_EdgeBlendMode,0
Custom/GaussianPrefilteredSobel,Head,O3,float,_EnableRim,1
Custom/GaussianPrefilteredSobel,Head,O3,color,_RimColor,0.408|0.408|0.408|1
Custom/GaussianPrefilteredSobel,Head,O3,float,_RimPower,4
Custom/GaussianPrefilteredSobel,Head,O3,color,_AmbientColor,0.35|0.35|0.35|1
Custom/GaussianPrefilteredSobel,Head,O3,float,_EnableAlphaTest,1
Custom/GaussianPrefilteredSobel,Head,O3,float,_AlphaCutoff,0.1
Custom/GaussianPrefilteredSobel,Look,O4,float,_UseDebugDefaults,0
Custom/GaussianPrefilteredSobel,Look,O4,float,_DebugView,0
Custom/GaussianPrefilteredSobel,Look,O4,color,_Color,1|1|1|1
Custom/GaussianPrefilteredSobel,Look,O4,float,_TextureIntensity,1
Custom/GaussianPrefilteredSobel,Look,O4,float,_BumpScale,1
Custom/GaussianPrefilteredSobel,Look,O4,float,_LightSensitivity,0.5
Custom/GaussianPrefilteredSobel,Look,O4,float,_RampSmoothing,0.05
Custom/GaussianPrefilteredSobel,Look,O4,color,_ShadowColor,0.3|0.3|0.45|1
Custom/GaussianPrefilteredSobel,Look,O4,float,_ShadowStrength,0.5
Custom/GaussianPrefilteredSobel,Look,O4,float,_DetailMode,0
Custom/GaussianPrefilteredSobel,Look,O4,float,_DetailBias,0.5
Custom/GaussianPrefilteredSobel,Look,O4,float,_DepthNear,1
Custom/GaussianPrefilteredSobel,Look,O4,float,_DepthFar,50
Custom/GaussianPrefilteredSobel,Look,O4,float,_ManualDetail,0.013
Custom/GaussianPrefilteredSobel,Look,O4,float,_EnableOuterOutline,1
Custom/GaussianPrefilteredSobel,Look,O4,float,_OuterOutlineWidth,0.007
Custom/GaussianPrefilteredSobel,Look,O4,color,_OuterOutlineColor,0|0|0|1
Custom/GaussianPrefilteredSobel,Look,O4,float,_UseOutlineDepthOffset,1
Custom/GaussianPrefilteredSobel,Look,O4,float,_OutlineDepthBias,5
Custom/GaussianPrefilteredSobel,Look,O4,float,_EnableTextureSobel,1
Custom/GaussianPrefilteredSobel,Look,O4,float,_EnableNormalEdges,0
Custom/GaussianPrefilteredSobel,Look,O4,float,_EnableFresnelEdge,0
Custom/GaussianPrefilteredSobel,Look,O4,float,_UseLightFiltering,0
Custom/GaussianPrefilteredSobel,Look,O4,float,_UseModerateFiltering,0
Custom/GaussianPrefilteredSobel,Look,O4,float,_UseAggressiveFiltering,1
Custom/GaussianPrefilteredSobel,Look,O4,color,_InnerLineColor,0|0|0|1
Custom/GaussianPrefilteredSobel,Look,O4,float,_InnerLineThreshold,0.05
Custom/GaussianPrefilteredSobel,Look,O4,float,_InnerLineBlur,0.2
Custom/GaussianPrefilteredSobel,Look,O4,float,_InnerLineStrength,1
Custom/GaussianPrefilteredSobel,Look,O4,float,_EnableGaussianBlur,0
Custom/GaussianPrefilteredSobel,Look,O4,float,_BlurRadiusMultiplier,10
Custom/GaussianPrefilteredSobel,Look,O4,float,_GaussianCenterWeight,0.46
Custom/GaussianPrefilteredSobel,Look,O4,float,_GaussianCardinalWeight,0.309
Custom/GaussianPrefilteredSobel,Look,O4,float,_GaussianDiagonalWeight,0.25
Custom/GaussianPrefilteredSobel,Look,O4,float,_EnableThreshold,1
Custom/GaussianPrefilteredSobel,Look,O4,float,_ThresholdMinMultiplier,0
Custom/GaussianPrefilteredSobel,Look,O4,float,_ThresholdMaxMultiplier,2.6
Custom/GaussianPrefilteredSobel,Look,O4,float,_EnablePass1,0
Custom/GaussianPrefilteredSobel,Look,O4,float,_EnablePass2,0
Custom/GaussianPrefilteredSobel,Look,O4,float,_EnablePass3,0
Custom/GaussianPrefilteredSobel,Look,O4,float,_EnablePass4,0
Custom/GaussianPrefilteredSobel,Look,O4,float,_SmoothstepTightness,0.281
Custom/GaussianPrefilteredSobel,Look,O4,float,_EnablePowerCurve,0
Custom/GaussianPrefilteredSobel,Look,O4,float,_PowerCurve,0.5
Custom/GaussianPrefilteredSobel,Look,O4,float,_NormalEdgeThreshold,0
Custom/GaussianPrefilteredSobel,Look,O4,float,_NormalEdgeStrength,0
Custom/GaussianPrefilteredSobel,Look,O4,float,_NormalEdgeSmoothness,0.01
Custom/GaussianPrefilteredSobel,Look,O4,float,_FresnelEdgeThreshold,0.3
Custom/GaussianPrefilteredSobel,Look,O4,float,_FresnelEdgeStrength,0
Custom/GaussianPrefilteredSobel,Look,O4,color,_EdgeColor,0|0|0|1
Custom/GaussianPrefilteredSobel,Look,O4,float,_EdgeBlendMode,0
Custom/GaussianPrefilteredSobel,Look,O4,float,_EnableRim,1
Custom/GaussianPrefilteredSobel,Look,O4,color,_RimColor,0.408|0.408|0.408|1
Custom/GaussianPrefilteredSobel,Look,O4,float,_RimPower,4
Custom/GaussianPrefilteredSobel,Look,O4,color,_AmbientColor,0.35|0.35|0.35|1
Custom/GaussianPrefilteredSobel,Look,O4,float,_EnableAlphaTest,1
Custom/GaussianPrefilteredSobel,Look,O4,float,_AlphaCutoff,0.1
Custom/GaussianPrefilteredSobel,Look,O5,float,_UseDebugDefaults,0
Custom/GaussianPrefilteredSobel,Look,O5,float,_DebugView,0
Custom/GaussianPrefilteredSobel,Look,O5,color,_Color,1|1|1|1
Custom/GaussianPrefilteredSobel,Look,O5,float,_TextureIntensity,1
Custom/GaussianPrefilteredSobel,Look,O5,float,_BumpScale,1
Custom/GaussianPrefilteredSobel,Look,O5,float,_LightSensitivity,0.5
Custom/GaussianPrefilteredSobel,Look,O5,float,_RampSmoothing,0.05
Custom/GaussianPrefilteredSobel,Look,O5,color,_ShadowColor,0.3|0.3|0.45|1
Custom/GaussianPrefilteredSobel,Look,O5,float,_ShadowStrength,0.5
Custom/GaussianPrefilteredSobel,Look,O5,float,_DetailMode,0
Custom/GaussianPrefilteredSobel,Look,O5,float,_DetailBias,0.5
Custom/GaussianPrefilteredSobel,Look,O5,float,_DepthNear,1
Custom/GaussianPrefilteredSobel,Look,O5,float,_DepthFar,50
Custom/GaussianPrefilteredSobel,Look,O5,float,_ManualDetail,0.013
Custom/GaussianPrefilteredSobel,Look,O5,float,_EnableOuterOutline,1
Custom/GaussianPrefilteredSobel,Look,O5,float,_OuterOutlineWidth,0.003
Custom/GaussianPrefilteredSobel,Look,O5,color,_OuterOutlineColor,0|0|0|1
Custom/GaussianPrefilteredSobel,Look,O5,float,_UseOutlineDepthOffset,0
Custom/GaussianPrefilteredSobel,Look,O5,float,_OutlineDepthBias,5
Custom/GaussianPrefilteredSobel,Look,O5,float,_EnableTextureSobel,1
Custom/GaussianPrefilteredSobel,Look,O5,float,_EnableNormalEdges,0
Custom/GaussianPrefilteredSobel,Look,O5,float,_EnableFresnelEdge,0
Custom/GaussianPrefilteredSobel,Look,O5,float,_UseLightFiltering,0
Custom/GaussianPrefilteredSobel,Look,O5,float,_UseModerateFiltering,0
Custom/GaussianPrefilteredSobel,Look,O5,float,_UseAggressiveFiltering,1
Custom/GaussianPrefilteredSobel,Look,O5,color,_InnerLineColor,0|0|0|1
Custom/GaussianPrefilteredSobel,Look,O5,float,_InnerLineThreshold,0.05
Custom/GaussianPrefilteredSobel,Look,O5,float,_InnerLineBlur,0.2
Custom/GaussianPrefilteredSobel,Look,O5,float,_InnerLineStrength,1
Custom/GaussianPrefilteredSobel,Look,O5,float,_EnableGaussianBlur,0
Custom/GaussianPrefilteredSobel,Look,O5,float,_BlurRadiusMultiplier,10
Custom/GaussianPrefilteredSobel,Look,O5,float,_GaussianCenterWeight,0.46
Custom/GaussianPrefilteredSobel,Look,O5,float,_GaussianCardinalWeight,0.309
Custom/GaussianPrefilteredSobel,Look,O5,float,_GaussianDiagonalWeight,0.25
Custom/GaussianPrefilteredSobel,Look,O5,float,_EnableThreshold,1
Custom/GaussianPrefilteredSobel,Look,O5,float,_ThresholdMinMultiplier,0
Custom/GaussianPrefilteredSobel,Look,O5,float,_ThresholdMaxMultiplier,2.6
Custom/GaussianPrefilteredSobel,Look,O5,float,_EnablePass1,0
Custom/GaussianPrefilteredSobel,Look,O5,float,_EnablePass2,0
Custom/GaussianPrefilteredSobel,Look,O5,float,_EnablePass3,0
Custom/GaussianPrefilteredSobel,Look,O5,float,_EnablePass4,0
Custom/GaussianPrefilteredSobel,Look,O5,float,_SmoothstepTightness,0.281
Custom/GaussianPrefilteredSobel,Look,O5,float,_EnablePowerCurve,0
Custom/GaussianPrefilteredSobel,Look,O5,float,_PowerCurve,0.5
Custom/GaussianPrefilteredSobel,Look,O5,float,_NormalEdgeThreshold,0
Custom/GaussianPrefilteredSobel,Look,O5,float,_NormalEdgeStrength,0
Custom/GaussianPrefilteredSobel,Look,O5,float,_NormalEdgeSmoothness,0.01
Custom/GaussianPrefilteredSobel,Look,O5,float,_FresnelEdgeThreshold,0.3
Custom/GaussianPrefilteredSobel,Look,O5,float,_FresnelEdgeStrength,0
Custom/GaussianPrefilteredSobel,Look,O5,color,_EdgeColor,0|0|0|1
Custom/GaussianPrefilteredSobel,Look,O5,float,_EdgeBlendMode,0
Custom/GaussianPrefilteredSobel,Look,O5,float,_EnableRim,1
Custom/GaussianPrefilteredSobel,Look,O5,color,_RimColor,0.408|0.408|0.408|1
Custom/GaussianPrefilteredSobel,Look,O5,float,_RimPower,4
Custom/GaussianPrefilteredSobel,Look,O5,color,_AmbientColor,0.35|0.35|0.35|1
Custom/GaussianPrefilteredSobel,Look,O5,float,_EnableAlphaTest,1
Custom/GaussianPrefilteredSobel,Look,O5,float,_AlphaCutoff,0.1
Custom/GaussianPrefilteredSobel,Head,O4,float,_UseDebugDefaults,0
Custom/GaussianPrefilteredSobel,Head,O4,float,_DebugView,0
Custom/GaussianPrefilteredSobel,Head,O4,color,_Color,1|1|1|1
Custom/GaussianPrefilteredSobel,Head,O4,float,_TextureIntensity,1
Custom/GaussianPrefilteredSobel,Head,O4,float,_BumpScale,1
Custom/GaussianPrefilteredSobel,Head,O4,float,_LightSensitivity,0.5
Custom/GaussianPrefilteredSobel,Head,O4,float,_RampSmoothing,0.05
Custom/GaussianPrefilteredSobel,Head,O4,color,_ShadowColor,0.3|0.3|0.45|1
Custom/GaussianPrefilteredSobel,Head,O4,float,_ShadowStrength,0.5
Custom/GaussianPrefilteredSobel,Head,O4,float,_DetailMode,0
Custom/GaussianPrefilteredSobel,Head,O4,float,_DetailBias,0.5
Custom/GaussianPrefilteredSobel,Head,O4,float,_DepthNear,1
Custom/GaussianPrefilteredSobel,Head,O4,float,_DepthFar,50
Custom/GaussianPrefilteredSobel,Head,O4,float,_ManualDetail,0.013
Custom/GaussianPrefilteredSobel,Head,O4,float,_EnableOuterOutline,1
Custom/GaussianPrefilteredSobel,Head,O4,float,_OuterOutlineWidth,0.007
Custom/GaussianPrefilteredSobel,Head,O4,color,_OuterOutlineColor,0|0|0|1
Custom/GaussianPrefilteredSobel,Head,O4,float,_UseOutlineDepthOffset,1
Custom/GaussianPrefilteredSobel,Head,O4,float,_OutlineDepthBias,15
Custom/GaussianPrefilteredSobel,Head,O4,float,_EnableTextureSobel,1
Custom/GaussianPrefilteredSobel,Head,O4,float,_EnableNormalEdges,0
Custom/GaussianPrefilteredSobel,Head,O4,float,_EnableFresnelEdge,0
Custom/GaussianPrefilteredSobel,Head,O4,float,_UseLightFiltering,0
Custom/GaussianPrefilteredSobel,Head,O4,float,_UseModerateFiltering,0
Custom/GaussianPrefilteredSobel,Head,O4,float,_UseAggressiveFiltering,1
Custom/GaussianPrefilteredSobel,Head,O4,color,_InnerLineColor,0|0|0|1
Custom/GaussianPrefilteredSobel,Head,O4,float,_InnerLineThreshold,0.05
Custom/GaussianPrefilteredSobel,Head,O4,float,_InnerLineBlur,0.2
Custom/GaussianPrefilteredSobel,Head,O4,float,_InnerLineStrength,1
Custom/GaussianPrefilteredSobel,Head,O4,float,_EnableGaussianBlur,0
Custom/GaussianPrefilteredSobel,Head,O4,float,_BlurRadiusMultiplier,10
Custom/GaussianPrefilteredSobel,Head,O4,float,_GaussianCenterWeight,0.46
Custom/GaussianPrefilteredSobel,Head,O4,float,_GaussianCardinalWeight,0.309
Custom/GaussianPrefilteredSobel,Head,O4,float,_GaussianDiagonalWeight,0.25
Custom/GaussianPrefilteredSobel,Head,O4,float,_EnableThreshold,1
Custom/GaussianPrefilteredSobel,Head,O4,float,_ThresholdMinMultiplier,0
Custom/GaussianPrefilteredSobel,Head,O4,float,_ThresholdMaxMultiplier,2.6
Custom/GaussianPrefilteredSobel,Head,O4,float,_EnablePass1,0
Custom/GaussianPrefilteredSobel,Head,O4,float,_EnablePass2,0
Custom/GaussianPrefilteredSobel,Head,O4,float,_EnablePass3,0
Custom/GaussianPrefilteredSobel,Head,O4,float,_EnablePass4,0
Custom/GaussianPrefilteredSobel,Head,O4,float,_SmoothstepTightness,0.281
Custom/GaussianPrefilteredSobel,Head,O4,float,_EnablePowerCurve,0
Custom/GaussianPrefilteredSobel,Head,O4,float,_PowerCurve,0.5
Custom/GaussianPrefilteredSobel,Head,O4,float,_NormalEdgeThreshold,0
Custom/GaussianPrefilteredSobel,Head,O4,float,_NormalEdgeStrength,0
Custom/GaussianPrefilteredSobel,Head,O4,float,_NormalEdgeSmoothness,0.01
Custom/GaussianPrefilteredSobel,Head,O4,float,_FresnelEdgeThreshold,0.3
Custom/GaussianPrefilteredSobel,Head,O4,float,_FresnelEdgeStrength,0
Custom/GaussianPrefilteredSobel,Head,O4,color,_EdgeColor,0|0|0|1
Custom/GaussianPrefilteredSobel,Head,O4,float,_EdgeBlendMode,0
Custom/GaussianPrefilteredSobel,Head,O4,float,_EnableRim,1
Custom/GaussianPrefilteredSobel,Head,O4,color,_RimColor,0.408|0.408|0.408|1
Custom/GaussianPrefilteredSobel,Head,O4,float,_RimPower,4
Custom/GaussianPrefilteredSobel,Head,O4,color,_AmbientColor,0.35|0.35|0.35|1
Custom/GaussianPrefilteredSobel,Head,O4,float,_EnableAlphaTest,1
Custom/GaussianPrefilteredSobel,Head,O4,float,_AlphaCutoff,0.1
Custom/GaussianPrefilteredSobel,Look,O6,float,_UseDebugDefaults,0
Custom/GaussianPrefilteredSobel,Look,O6,float,_DebugView,0
Custom/GaussianPrefilteredSobel,Look,O6,color,_Color,1|1|1|1
Custom/GaussianPrefilteredSobel,Look,O6,float,_TextureIntensity,1
Custom/GaussianPrefilteredSobel,Look,O6,float,_BumpScale,1
Custom/GaussianPrefilteredSobel,Look,O6,float,_LightSensitivity,0.5
Custom/GaussianPrefilteredSobel,Look,O6,float,_RampSmoothing,0.05
Custom/GaussianPrefilteredSobel,Look,O6,color,_ShadowColor,0.3|0.3|0.45|1
Custom/GaussianPrefilteredSobel,Look,O6,float,_ShadowStrength,0.5
Custom/GaussianPrefilteredSobel,Look,O6,float,_DetailMode,0
Custom/GaussianPrefilteredSobel,Look,O6,float,_DetailBias,0.5
Custom/GaussianPrefilteredSobel,Look,O6,float,_DepthNear,1
Custom/GaussianPrefilteredSobel,Look,O6,float,_DepthFar,50
Custom/GaussianPrefilteredSobel,Look,O6,float,_ManualDetail,0.013
Custom/GaussianPrefilteredSobel,Look,O6,float,_EnableOuterOutline,1
Custom/GaussianPrefilteredSobel,Look,O6,float,_OuterOutlineWidth,0.003
Custom/GaussianPrefilteredSobel,Look,O6,color,_OuterOutlineColor,0|0|0|1
Custom/GaussianPrefilteredSobel,Look,O6,float,_UseOutlineDepthOffset,1
Custom/GaussianPrefilteredSobel,Look,O6,float,_OutlineDepthBias,15
Custom/GaussianPrefilteredSobel,Look,O6,float,_EnableTextureSobel,1
Custom/GaussianPrefilteredSobel,Look,O6,float,_EnableNormalEdges,0
Custom/GaussianPrefilteredSobel,Look,O6,float,_EnableFresnelEdge,0
Custom/GaussianPrefilteredSobel,Look,O6,float,_UseLightFiltering,0
Custom/GaussianPrefilteredSobel,Look,O6,float,_UseModerateFiltering,0
Custom/GaussianPrefilteredSobel,Look,O6,float,_UseAggressiveFiltering,1
Custom/GaussianPrefilteredSobel,Look,O6,color,_InnerLineColor,0|0|0|1
Custom/GaussianPrefilteredSobel,Look,O6,float,_InnerLineThreshold,0.05
Custom/GaussianPrefilteredSobel,Look,O6,float,_InnerLineBlur,0.2
Custom/GaussianPrefilteredSobel,Look,O6,float,_InnerLineStrength,1
Custom/GaussianPrefilteredSobel,Look,O6,float,_EnableGaussianBlur,0
Custom/GaussianPrefilteredSobel,Look,O6,float,_BlurRadiusMultiplier,10
Custom/GaussianPrefilteredSobel,Look,O6,float,_GaussianCenterWeight,0.46
Custom/GaussianPrefilteredSobel,Look,O6,float,_GaussianCardinalWeight,0.309
Custom/GaussianPrefilteredSobel,Look,O6,float,_GaussianDiagonalWeight,0.25
Custom/GaussianPrefilteredSobel,Look,O6,float,_EnableThreshold,1
Custom/GaussianPrefilteredSobel,Look,O6,float,_ThresholdMinMultiplier,0
Custom/GaussianPrefilteredSobel,Look,O6,float,_ThresholdMaxMultiplier,2.6
Custom/GaussianPrefilteredSobel,Look,O6,float,_EnablePass1,0
Custom/GaussianPrefilteredSobel,Look,O6,float,_EnablePass2,0
Custom/GaussianPrefilteredSobel,Look,O6,float,_EnablePass3,0
Custom/GaussianPrefilteredSobel,Look,O6,float,_EnablePass4,0
Custom/GaussianPrefilteredSobel,Look,O6,float,_SmoothstepTightness,0.281
Custom/GaussianPrefilteredSobel,Look,O6,float,_EnablePowerCurve,0
Custom/GaussianPrefilteredSobel,Look,O6,float,_PowerCurve,0.5
Custom/GaussianPrefilteredSobel,Look,O6,float,_NormalEdgeThreshold,0
Custom/GaussianPrefilteredSobel,Look,O6,float,_NormalEdgeStrength,0
Custom/GaussianPrefilteredSobel,Look,O6,float,_NormalEdgeSmoothness,0.01
Custom/GaussianPrefilteredSobel,Look,O6,float,_FresnelEdgeThreshold,0.3
Custom/GaussianPrefilteredSobel,Look,O6,float,_FresnelEdgeStrength,0
Custom/GaussianPrefilteredSobel,Look,O6,color,_EdgeColor,0|0|0|1
Custom/GaussianPrefilteredSobel,Look,O6,float,_EdgeBlendMode,0
Custom/GaussianPrefilteredSobel,Look,O6,float,_EnableRim,1
Custom/GaussianPrefilteredSobel,Look,O6,color,_RimColor,0.408|0.408|0.408|1
Custom/GaussianPrefilteredSobel,Look,O6,float,_RimPower,4
Custom/GaussianPrefilteredSobel,Look,O6,color,_AmbientColor,0.35|0.35|0.35|1
Custom/GaussianPrefilteredSobel,Look,O6,float,_EnableAlphaTest,1
Custom/GaussianPrefilteredSobel,Look,O6,float,_AlphaCutoff,0.1
Custom/GaussianPrefilteredSobel,Head,t1,float,_UseDebugDefaults,0
Custom/GaussianPrefilteredSobel,Head,t1,float,_DebugView,0
Custom/GaussianPrefilteredSobel,Head,t1,color,_Color,1|1|1|1
Custom/GaussianPrefilteredSobel,Head,t1,float,_TextureIntensity,1
Custom/GaussianPrefilteredSobel,Head,t1,float,_BumpScale,1
Custom/GaussianPrefilteredSobel,Head,t1,float,_LightSensitivity,0.5
Custom/GaussianPrefilteredSobel,Head,t1,float,_RampSmoothing,0.05
Custom/GaussianPrefilteredSobel,Head,t1,color,_ShadowColor,0.3|0.3|0.45|1
Custom/GaussianPrefilteredSobel,Head,t1,float,_ShadowStrength,1
Custom/GaussianPrefilteredSobel,Head,t1,float,_DetailMode,0
Custom/GaussianPrefilteredSobel,Head,t1,float,_DetailBias,0.5
Custom/GaussianPrefilteredSobel,Head,t1,float,_DepthNear,1
Custom/GaussianPrefilteredSobel,Head,t1,float,_DepthFar,50
Custom/GaussianPrefilteredSobel,Head,t1,float,_ManualDetail,0.013
Custom/GaussianPrefilteredSobel,Head,t1,float,_EnableOuterOutline,1
Custom/GaussianPrefilteredSobel,Head,t1,float,_OuterOutlineWidth,0.005
Custom/GaussianPrefilteredSobel,Head,t1,color,_OuterOutlineColor,0|0|0|1
Custom/GaussianPrefilteredSobel,Head,t1,float,_UseOutlineDepthOffset,1
Custom/GaussianPrefilteredSobel,Head,t1,float,_OutlineDepthBias,5
Custom/GaussianPrefilteredSobel,Head,t1,float,_EnableTextureSobel,1
Custom/GaussianPrefilteredSobel,Head,t1,float,_EnableNormalEdges,0
Custom/GaussianPrefilteredSobel,Head,t1,float,_EnableFresnelEdge,0
Custom/GaussianPrefilteredSobel,Head,t1,float,_UseLightFiltering,0
Custom/GaussianPrefilteredSobel,Head,t1,float,_UseModerateFiltering,0
Custom/GaussianPrefilteredSobel,Head,t1,float,_UseAggressiveFiltering,1
Custom/GaussianPrefilteredSobel,Head,t1,color,_InnerLineColor,0|0|0|1
Custom/GaussianPrefilteredSobel,Head,t1,float,_InnerLineThreshold,0.05
Custom/GaussianPrefilteredSobel,Head,t1,float,_InnerLineBlur,0.2
Custom/GaussianPrefilteredSobel,Head,t1,float,_InnerLineStrength,1
Custom/GaussianPrefilteredSobel,Head,t1,float,_EnableGaussianBlur,0
Custom/GaussianPrefilteredSobel,Head,t1,float,_BlurRadiusMultiplier,10
Custom/GaussianPrefilteredSobel,Head,t1,float,_GaussianCenterWeight,0.46
Custom/GaussianPrefilteredSobel,Head,t1,float,_GaussianCardinalWeight,0.309
Custom/GaussianPrefilteredSobel,Head,t1,float,_GaussianDiagonalWeight,0.25
Custom/GaussianPrefilteredSobel,Head,t1,float,_EnableThreshold,1
Custom/GaussianPrefilteredSobel,Head,t1,float,_ThresholdMinMultiplier,0
Custom/GaussianPrefilteredSobel,Head,t1,float,_ThresholdMaxMultiplier,2.6
Custom/GaussianPrefilteredSobel,Head,t1,float,_EnablePass1,0
Custom/GaussianPrefilteredSobel,Head,t1,float,_EnablePass2,0
Custom/GaussianPrefilteredSobel,Head,t1,float,_EnablePass3,0
Custom/GaussianPrefilteredSobel,Head,t1,float,_EnablePass4,0
Custom/GaussianPrefilteredSobel,Head,t1,float,_SmoothstepTightness,0.281
Custom/GaussianPrefilteredSobel,Head,t1,float,_EnablePowerCurve,0
Custom/GaussianPrefilteredSobel,Head,t1,float,_PowerCurve,0.5
Custom/GaussianPrefilteredSobel,Head,t1,float,_NormalEdgeThreshold,0
Custom/GaussianPrefilteredSobel,Head,t1,float,_NormalEdgeStrength,0
Custom/GaussianPrefilteredSobel,Head,t1,float,_NormalEdgeSmoothness,0.01
Custom/GaussianPrefilteredSobel,Head,t1,float,_FresnelEdgeThreshold,0.3
Custom/GaussianPrefilteredSobel,Head,t1,float,_FresnelEdgeStrength,0
Custom/GaussianPrefilteredSobel,Head,t1,color,_EdgeColor,0|0|0|1
Custom/GaussianPrefilteredSobel,Head,t1,float,_EdgeBlendMode,0
Custom/GaussianPrefilteredSobel,Head,t1,float,_EnableRim,1
Custom/GaussianPrefilteredSobel,Head,t1,color,_RimColor,0.408|0.408|0.408|1
Custom/GaussianPrefilteredSobel,Head,t1,float,_RimPower,4
Custom/GaussianPrefilteredSobel,Head,t1,color,_AmbientColor,0.35|0.35|0.35|1
Custom/GaussianPrefilteredSobel,Head,t1,float,_EnableAlphaTest,1
Custom/GaussianPrefilteredSobel,Head,t1,float,_AlphaCutoff,0.1
Custom/GaussianPrefilteredSobel,Hair,t1,float,_UseDebugDefaults,0
Custom/GaussianPrefilteredSobel,Hair,t1,float,_DebugView,0
Custom/GaussianPrefilteredSobel,Hair,t1,color,_Color,1|1|1|1
Custom/GaussianPrefilteredSobel,Hair,t1,float,_TextureIntensity,1
Custom/GaussianPrefilteredSobel,Hair,t1,float,_BumpScale,1
Custom/GaussianPrefilteredSobel,Hair,t1,float,_LightSensitivity,0.5
Custom/GaussianPrefilteredSobel,Hair,t1,float,_RampSmoothing,0.05
Custom/GaussianPrefilteredSobel,Hair,t1,color,_ShadowColor,0.3|0.3|0.45|1
Custom/GaussianPrefilteredSobel,Hair,t1,float,_ShadowStrength,1
Custom/GaussianPrefilteredSobel,Hair,t1,float,_DetailMode,0
Custom/GaussianPrefilteredSobel,Hair,t1,float,_DetailBias,0.5
Custom/GaussianPrefilteredSobel,Hair,t1,float,_DepthNear,1
Custom/GaussianPrefilteredSobel,Hair,t1,float,_DepthFar,50
Custom/GaussianPrefilteredSobel,Hair,t1,float,_ManualDetail,0.013
Custom/GaussianPrefilteredSobel,Hair,t1,float,_EnableOuterOutline,1
Custom/GaussianPrefilteredSobel,Hair,t1,float,_OuterOutlineWidth,0.005
Custom/GaussianPrefilteredSobel,Hair,t1,color,_OuterOutlineColor,0|0|0|1
Custom/GaussianPrefilteredSobel,Hair,t1,float,_UseOutlineDepthOffset,1
Custom/GaussianPrefilteredSobel,Hair,t1,float,_OutlineDepthBias,5
Custom/GaussianPrefilteredSobel,Hair,t1,float,_EnableTextureSobel,1
Custom/GaussianPrefilteredSobel,Hair,t1,float,_EnableNormalEdges,0
Custom/GaussianPrefilteredSobel,Hair,t1,float,_EnableFresnelEdge,0
Custom/GaussianPrefilteredSobel,Hair,t1,float,_UseLightFiltering,0
Custom/GaussianPrefilteredSobel,Hair,t1,float,_UseModerateFiltering,0
Custom/GaussianPrefilteredSobel,Hair,t1,float,_UseAggressiveFiltering,1
Custom/GaussianPrefilteredSobel,Hair,t1,color,_InnerLineColor,0|0|0|1
Custom/GaussianPrefilteredSobel,Hair,t1,float,_InnerLineThreshold,0.05
Custom/GaussianPrefilteredSobel,Hair,t1,float,_InnerLineBlur,0.2
Custom/GaussianPrefilteredSobel,Hair,t1,float,_InnerLineStrength,1
Custom/GaussianPrefilteredSobel,Hair,t1,float,_EnableGaussianBlur,0
Custom/GaussianPrefilteredSobel,Hair,t1,float,_BlurRadiusMultiplier,10
Custom/GaussianPrefilteredSobel,Hair,t1,float,_GaussianCenterWeight,0.46
Custom/GaussianPrefilteredSobel,Hair,t1,float,_GaussianCardinalWeight,0.309
Custom/GaussianPrefilteredSobel,Hair,t1,float,_GaussianDiagonalWeight,0.25
Custom/GaussianPrefilteredSobel,Hair,t1,float,_EnableThreshold,1
Custom/GaussianPrefilteredSobel,Hair,t1,float,_ThresholdMinMultiplier,0
Custom/GaussianPrefilteredSobel,Hair,t1,float,_ThresholdMaxMultiplier,2.6
Custom/GaussianPrefilteredSobel,Hair,t1,float,_EnablePass1,0
Custom/GaussianPrefilteredSobel,Hair,t1,float,_EnablePass2,0
Custom/GaussianPrefilteredSobel,Hair,t1,float,_EnablePass3,0
Custom/GaussianPrefilteredSobel,Hair,t1,float,_EnablePass4,0
Custom/GaussianPrefilteredSobel,Hair,t1,float,_SmoothstepTightness,0.281
Custom/GaussianPrefilteredSobel,Hair,t1,float,_EnablePowerCurve,0
Custom/GaussianPrefilteredSobel,Hair,t1,float,_PowerCurve,0.5
Custom/GaussianPrefilteredSobel,Hair,t1,float,_NormalEdgeThreshold,0
Custom/GaussianPrefilteredSobel,Hair,t1,float,_NormalEdgeStrength,0
Custom/GaussianPrefilteredSobel,Hair,t1,float,_NormalEdgeSmoothness,0.01
Custom/GaussianPrefilteredSobel,Hair,t1,float,_FresnelEdgeThreshold,0.3
Custom/GaussianPrefilteredSobel,Hair,t1,float,_FresnelEdgeStrength,0
Custom/GaussianPrefilteredSobel,Hair,t1,color,_EdgeColor,0|0|0|1
Custom/GaussianPrefilteredSobel,Hair,t1,float,_EdgeBlendMode,0
Custom/GaussianPrefilteredSobel,Hair,t1,float,_EnableRim,1
Custom/GaussianPrefilteredSobel,Hair,t1,color,_RimColor,0.408|0.408|0.408|1
Custom/GaussianPrefilteredSobel,Hair,t1,float,_RimPower,4
Custom/GaussianPrefilteredSobel,Hair,t1,color,_AmbientColor,0.35|0.35|0.35|1
Custom/GaussianPrefilteredSobel,Hair,t1,float,_EnableAlphaTest,1
Custom/GaussianPrefilteredSobel,Hair,t1,float,_AlphaCutoff,0.1
Custom/GaussianPrefilteredSobel,Hair,t2,float,_UseDebugDefaults,0
Custom/GaussianPrefilteredSobel,Hair,t2,float,_DebugView,0
Custom/GaussianPrefilteredSobel,Hair,t2,color,_Color,1|1|1|1
Custom/GaussianPrefilteredSobel,Hair,t2,float,_TextureIntensity,1
Custom/GaussianPrefilteredSobel,Hair,t2,float,_BumpScale,1
Custom/GaussianPrefilteredSobel,Hair,t2,float,_LightSensitivity,0.5
Custom/GaussianPrefilteredSobel,Hair,t2,float,_RampSmoothing,0.05
Custom/GaussianPrefilteredSobel,Hair,t2,color,_ShadowColor,0.3|0.3|0.45|1
Custom/GaussianPrefilteredSobel,Hair,t2,float,_ShadowStrength,0
Custom/GaussianPrefilteredSobel,Hair,t2,float,_DetailMode,0
Custom/GaussianPrefilteredSobel,Hair,t2,float,_DetailBias,0.5
Custom/GaussianPrefilteredSobel,Hair,t2,float,_DepthNear,1
Custom/GaussianPrefilteredSobel,Hair,t2,float,_DepthFar,50
Custom/GaussianPrefilteredSobel,Hair,t2,float,_ManualDetail,0.013
Custom/GaussianPrefilteredSobel,Hair,t2,float,_EnableOuterOutline,1
Custom/GaussianPrefilteredSobel,Hair,t2,float,_OuterOutlineWidth,0.005
Custom/GaussianPrefilteredSobel,Hair,t2,color,_OuterOutlineColor,0|0|0|1
Custom/GaussianPrefilteredSobel,Hair,t2,float,_UseOutlineDepthOffset,1
Custom/GaussianPrefilteredSobel,Hair,t2,float,_OutlineDepthBias,5
Custom/GaussianPrefilteredSobel,Hair,t2,float,_EnableTextureSobel,1
Custom/GaussianPrefilteredSobel,Hair,t2,float,_EnableNormalEdges,0
Custom/GaussianPrefilteredSobel,Hair,t2,float,_EnableFresnelEdge,0
Custom/GaussianPrefilteredSobel,Hair,t2,float,_UseLightFiltering,0
Custom/GaussianPrefilteredSobel,Hair,t2,float,_UseModerateFiltering,0
Custom/GaussianPrefilteredSobel,Hair,t2,float,_UseAggressiveFiltering,1
Custom/GaussianPrefilteredSobel,Hair,t2,color,_InnerLineColor,0|0|0|1
Custom/GaussianPrefilteredSobel,Hair,t2,float,_InnerLineThreshold,0.05
Custom/GaussianPrefilteredSobel,Hair,t2,float,_InnerLineBlur,0.2
Custom/GaussianPrefilteredSobel,Hair,t2,float,_InnerLineStrength,1
Custom/GaussianPrefilteredSobel,Hair,t2,float,_EnableGaussianBlur,0
Custom/GaussianPrefilteredSobel,Hair,t2,float,_BlurRadiusMultiplier,10
Custom/GaussianPrefilteredSobel,Hair,t2,float,_GaussianCenterWeight,0.46
Custom/GaussianPrefilteredSobel,Hair,t2,float,_GaussianCardinalWeight,0.309
Custom/GaussianPrefilteredSobel,Hair,t2,float,_GaussianDiagonalWeight,0.25
Custom/GaussianPrefilteredSobel,Hair,t2,float,_EnableThreshold,1
Custom/GaussianPrefilteredSobel,Hair,t2,float,_ThresholdMinMultiplier,0
Custom/GaussianPrefilteredSobel,Hair,t2,float,_ThresholdMaxMultiplier,2.6
Custom/GaussianPrefilteredSobel,Hair,t2,float,_EnablePass1,0
Custom/GaussianPrefilteredSobel,Hair,t2,float,_EnablePass2,0
Custom/GaussianPrefilteredSobel,Hair,t2,float,_EnablePass3,0
Custom/GaussianPrefilteredSobel,Hair,t2,float,_EnablePass4,0
Custom/GaussianPrefilteredSobel,Hair,t2,float,_SmoothstepTightness,0.281
Custom/GaussianPrefilteredSobel,Hair,t2,float,_EnablePowerCurve,0
Custom/GaussianPrefilteredSobel,Hair,t2,float,_PowerCurve,0.5
Custom/GaussianPrefilteredSobel,Hair,t2,float,_NormalEdgeThreshold,0
Custom/GaussianPrefilteredSobel,Hair,t2,float,_NormalEdgeStrength,0
Custom/GaussianPrefilteredSobel,Hair,t2,float,_NormalEdgeSmoothness,0.01
Custom/GaussianPrefilteredSobel,Hair,t2,float,_FresnelEdgeThreshold,0.3
Custom/GaussianPrefilteredSobel,Hair,t2,float,_FresnelEdgeStrength,0
Custom/GaussianPrefilteredSobel,Hair,t2,color,_EdgeColor,0|0|0|1
Custom/GaussianPrefilteredSobel,Hair,t2,float,_EdgeBlendMode,0
Custom/GaussianPrefilteredSobel,Hair,t2,float,_EnableRim,1
Custom/GaussianPrefilteredSobel,Hair,t2,color,_RimColor,0.408|0.408|0.408|1
Custom/GaussianPrefilteredSobel,Hair,t2,float,_RimPower,4
Custom/GaussianPrefilteredSobel,Hair,t2,color,_AmbientColor,0.35|0.35|0.35|1
Custom/GaussianPrefilteredSobel,Hair,t2,float,_EnableAlphaTest,1
Custom/GaussianPrefilteredSobel,Hair,t2,float,_AlphaCutoff,0.1
Custom/GaussianPrefilteredSobel,Hair,t3,float,_UseDebugDefaults,0
Custom/GaussianPrefilteredSobel,Hair,t3,float,_DebugView,0
Custom/GaussianPrefilteredSobel,Hair,t3,color,_Color,1|1|1|1
Custom/GaussianPrefilteredSobel,Hair,t3,float,_TextureIntensity,1
Custom/GaussianPrefilteredSobel,Hair,t3,float,_BumpScale,1
Custom/GaussianPrefilteredSobel,Hair,t3,float,_LightSensitivity,0.5
Custom/GaussianPrefilteredSobel,Hair,t3,float,_RampSmoothing,0.05
Custom/GaussianPrefilteredSobel,Hair,t3,color,_ShadowColor,0.3|0.3|0.45|1
Custom/GaussianPrefilteredSobel,Hair,t3,float,_ShadowStrength,0.5
Custom/GaussianPrefilteredSobel,Hair,t3,float,_DetailMode,0
Custom/GaussianPrefilteredSobel,Hair,t3,float,_DetailBias,0.5
Custom/GaussianPrefilteredSobel,Hair,t3,float,_DepthNear,1
Custom/GaussianPrefilteredSobel,Hair,t3,float,_DepthFar,50
Custom/GaussianPrefilteredSobel,Hair,t3,float,_ManualDetail,0.013
Custom/GaussianPrefilteredSobel,Hair,t3,float,_EnableOuterOutline,1
Custom/GaussianPrefilteredSobel,Hair,t3,float,_OuterOutlineWidth,0.005
Custom/GaussianPrefilteredSobel,Hair,t3,color,_OuterOutlineColor,0|0|0|1
Custom/GaussianPrefilteredSobel,Hair,t3,float,_UseOutlineDepthOffset,1
Custom/GaussianPrefilteredSobel,Hair,t3,float,_OutlineDepthBias,5
Custom/GaussianPrefilteredSobel,Hair,t3,float,_EnableTextureSobel,1
Custom/GaussianPrefilteredSobel,Hair,t3,float,_EnableNormalEdges,0
Custom/GaussianPrefilteredSobel,Hair,t3,float,_EnableFresnelEdge,0
Custom/GaussianPrefilteredSobel,Hair,t3,float,_UseLightFiltering,0
Custom/GaussianPrefilteredSobel,Hair,t3,float,_UseModerateFiltering,0
Custom/GaussianPrefilteredSobel,Hair,t3,float,_UseAggressiveFiltering,1
Custom/GaussianPrefilteredSobel,Hair,t3,color,_InnerLineColor,0|0|0|1
Custom/GaussianPrefilteredSobel,Hair,t3,float,_InnerLineThreshold,0.05
Custom/GaussianPrefilteredSobel,Hair,t3,float,_InnerLineBlur,0.2
Custom/GaussianPrefilteredSobel,Hair,t3,float,_InnerLineStrength,1
Custom/GaussianPrefilteredSobel,Hair,t3,float,_EnableGaussianBlur,0
Custom/GaussianPrefilteredSobel,Hair,t3,float,_BlurRadiusMultiplier,10
Custom/GaussianPrefilteredSobel,Hair,t3,float,_GaussianCenterWeight,0.46
Custom/GaussianPrefilteredSobel,Hair,t3,float,_GaussianCardinalWeight,0.309
Custom/GaussianPrefilteredSobel,Hair,t3,float,_GaussianDiagonalWeight,0.25
Custom/GaussianPrefilteredSobel,Hair,t3,float,_EnableThreshold,1
Custom/GaussianPrefilteredSobel,Hair,t3,float,_ThresholdMinMultiplier,0
Custom/GaussianPrefilteredSobel,Hair,t3,float,_ThresholdMaxMultiplier,2.6
Custom/GaussianPrefilteredSobel,Hair,t3,float,_EnablePass1,0
Custom/GaussianPrefilteredSobel,Hair,t3,float,_EnablePass2,0
Custom/GaussianPrefilteredSobel,Hair,t3,float,_EnablePass3,0
Custom/GaussianPrefilteredSobel,Hair,t3,float,_EnablePass4,0
Custom/GaussianPrefilteredSobel,Hair,t3,float,_SmoothstepTightness,0.281
Custom/GaussianPrefilteredSobel,Hair,t3,float,_EnablePowerCurve,0
Custom/GaussianPrefilteredSobel,Hair,t3,float,_PowerCurve,0.5
Custom/GaussianPrefilteredSobel,Hair,t3,float,_NormalEdgeThreshold,0
Custom/GaussianPrefilteredSobel,Hair,t3,float,_NormalEdgeStrength,0
Custom/GaussianPrefilteredSobel,Hair,t3,float,_NormalEdgeSmoothness,0.01
Custom/GaussianPrefilteredSobel,Hair,t3,float,_FresnelEdgeThreshold,0.3
Custom/GaussianPrefilteredSobel,Hair,t3,float,_FresnelEdgeStrength,0
Custom/GaussianPrefilteredSobel,Hair,t3,color,_EdgeColor,0|0|0|1
Custom/GaussianPrefilteredSobel,Hair,t3,float,_EdgeBlendMode,0
Custom/GaussianPrefilteredSobel,Hair,t3,float,_EnableRim,1
Custom/GaussianPrefilteredSobel,Hair,t3,color,_RimColor,0.408|0.408|0.408|1
Custom/GaussianPrefilteredSobel,Hair,t3,float,_RimPower,4
Custom/GaussianPrefilteredSobel,Hair,t3,color,_AmbientColor,0.35|0.35|0.35|1
Custom/GaussianPrefilteredSobel,Hair,t3,float,_EnableAlphaTest,1
Custom/GaussianPrefilteredSobel,Hair,t3,float,_AlphaCutoff,0.1
Custom/GaussianPrefilteredSobel,Head,t4,float,_UseDebugDefaults,0
Custom/GaussianPrefilteredSobel,Head,t4,float,_DebugView,0
Custom/GaussianPrefilteredSobel,Head,t4,color,_Color,1|1|1|1
Custom/GaussianPrefilteredSobel,Head,t4,float,_TextureIntensity,1
Custom/GaussianPrefilteredSobel,Head,t4,float,_BumpScale,1
Custom/GaussianPrefilteredSobel,Head,t4,float,_LightSensitivity,0.5
Custom/GaussianPrefilteredSobel,Head,t4,float,_RampSmoothing,0.05
Custom/GaussianPrefilteredSobel,Head,t4,color,_ShadowColor,0.3|0.3|0.45|1
Custom/GaussianPrefilteredSobel,Head,t4,float,_ShadowStrength,0.5
Custom/GaussianPrefilteredSobel,Head,t4,float,_DetailMode,0
Custom/GaussianPrefilteredSobel,Head,t4,float,_DetailBias,1
Custom/GaussianPrefilteredSobel,Head,t4,float,_DepthNear,1
Custom/GaussianPrefilteredSobel,Head,t4,float,_DepthFar,50
Custom/GaussianPrefilteredSobel,Head,t4,float,_ManualDetail,0.013
Custom/GaussianPrefilteredSobel,Head,t4,float,_EnableOuterOutline,1
Custom/GaussianPrefilteredSobel,Head,t4,float,_OuterOutlineWidth,0.005
Custom/GaussianPrefilteredSobel,Head,t4,color,_OuterOutlineColor,0|0|0|1
Custom/GaussianPrefilteredSobel,Head,t4,float,_UseOutlineDepthOffset,1
Custom/GaussianPrefilteredSobel,Head,t4,float,_OutlineDepthBias,5
Custom/GaussianPrefilteredSobel,Head,t4,float,_EnableTextureSobel,1
Custom/GaussianPrefilteredSobel,Head,t4,float,_EnableNormalEdges,0
Custom/GaussianPrefilteredSobel,Head,t4,float,_EnableFresnelEdge,0
Custom/GaussianPrefilteredSobel,Head,t4,float,_UseLightFiltering,0
Custom/GaussianPrefilteredSobel,Head,t4,float,_UseModerateFiltering,0
Custom/GaussianPrefilteredSobel,Head,t4,float,_UseAggressiveFiltering,1
Custom/GaussianPrefilteredSobel,Head,t4,color,_InnerLineColor,0|0|0|1
Custom/GaussianPrefilteredSobel,Head,t4,float,_InnerLineThreshold,0.05
Custom/GaussianPrefilteredSobel,Head,t4,float,_InnerLineBlur,0.2
Custom/GaussianPrefilteredSobel,Head,t4,float,_InnerLineStrength,1
Custom/GaussianPrefilteredSobel,Head,t4,float,_EnableGaussianBlur,0
Custom/GaussianPrefilteredSobel,Head,t4,float,_BlurRadiusMultiplier,10
Custom/GaussianPrefilteredSobel,Head,t4,float,_GaussianCenterWeight,0.46
Custom/GaussianPrefilteredSobel,Head,t4,float,_GaussianCardinalWeight,0.309
Custom/GaussianPrefilteredSobel,Head,t4,float,_GaussianDiagonalWeight,0.25
Custom/GaussianPrefilteredSobel,Head,t4,float,_EnableThreshold,1
Custom/GaussianPrefilteredSobel,Head,t4,float,_ThresholdMinMultiplier,0
Custom/GaussianPrefilteredSobel,Head,t4,float,_ThresholdMaxMultiplier,2.6
Custom/GaussianPrefilteredSobel,Head,t4,float,_EnablePass1,0
Custom/GaussianPrefilteredSobel,Head,t4,float,_EnablePass2,0
Custom/GaussianPrefilteredSobel,Head,t4,float,_EnablePass3,0
Custom/GaussianPrefilteredSobel,Head,t4,float,_EnablePass4,0
Custom/GaussianPrefilteredSobel,Head,t4,float,_SmoothstepTightness,0.281
Custom/GaussianPrefilteredSobel,Head,t4,float,_EnablePowerCurve,0
Custom/GaussianPrefilteredSobel,Head,t4,float,_PowerCurve,0.5
Custom/GaussianPrefilteredSobel,Head,t4,float,_NormalEdgeThreshold,0
Custom/GaussianPrefilteredSobel,Head,t4,float,_NormalEdgeStrength,0
Custom/GaussianPrefilteredSobel,Head,t4,float,_NormalEdgeSmoothness,0.01
Custom/GaussianPrefilteredSobel,Head,t4,float,_FresnelEdgeThreshold,0.3
Custom/GaussianPrefilteredSobel,Head,t4,float,_FresnelEdgeStrength,0
Custom/GaussianPrefilteredSobel,Head,t4,color,_EdgeColor,0|0|0|1
Custom/GaussianPrefilteredSobel,Head,t4,float,_EdgeBlendMode,0
Custom/GaussianPrefilteredSobel,Head,t4,float,_EnableRim,1
Custom/GaussianPrefilteredSobel,Head,t4,color,_RimColor,0.408|0.408|0.408|1
Custom/GaussianPrefilteredSobel,Head,t4,float,_RimPower,4
Custom/GaussianPrefilteredSobel,Head,t4,color,_AmbientColor,0.35|0.35|0.35|1
Custom/GaussianPrefilteredSobel,Head,t4,float,_EnableAlphaTest,1
Custom/GaussianPrefilteredSobel,Head,t4,float,_AlphaCutoff,0.1
Custom/GaussianPrefilteredSobel,Hair,t5,float,_UseDebugDefaults,0
Custom/GaussianPrefilteredSobel,Hair,t5,float,_DebugView,0
Custom/GaussianPrefilteredSobel,Hair,t5,color,_Color,1|1|1|1
Custom/GaussianPrefilteredSobel,Hair,t5,float,_TextureIntensity,1
Custom/GaussianPrefilteredSobel,Hair,t5,float,_BumpScale,1
Custom/GaussianPrefilteredSobel,Hair,t5,float,_LightSensitivity,0.5
Custom/GaussianPrefilteredSobel,Hair,t5,float,_RampSmoothing,0.05
Custom/GaussianPrefilteredSobel,Hair,t5,color,_ShadowColor,0.3|0.3|0.45|1
Custom/GaussianPrefilteredSobel,Hair,t5,float,_ShadowStrength,0.5
Custom/GaussianPrefilteredSobel,Hair,t5,float,_DetailMode,0
Custom/GaussianPrefilteredSobel,Hair,t5,float,_DetailBias,0
Custom/GaussianPrefilteredSobel,Hair,t5,float,_DepthNear,1
Custom/GaussianPrefilteredSobel,Hair,t5,float,_DepthFar,50
Custom/GaussianPrefilteredSobel,Hair,t5,float,_ManualDetail,0.013
Custom/GaussianPrefilteredSobel,Hair,t5,float,_EnableOuterOutline,1
Custom/GaussianPrefilteredSobel,Hair,t5,float,_OuterOutlineWidth,0.005
Custom/GaussianPrefilteredSobel,Hair,t5,color,_OuterOutlineColor,0|0|0|1
Custom/GaussianPrefilteredSobel,Hair,t5,float,_UseOutlineDepthOffset,1
Custom/GaussianPrefilteredSobel,Hair,t5,float,_OutlineDepthBias,5
Custom/GaussianPrefilteredSobel,Hair,t5,float,_EnableTextureSobel,1
Custom/GaussianPrefilteredSobel,Hair,t5,float,_EnableNormalEdges,0
Custom/GaussianPrefilteredSobel,Hair,t5,float,_EnableFresnelEdge,0
Custom/GaussianPrefilteredSobel,Hair,t5,float,_UseLightFiltering,0
Custom/GaussianPrefilteredSobel,Hair,t5,float,_UseModerateFiltering,0
Custom/GaussianPrefilteredSobel,Hair,t5,float,_UseAggressiveFiltering,1
Custom/GaussianPrefilteredSobel,Hair,t5,color,_InnerLineColor,0|0|0|1
Custom/GaussianPrefilteredSobel,Hair,t5,float,_InnerLineThreshold,0.05
Custom/GaussianPrefilteredSobel,Hair,t5,float,_InnerLineBlur,0.2
Custom/GaussianPrefilteredSobel,Hair,t5,float,_InnerLineStrength,1
Custom/GaussianPrefilteredSobel,Hair,t5,float,_EnableGaussianBlur,0
Custom/GaussianPrefilteredSobel,Hair,t5,float,_BlurRadiusMultiplier,10
Custom/GaussianPrefilteredSobel,Hair,t5,float,_GaussianCenterWeight,0.46
Custom/GaussianPrefilteredSobel,Hair,t5,float,_GaussianCardinalWeight,0.309
Custom/GaussianPrefilteredSobel,Hair,t5,float,_GaussianDiagonalWeight,0.25
Custom/GaussianPrefilteredSobel,Hair,t5,float,_EnableThreshold,1
Custom/GaussianPrefilteredSobel,Hair,t5,float,_ThresholdMinMultiplier,0
Custom/GaussianPrefilteredSobel,Hair,t5,float,_ThresholdMaxMultiplier,2.6
Custom/GaussianPrefilteredSobel,Hair,t5,float,_EnablePass1,0
Custom/GaussianPrefilteredSobel,Hair,t5,float,_EnablePass2,0
Custom/GaussianPrefilteredSobel,Hair,t5,float,_EnablePass3,0
Custom/GaussianPrefilteredSobel,Hair,t5,float,_EnablePass4,0
Custom/GaussianPrefilteredSobel,Hair,t5,float,_SmoothstepTightness,0.281
Custom/GaussianPrefilteredSobel,Hair,t5,float,_EnablePowerCurve,0
Custom/GaussianPrefilteredSobel,Hair,t5,float,_PowerCurve,0.5
Custom/GaussianPrefilteredSobel,Hair,t5,float,_NormalEdgeThreshold,0
Custom/GaussianPrefilteredSobel,Hair,t5,float,_NormalEdgeStrength,0
Custom/GaussianPrefilteredSobel,Hair,t5,float,_NormalEdgeSmoothness,0.01
Custom/GaussianPrefilteredSobel,Hair,t5,float,_FresnelEdgeThreshold,0.3
Custom/GaussianPrefilteredSobel,Hair,t5,float,_FresnelEdgeStrength,0
Custom/GaussianPrefilteredSobel,Hair,t5,color,_EdgeColor,0|0|0|1
Custom/GaussianPrefilteredSobel,Hair,t5,float,_EdgeBlendMode,0
Custom/GaussianPrefilteredSobel,Hair,t5,float,_EnableRim,1
Custom/GaussianPrefilteredSobel,Hair,t5,color,_RimColor,0.408|0.408|0.408|1
Custom/GaussianPrefilteredSobel,Hair,t5,float,_RimPower,4
Custom/GaussianPrefilteredSobel,Hair,t5,color,_AmbientColor,0.35|0.35|0.35|1
Custom/GaussianPrefilteredSobel,Hair,t5,float,_EnableAlphaTest,1
Custom/GaussianPrefilteredSobel,Hair,t5,float,_AlphaCutoff,0.1
Custom/GaussianPrefilteredSobel,Head,r1,float,_UseDebugDefaults,0
Custom/GaussianPrefilteredSobel,Head,r1,float,_DebugView,0
Custom/GaussianPrefilteredSobel,Head,r1,color,_Color,1|1|1|1
Custom/GaussianPrefilteredSobel,Head,r1,float,_TextureIntensity,1
Custom/GaussianPrefilteredSobel,Head,r1,float,_BumpScale,1
Custom/GaussianPrefilteredSobel,Head,r1,float,_LightSensitivity,0.5
Custom/GaussianPrefilteredSobel,Head,r1,float,_RampSmoothing,0.05
Custom/GaussianPrefilteredSobel,Head,r1,color,_ShadowColor,0.3|0.3|0.45|1
Custom/GaussianPrefilteredSobel,Head,r1,float,_ShadowStrength,0.5
Custom/GaussianPrefilteredSobel,Head,r1,float,_DetailMode,0
Custom/GaussianPrefilteredSobel,Head,r1,float,_DetailBias,0.5
Custom/GaussianPrefilteredSobel,Head,r1,float,_DepthNear,1
Custom/GaussianPrefilteredSobel,Head,r1,float,_DepthFar,50
Custom/GaussianPrefilteredSobel,Head,r1,float,_ManualDetail,0.013
Custom/GaussianPrefilteredSobel,Head,r1,float,_EnableOuterOutline,1
Custom/GaussianPrefilteredSobel,Head,r1,float,_OuterOutlineWidth,0.005
Custom/GaussianPrefilteredSobel,Head,r1,color,_OuterOutlineColor,0|0|0|1
Custom/GaussianPrefilteredSobel,Head,r1,float,_UseOutlineDepthOffset,1
Custom/GaussianPrefilteredSobel,Head,r1,float,_OutlineDepthBias,5
Custom/GaussianPrefilteredSobel,Head,r1,float,_EnableTextureSobel,1
Custom/GaussianPrefilteredSobel,Head,r1,float,_EnableNormalEdges,0
Custom/GaussianPrefilteredSobel,Head,r1,float,_EnableFresnelEdge,0
Custom/GaussianPrefilteredSobel,Head,r1,float,_UseLightFiltering,0
Custom/GaussianPrefilteredSobel,Head,r1,float,_UseModerateFiltering,0
Custom/GaussianPrefilteredSobel,Head,r1,float,_UseAggressiveFiltering,1
Custom/GaussianPrefilteredSobel,Head,r1,color,_InnerLineColor,0|0|0|1
Custom/GaussianPrefilteredSobel,Head,r1,float,_InnerLineThreshold,0.05
Custom/GaussianPrefilteredSobel,Head,r1,float,_InnerLineBlur,0.2
Custom/GaussianPrefilteredSobel,Head,r1,float,_InnerLineStrength,1
Custom/GaussianPrefilteredSobel,Head,r1,float,_EnableGaussianBlur,0
Custom/GaussianPrefilteredSobel,Head,r1,float,_BlurRadiusMultiplier,10
Custom/GaussianPrefilteredSobel,Head,r1,float,_GaussianCenterWeight,0.46
Custom/GaussianPrefilteredSobel,Head,r1,float,_GaussianCardinalWeight,0.309
Custom/GaussianPrefilteredSobel,Head,r1,float,_GaussianDiagonalWeight,0.25
Custom/GaussianPrefilteredSobel,Head,r1,float,_EnableThreshold,1
Custom/GaussianPrefilteredSobel,Head,r1,float,_ThresholdMinMultiplier,0
Custom/GaussianPrefilteredSobel,Head,r1,float,_ThresholdMaxMultiplier,2.6
Custom/GaussianPrefilteredSobel,Head,r1,float,_EnablePass1,0
Custom/GaussianPrefilteredSobel,Head,r1,float,_EnablePass2,0
Custom/GaussianPrefilteredSobel,Head,r1,float,_EnablePass3,0
Custom/GaussianPrefilteredSobel,Head,r1,float,_EnablePass4,0
Custom/GaussianPrefilteredSobel,Head,r1,float,_SmoothstepTightness,0.281
Custom/GaussianPrefilteredSobel,Head,r1,float,_EnablePowerCurve,0
Custom/GaussianPrefilteredSobel,Head,r1,float,_PowerCurve,0.5
Custom/GaussianPrefilteredSobel,Head,r1,float,_NormalEdgeThreshold,0
Custom/GaussianPrefilteredSobel,Head,r1,float,_NormalEdgeStrength,0
Custom/GaussianPrefilteredSobel,Head,r1,float,_NormalEdgeSmoothness,0.01
Custom/GaussianPrefilteredSobel,Head,r1,float,_FresnelEdgeThreshold,0.3
Custom/GaussianPrefilteredSobel,Head,r1,float,_FresnelEdgeStrength,0
Custom/GaussianPrefilteredSobel,Head,r1,color,_EdgeColor,0|0|0|1
Custom/GaussianPrefilteredSobel,Head,r1,float,_EdgeBlendMode,0
Custom/GaussianPrefilteredSobel,Head,r1,float,_EnableRim,0
Custom/GaussianPrefilteredSobel,Head,r1,color,_RimColor,0.408|0.408|0.408|1
Custom/GaussianPrefilteredSobel,Head,r1,float,_RimPower,4
Custom/GaussianPrefilteredSobel,Head,r1,color,_AmbientColor,0.35|0.35|0.35|1
Custom/GaussianPrefilteredSobel,Head,r1,float,_EnableAlphaTest,1
Custom/GaussianPrefilteredSobel,Head,r1,float,_AlphaCutoff,0.1
Custom/GaussianPrefilteredSobel,Look,r2,float,_UseDebugDefaults,0
Custom/GaussianPrefilteredSobel,Look,r2,float,_DebugView,0
Custom/GaussianPrefilteredSobel,Look,r2,color,_Color,1|1|1|1
Custom/GaussianPrefilteredSobel,Look,r2,float,_TextureIntensity,1
Custom/GaussianPrefilteredSobel,Look,r2,float,_BumpScale,1
Custom/GaussianPrefilteredSobel,Look,r2,float,_LightSensitivity,0.5
Custom/GaussianPrefilteredSobel,Look,r2,float,_RampSmoothing,0.05
Custom/GaussianPrefilteredSobel,Look,r2,color,_ShadowColor,0.3|0.3|0.45|1
Custom/GaussianPrefilteredSobel,Look,r2,float,_ShadowStrength,0.5
Custom/GaussianPrefilteredSobel,Look,r2,float,_DetailMode,0
Custom/GaussianPrefilteredSobel,Look,r2,float,_DetailBias,0.5
Custom/GaussianPrefilteredSobel,Look,r2,float,_DepthNear,1
Custom/GaussianPrefilteredSobel,Look,r2,float,_DepthFar,50
Custom/GaussianPrefilteredSobel,Look,r2,float,_ManualDetail,0.013
Custom/GaussianPrefilteredSobel,Look,r2,float,_EnableOuterOutline,1
Custom/GaussianPrefilteredSobel,Look,r2,float,_OuterOutlineWidth,0.005
Custom/GaussianPrefilteredSobel,Look,r2,color,_OuterOutlineColor,0|0|0|1
Custom/GaussianPrefilteredSobel,Look,r2,float,_UseOutlineDepthOffset,1
Custom/GaussianPrefilteredSobel,Look,r2,float,_OutlineDepthBias,5
Custom/GaussianPrefilteredSobel,Look,r2,float,_EnableTextureSobel,1
Custom/GaussianPrefilteredSobel,Look,r2,float,_EnableNormalEdges,0
Custom/GaussianPrefilteredSobel,Look,r2,float,_EnableFresnelEdge,0
Custom/GaussianPrefilteredSobel,Look,r2,float,_UseLightFiltering,0
Custom/GaussianPrefilteredSobel,Look,r2,float,_UseModerateFiltering,0
Custom/GaussianPrefilteredSobel,Look,r2,float,_UseAggressiveFiltering,1
Custom/GaussianPrefilteredSobel,Look,r2,color,_InnerLineColor,0|0|0|1
Custom/GaussianPrefilteredSobel,Look,r2,float,_InnerLineThreshold,0.05
Custom/GaussianPrefilteredSobel,Look,r2,float,_InnerLineBlur,0.2
Custom/GaussianPrefilteredSobel,Look,r2,float,_InnerLineStrength,1
Custom/GaussianPrefilteredSobel,Look,r2,float,_EnableGaussianBlur,0
Custom/GaussianPrefilteredSobel,Look,r2,float,_BlurRadiusMultiplier,10
Custom/GaussianPrefilteredSobel,Look,r2,float,_GaussianCenterWeight,0.46
Custom/GaussianPrefilteredSobel,Look,r2,float,_GaussianCardinalWeight,0.309
Custom/GaussianPrefilteredSobel,Look,r2,float,_GaussianDiagonalWeight,0.25
Custom/GaussianPrefilteredSobel,Look,r2,float,_EnableThreshold,1
Custom/GaussianPrefilteredSobel,Look,r2,float,_ThresholdMinMultiplier,0
Custom/GaussianPrefilteredSobel,Look,r2,float,_ThresholdMaxMultiplier,2.6
Custom/GaussianPrefilteredSobel,Look,r2,float,_EnablePass1,0
Custom/GaussianPrefilteredSobel,Look,r2,float,_EnablePass2,0
Custom/GaussianPrefilteredSobel,Look,r2,float,_EnablePass3,0
Custom/GaussianPrefilteredSobel,Look,r2,float,_EnablePass4,0
Custom/GaussianPrefilteredSobel,Look,r2,float,_SmoothstepTightness,0.281
Custom/GaussianPrefilteredSobel,Look,r2,float,_EnablePowerCurve,0
Custom/GaussianPrefilteredSobel,Look,r2,float,_PowerCurve,0.5
Custom/GaussianPrefilteredSobel,Look,r2,float,_NormalEdgeThreshold,0
Custom/GaussianPrefilteredSobel,Look,r2,float,_NormalEdgeStrength,0
Custom/GaussianPrefilteredSobel,Look,r2,float,_NormalEdgeSmoothness,0.01
Custom/GaussianPrefilteredSobel,Look,r2,float,_FresnelEdgeThreshold,0.3
Custom/GaussianPrefilteredSobel,Look,r2,float,_FresnelEdgeStrength,0
Custom/GaussianPrefilteredSobel,Look,r2,color,_EdgeColor,0|0|0|1
Custom/GaussianPrefilteredSobel,Look,r2,float,_EdgeBlendMode,0
Custom/GaussianPrefilteredSobel,Look,r2,float,_EnableRim,1
Custom/GaussianPrefilteredSobel,Look,r2,color,_RimColor,0.408|0.408|0.408|1
Custom/GaussianPrefilteredSobel,Look,r2,float,_RimPower,4
Custom/GaussianPrefilteredSobel,Look,r2,color,_AmbientColor,0.35|0.35|0.35|1
Custom/GaussianPrefilteredSobel,Look,r2,float,_EnableAlphaTest,1
Custom/GaussianPrefilteredSobel,Look,r2,float,_AlphaCutoff,0.1
Custom/GaussianPrefilteredSobel,Look,L1,float,_UseDebugDefaults,0
Custom/GaussianPrefilteredSobel,Look,L1,float,_DebugView,0
Custom/GaussianPrefilteredSobel,Look,L1,color,_Color,1|1|1|1
Custom/GaussianPrefilteredSobel,Look,L1,float,_TextureIntensity,1
Custom/GaussianPrefilteredSobel,Look,L1,float,_BumpScale,1
Custom/GaussianPrefilteredSobel,Look,L1,float,_LightSensitivity,0.5
Custom/GaussianPrefilteredSobel,Look,L1,float,_RampSmoothing,0.05
Custom/GaussianPrefilteredSobel,Look,L1,color,_ShadowColor,0.3|0.3|0.45|1
Custom/GaussianPrefilteredSobel,Look,L1,float,_ShadowStrength,0.5
Custom/GaussianPrefilteredSobel,Look,L1,float,_DetailMode,0
Custom/GaussianPrefilteredSobel,Look,L1,float,_DetailBias,0.5
Custom/GaussianPrefilteredSobel,Look,L1,float,_DepthNear,1
Custom/GaussianPrefilteredSobel,Look,L1,float,_DepthFar,50
Custom/GaussianPrefilteredSobel,Look,L1,float,_ManualDetail,0.013
Custom/GaussianPrefilteredSobel,Look,L1,float,_EnableOuterOutline,1
Custom/GaussianPrefilteredSobel,Look,L1,float,_OuterOutlineWidth,0.005
Custom/GaussianPrefilteredSobel,Look,L1,color,_OuterOutlineColor,0|0|0|1
Custom/GaussianPrefilteredSobel,Look,L1,float,_UseOutlineDepthOffset,1
Custom/GaussianPrefilteredSobel,Look,L1,float,_OutlineDepthBias,15
Custom/GaussianPrefilteredSobel,Look,L1,float,_EnableTextureSobel,1
Custom/GaussianPrefilteredSobel,Look,L1,float,_EnableNormalEdges,0
Custom/GaussianPrefilteredSobel,Look,L1,float,_EnableFresnelEdge,0
Custom/GaussianPrefilteredSobel,Look,L1,float,_UseLightFiltering,0
Custom/GaussianPrefilteredSobel,Look,L1,float,_UseModerateFiltering,0
Custom/GaussianPrefilteredSobel,Look,L1,float,_UseAggressiveFiltering,1
Custom/GaussianPrefilteredSobel,Look,L1,color,_InnerLineColor,0|0|0|1
Custom/GaussianPrefilteredSobel,Look,L1,float,_InnerLineThreshold,0.01
Custom/GaussianPrefilteredSobel,Look,L1,float,_InnerLineBlur,0.2
Custom/GaussianPrefilteredSobel,Look,L1,float,_InnerLineStrength,1
Custom/GaussianPrefilteredSobel,Look,L1,float,_EnableGaussianBlur,0
Custom/GaussianPrefilteredSobel,Look,L1,float,_BlurRadiusMultiplier,10
Custom/GaussianPrefilteredSobel,Look,L1,float,_GaussianCenterWeight,0.46
Custom/GaussianPrefilteredSobel,Look,L1,float,_GaussianCardinalWeight,0.309
Custom/GaussianPrefilteredSobel,Look,L1,float,_GaussianDiagonalWeight,0.25
Custom/GaussianPrefilteredSobel,Look,L1,float,_EnableThreshold,1
Custom/GaussianPrefilteredSobel,Look,L1,float,_ThresholdMinMultiplier,0
Custom/GaussianPrefilteredSobel,Look,L1,float,_ThresholdMaxMultiplier,2.6
Custom/GaussianPrefilteredSobel,Look,L1,float,_EnablePass1,0
Custom/GaussianPrefilteredSobel,Look,L1,float,_EnablePass2,0
Custom/GaussianPrefilteredSobel,Look,L1,float,_EnablePass3,0
Custom/GaussianPrefilteredSobel,Look,L1,float,_EnablePass4,0
Custom/GaussianPrefilteredSobel,Look,L1,float,_SmoothstepTightness,0.281
Custom/GaussianPrefilteredSobel,Look,L1,float,_EnablePowerCurve,0
Custom/GaussianPrefilteredSobel,Look,L1,float,_PowerCurve,0.5
Custom/GaussianPrefilteredSobel,Look,L1,float,_NormalEdgeThreshold,0
Custom/GaussianPrefilteredSobel,Look,L1,float,_NormalEdgeStrength,0
Custom/GaussianPrefilteredSobel,Look,L1,float,_NormalEdgeSmoothness,0.01
Custom/GaussianPrefilteredSobel,Look,L1,float,_FresnelEdgeThreshold,0.3
Custom/GaussianPrefilteredSobel,Look,L1,float,_FresnelEdgeStrength,0
Custom/GaussianPrefilteredSobel,Look,L1,color,_EdgeColor,0|0|0|1
Custom/GaussianPrefilteredSobel,Look,L1,float,_EdgeBlendMode,0
Custom/GaussianPrefilteredSobel,Look,L1,float,_EnableRim,1
Custom/GaussianPrefilteredSobel,Look,L1,color,_RimColor,0.408|0.408|0.408|1
Custom/GaussianPrefilteredSobel,Look,L1,float,_RimPower,4
Custom/GaussianPrefilteredSobel,Look,L1,color,_AmbientColor,0.35|0.35|0.35|1
Custom/GaussianPrefilteredSobel,Look,L1,float,_EnableAlphaTest,1
Custom/GaussianPrefilteredSobel,Look,L1,float,_AlphaCutoff,0.1
Custom/GaussianPrefilteredSobel,Hair,L2,float,_UseDebugDefaults,0
Custom/GaussianPrefilteredSobel,Hair,L2,float,_DebugView,0
Custom/GaussianPrefilteredSobel,Hair,L2,color,_Color,1|1|1|1
Custom/GaussianPrefilteredSobel,Hair,L2,float,_TextureIntensity,1
Custom/GaussianPrefilteredSobel,Hair,L2,float,_BumpScale,1
Custom/GaussianPrefilteredSobel,Hair,L2,float,_LightSensitivity,0.5
Custom/GaussianPrefilteredSobel,Hair,L2,float,_RampSmoothing,0.05
Custom/GaussianPrefilteredSobel,Hair,L2,color,_ShadowColor,0.3|0.3|0.45|1
Custom/GaussianPrefilteredSobel,Hair,L2,float,_ShadowStrength,0.5
Custom/GaussianPrefilteredSobel,Hair,L2,float,_DetailMode,0
Custom/GaussianPrefilteredSobel,Hair,L2,float,_DetailBias,0.5
Custom/GaussianPrefilteredSobel,Hair,L2,float,_DepthNear,1
Custom/GaussianPrefilteredSobel,Hair,L2,float,_DepthFar,50
Custom/GaussianPrefilteredSobel,Hair,L2,float,_ManualDetail,0.013
Custom/GaussianPrefilteredSobel,Hair,L2,float,_EnableOuterOutline,1
Custom/GaussianPrefilteredSobel,Hair,L2,float,_OuterOutlineWidth,0.005
Custom/GaussianPrefilteredSobel,Hair,L2,color,_OuterOutlineColor,0|0|0|1
Custom/GaussianPrefilteredSobel,Hair,L2,float,_UseOutlineDepthOffset,1
Custom/GaussianPrefilteredSobel,Hair,L2,float,_OutlineDepthBias,15
Custom/GaussianPrefilteredSobel,Hair,L2,float,_EnableTextureSobel,1
Custom/GaussianPrefilteredSobel,Hair,L2,float,_EnableNormalEdges,0
Custom/GaussianPrefilteredSobel,Hair,L2,float,_EnableFresnelEdge,0
Custom/GaussianPrefilteredSobel,Hair,L2,float,_UseLightFiltering,0
Custom/GaussianPrefilteredSobel,Hair,L2,float,_UseModerateFiltering,0
Custom/GaussianPrefilteredSobel,Hair,L2,float,_UseAggressiveFiltering,1
Custom/GaussianPrefilteredSobel,Hair,L2,color,_InnerLineColor,0|0|0|1
Custom/GaussianPrefilteredSobel,Hair,L2,float,_InnerLineThreshold,0.02
Custom/GaussianPrefilteredSobel,Hair,L2,float,_InnerLineBlur,0.2
Custom/GaussianPrefilteredSobel,Hair,L2,float,_InnerLineStrength,1
Custom/GaussianPrefilteredSobel,Hair,L2,float,_EnableGaussianBlur,0
Custom/GaussianPrefilteredSobel,Hair,L2,float,_BlurRadiusMultiplier,10
Custom/GaussianPrefilteredSobel,Hair,L2,float,_GaussianCenterWeight,0.46
Custom/GaussianPrefilteredSobel,Hair,L2,float,_GaussianCardinalWeight,0.309
Custom/GaussianPrefilteredSobel,Hair,L2,float,_GaussianDiagonalWeight,0.25
Custom/GaussianPrefilteredSobel,Hair,L2,float,_EnableThreshold,1
Custom/GaussianPrefilteredSobel,Hair,L2,float,_ThresholdMinMultiplier,0
Custom/GaussianPrefilteredSobel,Hair,L2,float,_ThresholdMaxMultiplier,2.6
Custom/GaussianPrefilteredSobel,Hair,L2,float,_EnablePass1,0
Custom/GaussianPrefilteredSobel,Hair,L2,float,_EnablePass2,0
Custom/GaussianPrefilteredSobel,Hair,L2,float,_EnablePass3,0
Custom/GaussianPrefilteredSobel,Hair,L2,float,_EnablePass4,0
Custom/GaussianPrefilteredSobel,Hair,L2,float,_SmoothstepTightness,0.281
Custom/GaussianPrefilteredSobel,Hair,L2,float,_EnablePowerCurve,0
Custom/GaussianPrefilteredSobel,Hair,L2,float,_PowerCurve,0.5
Custom/GaussianPrefilteredSobel,Hair,L2,float,_NormalEdgeThreshold,0
Custom/GaussianPrefilteredSobel,Hair,L2,float,_NormalEdgeStrength,0
Custom/GaussianPrefilteredSobel,Hair,L2,float,_NormalEdgeSmoothness,0.01
Custom/GaussianPrefilteredSobel,Hair,L2,float,_FresnelEdgeThreshold,0.3
Custom/GaussianPrefilteredSobel,Hair,L2,float,_FresnelEdgeStrength,0
Custom/GaussianPrefilteredSobel,Hair,L2,color,_EdgeColor,0|0|0|1
Custom/GaussianPrefilteredSobel,Hair,L2,float,_EdgeBlendMode,0
Custom/GaussianPrefilteredSobel,Hair,L2,float,_EnableRim,1
Custom/GaussianPrefilteredSobel,Hair,L2,color,_RimColor,0.408|0.408|0.408|1
Custom/GaussianPrefilteredSobel,Hair,L2,float,_RimPower,4
Custom/GaussianPrefilteredSobel,Hair,L2,color,_AmbientColor,0.35|0.35|0.35|1
Custom/GaussianPrefilteredSobel,Hair,L2,float,_EnableAlphaTest,1
Custom/GaussianPrefilteredSobel,Hair,L2,float,_AlphaCutoff,0.1
Custom/GaussianPrefilteredSobel,Head,L2,float,_UseDebugDefaults,0
Custom/GaussianPrefilteredSobel,Head,L2,float,_DebugView,0
Custom/GaussianPrefilteredSobel,Head,L2,color,_Color,1|1|1|1
Custom/GaussianPrefilteredSobel,Head,L2,float,_TextureIntensity,1
Custom/GaussianPrefilteredSobel,Head,L2,float,_BumpScale,1
Custom/GaussianPrefilteredSobel,Head,L2,float,_LightSensitivity,0.5
Custom/GaussianPrefilteredSobel,Head,L2,float,_RampSmoothing,0.05
Custom/GaussianPrefilteredSobel,Head,L2,color,_ShadowColor,0.3|0.3|0.45|1
Custom/GaussianPrefilteredSobel,Head,L2,float,_ShadowStrength,0.5
Custom/GaussianPrefilteredSobel,Head,L2,float,_DetailMode,0
Custom/GaussianPrefilteredSobel,Head,L2,float,_DetailBias,0.5
Custom/GaussianPrefilteredSobel,Head,L2,float,_DepthNear,1
Custom/GaussianPrefilteredSobel,Head,L2,float,_DepthFar,50
Custom/GaussianPrefilteredSobel,Head,L2,float,_ManualDetail,0.013
Custom/GaussianPrefilteredSobel,Head,L2,float,_EnableOuterOutline,1
Custom/GaussianPrefilteredSobel,Head,L2,float,_OuterOutlineWidth,0.005
Custom/GaussianPrefilteredSobel,Head,L2,color,_OuterOutlineColor,0|0|0|1
Custom/GaussianPrefilteredSobel,Head,L2,float,_UseOutlineDepthOffset,1
Custom/GaussianPrefilteredSobel,Head,L2,float,_OutlineDepthBias,15
Custom/GaussianPrefilteredSobel,Head,L2,float,_EnableTextureSobel,1
Custom/GaussianPrefilteredSobel,Head,L2,float,_EnableNormalEdges,0
Custom/GaussianPrefilteredSobel,Head,L2,float,_EnableFresnelEdge,0
Custom/GaussianPrefilteredSobel,Head,L2,float,_UseLightFiltering,0
Custom/GaussianPrefilteredSobel,Head,L2,float,_UseModerateFiltering,0
Custom/GaussianPrefilteredSobel,Head,L2,float,_UseAggressiveFiltering,1
Custom/GaussianPrefilteredSobel,Head,L2,color,_InnerLineColor,0|0|0|1
Custom/GaussianPrefilteredSobel,Head,L2,float,_InnerLineThreshold,0.02
Custom/GaussianPrefilteredSobel,Head,L2,float,_InnerLineBlur,0.2
Custom/GaussianPrefilteredSobel,Head,L2,float,_InnerLineStrength,1
Custom/GaussianPrefilteredSobel,Head,L2,float,_EnableGaussianBlur,0
Custom/GaussianPrefilteredSobel,Head,L2,float,_BlurRadiusMultiplier,10
Custom/GaussianPrefilteredSobel,Head,L2,float,_GaussianCenterWeight,0.46
Custom/GaussianPrefilteredSobel,Head,L2,float,_GaussianCardinalWeight,0.309
Custom/GaussianPrefilteredSobel,Head,L2,float,_GaussianDiagonalWeight,0.25
Custom/GaussianPrefilteredSobel,Head,L2,float,_EnableThreshold,1
Custom/GaussianPrefilteredSobel,Head,L2,float,_ThresholdMinMultiplier,0
Custom/GaussianPrefilteredSobel,Head,L2,float,_ThresholdMaxMultiplier,2.6
Custom/GaussianPrefilteredSobel,Head,L2,float,_EnablePass1,0
Custom/GaussianPrefilteredSobel,Head,L2,float,_EnablePass2,0
Custom/GaussianPrefilteredSobel,Head,L2,float,_EnablePass3,0
Custom/GaussianPrefilteredSobel,Head,L2,float,_EnablePass4,0
Custom/GaussianPrefilteredSobel,Head,L2,float,_SmoothstepTightness,0.281
Custom/GaussianPrefilteredSobel,Head,L2,float,_EnablePowerCurve,0
Custom/GaussianPrefilteredSobel,Head,L2,float,_PowerCurve,0.5
Custom/GaussianPrefilteredSobel,Head,L2,float,_NormalEdgeThreshold,0
Custom/GaussianPrefilteredSobel,Head,L2,float,_NormalEdgeStrength,0
Custom/GaussianPrefilteredSobel,Head,L2,float,_NormalEdgeSmoothness,0.01
Custom/GaussianPrefilteredSobel,Head,L2,float,_FresnelEdgeThreshold,0.3
Custom/GaussianPrefilteredSobel,Head,L2,float,_FresnelEdgeStrength,0
Custom/GaussianPrefilteredSobel,Head,L2,color,_EdgeColor,0|0|0|1
Custom/GaussianPrefilteredSobel,Head,L2,float,_EdgeBlendMode,0
Custom/GaussianPrefilteredSobel,Head,L2,float,_EnableRim,1
Custom/GaussianPrefilteredSobel,Head,L2,color,_RimColor,0.408|0.408|0.408|1
Custom/GaussianPrefilteredSobel,Head,L2,float,_RimPower,4
Custom/GaussianPrefilteredSobel,Head,L2,color,_AmbientColor,0.35|0.35|0.35|1
Custom/GaussianPrefilteredSobel,Head,L2,float,_EnableAlphaTest,1
Custom/GaussianPrefilteredSobel,Head,L2,float,_AlphaCutoff,0.1
Custom/GaussianPrefilteredSobel,Head,L3,float,_UseDebugDefaults,0
Custom/GaussianPrefilteredSobel,Head,L3,float,_DebugView,0
Custom/GaussianPrefilteredSobel,Head,L3,color,_Color,1|1|1|1
Custom/GaussianPrefilteredSobel,Head,L3,float,_TextureIntensity,1
Custom/GaussianPrefilteredSobel,Head,L3,float,_BumpScale,1
Custom/GaussianPrefilteredSobel,Head,L3,float,_LightSensitivity,0.5
Custom/GaussianPrefilteredSobel,Head,L3,float,_RampSmoothing,0.05
Custom/GaussianPrefilteredSobel,Head,L3,color,_ShadowColor,0.3|0.3|0.45|1
Custom/GaussianPrefilteredSobel,Head,L3,float,_ShadowStrength,0.5
Custom/GaussianPrefilteredSobel,Head,L3,float,_DetailMode,0
Custom/GaussianPrefilteredSobel,Head,L3,float,_DetailBias,0.5
Custom/GaussianPrefilteredSobel,Head,L3,float,_DepthNear,1
Custom/GaussianPrefilteredSobel,Head,L3,float,_DepthFar,50
Custom/GaussianPrefilteredSobel,Head,L3,float,_ManualDetail,0.013
Custom/GaussianPrefilteredSobel,Head,L3,float,_EnableOuterOutline,1
Custom/GaussianPrefilteredSobel,Head,L3,float,_OuterOutlineWidth,0.005
Custom/GaussianPrefilteredSobel,Head,L3,color,_OuterOutlineColor,0|0|0|1
Custom/GaussianPrefilteredSobel,Head,L3,float,_UseOutlineDepthOffset,1
Custom/GaussianPrefilteredSobel,Head,L3,float,_OutlineDepthBias,15
Custom/GaussianPrefilteredSobel,Head,L3,float,_EnableTextureSobel,1
Custom/GaussianPrefilteredSobel,Head,L3,float,_EnableNormalEdges,0
Custom/GaussianPrefilteredSobel,Head,L3,float,_EnableFresnelEdge,0
Custom/GaussianPrefilteredSobel,Head,L3,float,_UseLightFiltering,0
Custom/GaussianPrefilteredSobel,Head,L3,float,_UseModerateFiltering,0
Custom/GaussianPrefilteredSobel,Head,L3,float,_UseAggressiveFiltering,1
Custom/GaussianPrefilteredSobel,Head,L3,color,_InnerLineColor,0|0|0|1
Custom/GaussianPrefilteredSobel,Head,L3,float,_InnerLineThreshold,0.03
Custom/GaussianPrefilteredSobel,Head,L3,float,_InnerLineBlur,0.2
Custom/GaussianPrefilteredSobel,Head,L3,float,_InnerLineStrength,1
Custom/GaussianPrefilteredSobel,Head,L3,float,_EnableGaussianBlur,0
Custom/GaussianPrefilteredSobel,Head,L3,float,_BlurRadiusMultiplier,10
Custom/GaussianPrefilteredSobel,Head,L3,float,_GaussianCenterWeight,0.46
Custom/GaussianPrefilteredSobel,Head,L3,float,_GaussianCardinalWeight,0.309
Custom/GaussianPrefilteredSobel,Head,L3,float,_GaussianDiagonalWeight,0.25
Custom/GaussianPrefilteredSobel,Head,L3,float,_EnableThreshold,1
Custom/GaussianPrefilteredSobel,Head,L3,float,_ThresholdMinMultiplier,0
Custom/GaussianPrefilteredSobel,Head,L3,float,_ThresholdMaxMultiplier,2.6
Custom/GaussianPrefilteredSobel,Head,L3,float,_EnablePass1,0
Custom/GaussianPrefilteredSobel,Head,L3,float,_EnablePass2,0
Custom/GaussianPrefilteredSobel,Head,L3,float,_EnablePass3,0
Custom/GaussianPrefilteredSobel,Head,L3,float,_EnablePass4,0
Custom/GaussianPrefilteredSobel,Head,L3,float,_SmoothstepTightness,0.281
Custom/GaussianPrefilteredSobel,Head,L3,float,_EnablePowerCurve,0
Custom/GaussianPrefilteredSobel,Head,L3,float,_PowerCurve,0.5
Custom/GaussianPrefilteredSobel,Head,L3,float,_NormalEdgeThreshold,0
Custom/GaussianPrefilteredSobel,Head,L3,float,_NormalEdgeStrength,0
Custom/GaussianPrefilteredSobel,Head,L3,float,_NormalEdgeSmoothness,0.01
Custom/GaussianPrefilteredSobel,Head,L3,float,_FresnelEdgeThreshold,0.3
Custom/GaussianPrefilteredSobel,Head,L3,float,_FresnelEdgeStrength,0
Custom/GaussianPrefilteredSobel,Head,L3,color,_EdgeColor,0|0|0|1
Custom/GaussianPrefilteredSobel,Head,L3,float,_EdgeBlendMode,0
Custom/GaussianPrefilteredSobel,Head,L3,float,_EnableRim,1
Custom/GaussianPrefilteredSobel,Head,L3,color,_RimColor,0.408|0.408|0.408|1
Custom/GaussianPrefilteredSobel,Head,L3,float,_RimPower,4
Custom/GaussianPrefilteredSobel,Head,L3,color,_AmbientColor,0.35|0.35|0.35|1
Custom/GaussianPrefilteredSobel,Head,L3,float,_EnableAlphaTest,1
Custom/GaussianPrefilteredSobel,Head,L3,float,_AlphaCutoff,0.1
Custom/GaussianPrefilteredSobel,Hair,AutoSave_Hair,float,_UseDebugDefaults,0
Custom/GaussianPrefilteredSobel,Hair,AutoSave_Hair,float,_DebugView,0
Custom/GaussianPrefilteredSobel,Hair,AutoSave_Hair,color,_Color,1|1|1|1
Custom/GaussianPrefilteredSobel,Hair,AutoSave_Hair,float,_TextureIntensity,1
Custom/GaussianPrefilteredSobel,Hair,AutoSave_Hair,float,_BumpScale,1
Custom/GaussianPrefilteredSobel,Hair,AutoSave_Hair,float,_LightSensitivity,0.5
Custom/GaussianPrefilteredSobel,Hair,AutoSave_Hair,float,_RampSmoothing,0.05
Custom/GaussianPrefilteredSobel,Hair,AutoSave_Hair,color,_ShadowColor,0.3|0.3|0.45|1
Custom/GaussianPrefilteredSobel,Hair,AutoSave_Hair,float,_ShadowStrength,0.5
Custom/GaussianPrefilteredSobel,Hair,AutoSave_Hair,float,_DetailMode,0
Custom/GaussianPrefilteredSobel,Hair,AutoSave_Hair,float,_DetailBias,0.5
Custom/GaussianPrefilteredSobel,Hair,AutoSave_Hair,float,_DepthNear,1
Custom/GaussianPrefilteredSobel,Hair,AutoSave_Hair,float,_DepthFar,50
Custom/GaussianPrefilteredSobel,Hair,AutoSave_Hair,float,_ManualDetail,0.013
Custom/GaussianPrefilteredSobel,Hair,AutoSave_Hair,float,_EnableOuterOutline,1
Custom/GaussianPrefilteredSobel,Hair,AutoSave_Hair,float,_OuterOutlineWidth,0.005
Custom/GaussianPrefilteredSobel,Hair,AutoSave_Hair,color,_OuterOutlineColor,0|0|0|1
Custom/GaussianPrefilteredSobel,Hair,AutoSave_Hair,float,_UseOutlineDepthOffset,1
Custom/GaussianPrefilteredSobel,Hair,AutoSave_Hair,float,_OutlineDepthBias,15
Custom/GaussianPrefilteredSobel,Hair,AutoSave_Hair,float,_EnableTextureSobel,1
Custom/GaussianPrefilteredSobel,Hair,AutoSave_Hair,float,_EnableNormalEdges,0
Custom/GaussianPrefilteredSobel,Hair,AutoSave_Hair,float,_EnableFresnelEdge,0
Custom/GaussianPrefilteredSobel,Hair,AutoSave_Hair,float,_UseLightFiltering,0
Custom/GaussianPrefilteredSobel,Hair,AutoSave_Hair,float,_UseModerateFiltering,0
Custom/GaussianPrefilteredSobel,Hair,AutoSave_Hair,float,_UseAggressiveFiltering,1
Custom/GaussianPrefilteredSobel,Hair,AutoSave_Hair,color,_InnerLineColor,0|0|0|1
Custom/GaussianPrefilteredSobel,Hair,AutoSave_Hair,float,_InnerLineThreshold,0.04
Custom/GaussianPrefilteredSobel,Hair,AutoSave_Hair,float,_InnerLineBlur,0.2
Custom/GaussianPrefilteredSobel,Hair,AutoSave_Hair,float,_InnerLineStrength,1
Custom/GaussianPrefilteredSobel,Hair,AutoSave_Hair,float,_EnableGaussianBlur,0
Custom/GaussianPrefilteredSobel,Hair,AutoSave_Hair,float,_BlurRadiusMultiplier,10
Custom/GaussianPrefilteredSobel,Hair,AutoSave_Hair,float,_GaussianCenterWeight,0.46
Custom/GaussianPrefilteredSobel,Hair,AutoSave_Hair,float,_GaussianCardinalWeight,0.309
Custom/GaussianPrefilteredSobel,Hair,AutoSave_Hair,float,_GaussianDiagonalWeight,0.25
Custom/GaussianPrefilteredSobel,Hair,AutoSave_Hair,float,_EnableThreshold,1
Custom/GaussianPrefilteredSobel,Hair,AutoSave_Hair,float,_ThresholdMinMultiplier,0
Custom/GaussianPrefilteredSobel,Hair,AutoSave_Hair,float,_ThresholdMaxMultiplier,2.6
Custom/GaussianPrefilteredSobel,Hair,AutoSave_Hair,float,_EnablePass1,0
Custom/GaussianPrefilteredSobel,Hair,AutoSave_Hair,float,_EnablePass2,0
Custom/GaussianPrefilteredSobel,Hair,AutoSave_Hair,float,_EnablePass3,0
Custom/GaussianPrefilteredSobel,Hair,AutoSave_Hair,float,_EnablePass4,0
Custom/GaussianPrefilteredSobel,Hair,AutoSave_Hair,float,_SmoothstepTightness,0.281
Custom/GaussianPrefilteredSobel,Hair,AutoSave_Hair,float,_EnablePowerCurve,0
Custom/GaussianPrefilteredSobel,Hair,AutoSave_Hair,float,_PowerCurve,0.5
Custom/GaussianPrefilteredSobel,Hair,AutoSave_Hair,float,_NormalEdgeThreshold,0
Custom/GaussianPrefilteredSobel,Hair,AutoSave_Hair,float,_NormalEdgeStrength,0
Custom/GaussianPrefilteredSobel,Hair,AutoSave_Hair,float,_NormalEdgeSmoothness,0.01
Custom/GaussianPrefilteredSobel,Hair,AutoSave_Hair,float,_FresnelEdgeThreshold,0.3
Custom/GaussianPrefilteredSobel,Hair,AutoSave_Hair,float,_FresnelEdgeStrength,0
Custom/GaussianPrefilteredSobel,Hair,AutoSave_Hair,color,_EdgeColor,0|0|0|1
Custom/GaussianPrefilteredSobel,Hair,AutoSave_Hair,float,_EdgeBlendMode,0
Custom/GaussianPrefilteredSobel,Hair,AutoSave_Hair,float,_EnableRim,1
Custom/GaussianPrefilteredSobel,Hair,AutoSave_Hair,color,_RimColor,0.408|0.408|0.408|1
Custom/GaussianPrefilteredSobel,Hair,AutoSave_Hair,float,_RimPower,4
Custom/GaussianPrefilteredSobel,Hair,AutoSave_Hair,color,_AmbientColor,0.35|0.35|0.35|1
Custom/GaussianPrefilteredSobel,Hair,AutoSave_Hair,float,_EnableAlphaTest,1
Custom/GaussianPrefilteredSobel,Hair,AutoSave_Hair,float,_AlphaCutoff,0.1
Custom/GaussianPrefilteredSobel,Hair,L4,float,_UseDebugDefaults,0
Custom/GaussianPrefilteredSobel,Hair,L4,float,_DebugView,0
Custom/GaussianPrefilteredSobel,Hair,L4,color,_Color,1|1|1|1
Custom/GaussianPrefilteredSobel,Hair,L4,float,_TextureIntensity,1
Custom/GaussianPrefilteredSobel,Hair,L4,float,_BumpScale,1
Custom/GaussianPrefilteredSobel,Hair,L4,float,_LightSensitivity,0.5
Custom/GaussianPrefilteredSobel,Hair,L4,float,_RampSmoothing,0.05
Custom/GaussianPrefilteredSobel,Hair,L4,color,_ShadowColor,0.3|0.3|0.45|1
Custom/GaussianPrefilteredSobel,Hair,L4,float,_ShadowStrength,0.5
Custom/GaussianPrefilteredSobel,Hair,L4,float,_DetailMode,0
Custom/GaussianPrefilteredSobel,Hair,L4,float,_DetailBias,0.5
Custom/GaussianPrefilteredSobel,Hair,L4,float,_DepthNear,1
Custom/GaussianPrefilteredSobel,Hair,L4,float,_DepthFar,50
Custom/GaussianPrefilteredSobel,Hair,L4,float,_ManualDetail,0.013
Custom/GaussianPrefilteredSobel,Hair,L4,float,_EnableOuterOutline,1
Custom/GaussianPrefilteredSobel,Hair,L4,float,_OuterOutlineWidth,0.005
Custom/GaussianPrefilteredSobel,Hair,L4,color,_OuterOutlineColor,0|0|0|1
Custom/GaussianPrefilteredSobel,Hair,L4,float,_UseOutlineDepthOffset,1
Custom/GaussianPrefilteredSobel,Hair,L4,float,_OutlineDepthBias,15
Custom/GaussianPrefilteredSobel,Hair,L4,float,_EnableTextureSobel,1
Custom/GaussianPrefilteredSobel,Hair,L4,float,_EnableNormalEdges,0
Custom/GaussianPrefilteredSobel,Hair,L4,float,_EnableFresnelEdge,0
Custom/GaussianPrefilteredSobel,Hair,L4,float,_UseLightFiltering,0
Custom/GaussianPrefilteredSobel,Hair,L4,float,_UseModerateFiltering,0
Custom/GaussianPrefilteredSobel,Hair,L4,float,_UseAggressiveFiltering,1
Custom/GaussianPrefilteredSobel,Hair,L4,color,_InnerLineColor,0|0|0|1
Custom/GaussianPrefilteredSobel,Hair,L4,float,_InnerLineThreshold,0.04
Custom/GaussianPrefilteredSobel,Hair,L4,float,_InnerLineBlur,0.2
Custom/GaussianPrefilteredSobel,Hair,L4,float,_InnerLineStrength,1
Custom/GaussianPrefilteredSobel,Hair,L4,float,_EnableGaussianBlur,0
Custom/GaussianPrefilteredSobel,Hair,L4,float,_BlurRadiusMultiplier,10
Custom/GaussianPrefilteredSobel,Hair,L4,float,_GaussianCenterWeight,0.46
Custom/GaussianPrefilteredSobel,Hair,L4,float,_GaussianCardinalWeight,0.309
Custom/GaussianPrefilteredSobel,Hair,L4,float,_GaussianDiagonalWeight,0.25
Custom/GaussianPrefilteredSobel,Hair,L4,float,_EnableThreshold,1
Custom/GaussianPrefilteredSobel,Hair,L4,float,_ThresholdMinMultiplier,0
Custom/GaussianPrefilteredSobel,Hair,L4,float,_ThresholdMaxMultiplier,2.6
Custom/GaussianPrefilteredSobel,Hair,L4,float,_EnablePass1,0
Custom/GaussianPrefilteredSobel,Hair,L4,float,_EnablePass2,0
Custom/GaussianPrefilteredSobel,Hair,L4,float,_EnablePass3,0
Custom/GaussianPrefilteredSobel,Hair,L4,float,_EnablePass4,0
Custom/GaussianPrefilteredSobel,Hair,L4,float,_SmoothstepTightness,0.281
Custom/GaussianPrefilteredSobel,Hair,L4,float,_EnablePowerCurve,0
Custom/GaussianPrefilteredSobel,Hair,L4,float,_PowerCurve,0.5
Custom/GaussianPrefilteredSobel,Hair,L4,float,_NormalEdgeThreshold,0
Custom/GaussianPrefilteredSobel,Hair,L4,float,_NormalEdgeStrength,0
Custom/GaussianPrefilteredSobel,Hair,L4,float,_NormalEdgeSmoothness,0.01
Custom/GaussianPrefilteredSobel,Hair,L4,float,_FresnelEdgeThreshold,0.3
Custom/GaussianPrefilteredSobel,Hair,L4,float,_FresnelEdgeStrength,0
Custom/GaussianPrefilteredSobel,Hair,L4,color,_EdgeColor,0|0|0|1
Custom/GaussianPrefilteredSobel,Hair,L4,float,_EdgeBlendMode,0
Custom/GaussianPrefilteredSobel,Hair,L4,float,_EnableRim,1
Custom/GaussianPrefilteredSobel,Hair,L4,color,_RimColor,0.408|0.408|0.408|1
Custom/GaussianPrefilteredSobel,Hair,L4,float,_RimPower,4
Custom/GaussianPrefilteredSobel,Hair,L4,color,_AmbientColor,0.35|0.35|0.35|1
Custom/GaussianPrefilteredSobel,Hair,L4,float,_EnableAlphaTest,1
Custom/GaussianPrefilteredSobel,Hair,L4,float,_AlphaCutoff,0.1
Custom/GaussianPrefilteredSobel,Head,L5,float,_UseDebugDefaults,0
Custom/GaussianPrefilteredSobel,Head,L5,float,_DebugView,0
Custom/GaussianPrefilteredSobel,Head,L5,color,_Color,1|1|1|1
Custom/GaussianPrefilteredSobel,Head,L5,float,_TextureIntensity,1
Custom/GaussianPrefilteredSobel,Head,L5,float,_BumpScale,1
Custom/GaussianPrefilteredSobel,Head,L5,float,_LightSensitivity,0.5
Custom/GaussianPrefilteredSobel,Head,L5,float,_RampSmoothing,0.05
Custom/GaussianPrefilteredSobel,Head,L5,color,_ShadowColor,0.3|0.3|0.45|1
Custom/GaussianPrefilteredSobel,Head,L5,float,_ShadowStrength,0.5
Custom/GaussianPrefilteredSobel,Head,L5,float,_DetailMode,0
Custom/GaussianPrefilteredSobel,Head,L5,float,_DetailBias,0.5
Custom/GaussianPrefilteredSobel,Head,L5,float,_DepthNear,1
Custom/GaussianPrefilteredSobel,Head,L5,float,_DepthFar,50
Custom/GaussianPrefilteredSobel,Head,L5,float,_ManualDetail,0.013
Custom/GaussianPrefilteredSobel,Head,L5,float,_EnableOuterOutline,1
Custom/GaussianPrefilteredSobel,Head,L5,float,_OuterOutlineWidth,0.005
Custom/GaussianPrefilteredSobel,Head,L5,color,_OuterOutlineColor,0|0|0|1
Custom/GaussianPrefilteredSobel,Head,L5,float,_UseOutlineDepthOffset,1
Custom/GaussianPrefilteredSobel,Head,L5,float,_OutlineDepthBias,15
Custom/GaussianPrefilteredSobel,Head,L5,float,_EnableTextureSobel,1
Custom/GaussianPrefilteredSobel,Head,L5,float,_EnableNormalEdges,0
Custom/GaussianPrefilteredSobel,Head,L5,float,_EnableFresnelEdge,0
Custom/GaussianPrefilteredSobel,Head,L5,float,_UseLightFiltering,0
Custom/GaussianPrefilteredSobel,Head,L5,float,_UseModerateFiltering,0
Custom/GaussianPrefilteredSobel,Head,L5,float,_UseAggressiveFiltering,1
Custom/GaussianPrefilteredSobel,Head,L5,color,_InnerLineColor,0|0|0|1
Custom/GaussianPrefilteredSobel,Head,L5,float,_InnerLineThreshold,0.05
Custom/GaussianPrefilteredSobel,Head,L5,float,_InnerLineBlur,0.2
Custom/GaussianPrefilteredSobel,Head,L5,float,_InnerLineStrength,1
Custom/GaussianPrefilteredSobel,Head,L5,float,_EnableGaussianBlur,0
Custom/GaussianPrefilteredSobel,Head,L5,float,_BlurRadiusMultiplier,10
Custom/GaussianPrefilteredSobel,Head,L5,float,_GaussianCenterWeight,0.46
Custom/GaussianPrefilteredSobel,Head,L5,float,_GaussianCardinalWeight,0.309
Custom/GaussianPrefilteredSobel,Head,L5,float,_GaussianDiagonalWeight,0.25
Custom/GaussianPrefilteredSobel,Head,L5,float,_EnableThreshold,1
Custom/GaussianPrefilteredSobel,Head,L5,float,_ThresholdMinMultiplier,0
Custom/GaussianPrefilteredSobel,Head,L5,float,_ThresholdMaxMultiplier,2.6
Custom/GaussianPrefilteredSobel,Head,L5,float,_EnablePass1,0
Custom/GaussianPrefilteredSobel,Head,L5,float,_EnablePass2,0
Custom/GaussianPrefilteredSobel,Head,L5,float,_EnablePass3,0
Custom/GaussianPrefilteredSobel,Head,L5,float,_EnablePass4,0
Custom/GaussianPrefilteredSobel,Head,L5,float,_SmoothstepTightness,0.281
Custom/GaussianPrefilteredSobel,Head,L5,float,_EnablePowerCurve,0
Custom/GaussianPrefilteredSobel,Head,L5,float,_PowerCurve,0.5
Custom/GaussianPrefilteredSobel,Head,L5,float,_NormalEdgeThreshold,0
Custom/GaussianPrefilteredSobel,Head,L5,float,_NormalEdgeStrength,0
Custom/GaussianPrefilteredSobel,Head,L5,float,_NormalEdgeSmoothness,0.01
Custom/GaussianPrefilteredSobel,Head,L5,float,_FresnelEdgeThreshold,0.3
Custom/GaussianPrefilteredSobel,Head,L5,float,_FresnelEdgeStrength,0
Custom/GaussianPrefilteredSobel,Head,L5,color,_EdgeColor,0|0|0|1
Custom/GaussianPrefilteredSobel,Head,L5,float,_EdgeBlendMode,0
Custom/GaussianPrefilteredSobel,Head,L5,float,_EnableRim,1
Custom/GaussianPrefilteredSobel,Head,L5,color,_RimColor,0.408|0.408|0.408|1
Custom/GaussianPrefilteredSobel,Head,L5,float,_RimPower,4
Custom/GaussianPrefilteredSobel,Head,L5,color,_AmbientColor,0.35|0.35|0.35|1
Custom/GaussianPrefilteredSobel,Head,L5,float,_EnableAlphaTest,1
Custom/GaussianPrefilteredSobel,Head,L5,float,_AlphaCutoff,0.1
Custom/ToonShading_Outline,Body,AutoSave_Body,float,_UseDebugDefaults,0
Custom/ToonShading_Outline,Body,AutoSave_Body,color,_Color,1|1|1|1
Custom/ToonShading_Outline,Body,AutoSave_Body,float,_TextureIntensity,1
Custom/ToonShading_Outline,Body,AutoSave_Body,float,_ToonSteps,4
Custom/ToonShading_Outline,Body,AutoSave_Body,float,_ToonSmoothness,0.05
Custom/ToonShading_Outline,Body,AutoSave_Body,float,_ShadowStrength,0.5
Custom/ToonShading_Outline,Body,AutoSave_Body,float,_OuterOutlineWidth,0.005
Custom/ToonShading_Outline,Body,AutoSave_Body,color,_OuterOutlineColor,0|0|0|1
Custom/ToonShading_Outline,Body,AutoSave_Body,float,_UseOutlineDepthOffset,0
Custom/ToonShading_Outline,Body,AutoSave_Body,float,_OutlineDepthBias,4
Custom/ToonShading_Outline,Body,AutoSave_Body,float,_EnableRim,1
Custom/ToonShading_Outline,Body,AutoSave_Body,color,_RimColor,0.408|0.408|0.408|1
Custom/ToonShading_Outline,Body,AutoSave_Body,float,_RimPower,4
Custom/ToonShading_Outline,Body,AutoSave_Body,color,_AmbientColor,0.35|0.35|0.35|1
Custom/ToonShading_Outline,Body,AutoSave_Body,float,_EnableAlphaTest,0
Custom/ToonShading_Outline,Body,AutoSave_Body,float,_AlphaCutoff,0.07
Custom/ToonShading_Outline,Head,AutoSave_Head,float,_UseDebugDefaults,0
Custom/ToonShading_Outline,Head,AutoSave_Head,color,_Color,1|1|1|1
Custom/ToonShading_Outline,Head,AutoSave_Head,float,_TextureIntensity,1
Custom/ToonShading_Outline,Head,AutoSave_Head,float,_ToonSteps,4
Custom/ToonShading_Outline,Head,AutoSave_Head,float,_ToonSmoothness,0.05
Custom/ToonShading_Outline,Head,AutoSave_Head,float,_ShadowStrength,0.5
Custom/ToonShading_Outline,Head,AutoSave_Head,float,_OuterOutlineWidth,0.005
Custom/ToonShading_Outline,Head,AutoSave_Head,color,_OuterOutlineColor,0|0|0|1
Custom/ToonShading_Outline,Head,AutoSave_Head,float,_UseOutlineDepthOffset,1
Custom/ToonShading_Outline,Head,AutoSave_Head,float,_OutlineDepthBias,4
Custom/ToonShading_Outline,Head,AutoSave_Head,float,_EnableRim,1
Custom/ToonShading_Outline,Head,AutoSave_Head,color,_RimColor,0.408|0.408|0.408|1
Custom/ToonShading_Outline,Head,AutoSave_Head,float,_RimPower,4
Custom/ToonShading_Outline,Head,AutoSave_Head,color,_AmbientColor,0.3|0.3|0.3|1
Custom/ToonShading_Outline,Head,AutoSave_Head,float,_EnableAlphaTest,0
Custom/ToonShading_Outline,Head,AutoSave_Head,float,_AlphaCutoff,0.07
Custom/ToonShading_Outline,Hair,AutoSave_Hair,float,_UseDebugDefaults,0
Custom/ToonShading_Outline,Hair,AutoSave_Hair,color,_Color,1|1|1|1
Custom/ToonShading_Outline,Hair,AutoSave_Hair,float,_TextureIntensity,1
Custom/ToonShading_Outline,Hair,AutoSave_Hair,float,_ToonSteps,4
Custom/ToonShading_Outline,Hair,AutoSave_Hair,float,_ToonSmoothness,0.05
Custom/ToonShading_Outline,Hair,AutoSave_Hair,float,_ShadowStrength,0.5
Custom/ToonShading_Outline,Hair,AutoSave_Hair,float,_OuterOutlineWidth,0.005
Custom/ToonShading_Outline,Hair,AutoSave_Hair,color,_OuterOutlineColor,0|0|0|1
Custom/ToonShading_Outline,Hair,AutoSave_Hair,float,_UseOutlineDepthOffset,1
Custom/ToonShading_Outline,Hair,AutoSave_Hair,float,_OutlineDepthBias,4
Custom/ToonShading_Outline,Hair,AutoSave_Hair,float,_EnableRim,1
Custom/ToonShading_Outline,Hair,AutoSave_Hair,color,_RimColor,0.408|0.408|0.408|1
Custom/ToonShading_Outline,Hair,AutoSave_Hair,float,_RimPower,4
Custom/ToonShading_Outline,Hair,AutoSave_Hair,color,_AmbientColor,0.3|0.3|0.3|1
Custom/ToonShading_Outline,Hair,AutoSave_Hair,float,_EnableAlphaTest,1
Custom/ToonShading_Outline,Hair,AutoSave_Hair,float,_AlphaCutoff,0.01
Custom/ToonShading_Outline,Look,AutoSave_Look,float,_UseDebugDefaults,0
Custom/ToonShading_Outline,Look,AutoSave_Look,color,_Color,1|1|1|1
Custom/ToonShading_Outline,Look,AutoSave_Look,float,_TextureIntensity,1
Custom/ToonShading_Outline,Look,AutoSave_Look,float,_ToonSteps,4
Custom/ToonShading_Outline,Look,AutoSave_Look,float,_ToonSmoothness,0.05
Custom/ToonShading_Outline,Look,AutoSave_Look,float,_ShadowStrength,0.5
Custom/ToonShading_Outline,Look,AutoSave_Look,float,_OuterOutlineWidth,0.005
Custom/ToonShading_Outline,Look,AutoSave_Look,color,_OuterOutlineColor,0|0|0|1
Custom/ToonShading_Outline,Look,AutoSave_Look,float,_UseOutlineDepthOffset,0
Custom/ToonShading_Outline,Look,AutoSave_Look,float,_OutlineDepthBias,4
Custom/ToonShading_Outline,Look,AutoSave_Look,float,_EnableRim,1
Custom/ToonShading_Outline,Look,AutoSave_Look,color,_RimColor,0.408|0.408|0.408|1
Custom/ToonShading_Outline,Look,AutoSave_Look,float,_RimPower,4
Custom/ToonShading_Outline,Look,AutoSave_Look,color,_AmbientColor,0.35|0.35|0.35|1
Custom/ToonShading_Outline,Look,AutoSave_Look,float,_EnableAlphaTest,0
Custom/ToonShading_Outline,Look,AutoSave_Look,float,_AlphaCutoff,0.07
Custom/NormalEdgeDetection,Look,AutoSave_Look,float,_UseDebugDefaults,0
Custom/NormalEdgeDetection,Look,AutoSave_Look,color,_Color,1|1|1|1
Custom/NormalEdgeDetection,Look,AutoSave_Look,float,_TextureIntensity,1
Custom/NormalEdgeDetection,Look,AutoSave_Look,float,_BumpScale,1
Custom/NormalEdgeDetection,Look,AutoSave_Look,float,_UseNormalMap,1
Custom/NormalEdgeDetection,Look,AutoSave_Look,float,_LightSensitivity,0.8
Custom/NormalEdgeDetection,Look,AutoSave_Look,float,_RampSmoothing,0.05
Custom/NormalEdgeDetection,Look,AutoSave_Look,color,_ShadowColor,0.3|0.3|0.45|1
Custom/NormalEdgeDetection,Look,AutoSave_Look,float,_ShadowStrength,0.7
Custom/NormalEdgeDetection,Look,AutoSave_Look,float,_DetailMode,0
Custom/NormalEdgeDetection,Look,AutoSave_Look,float,_DetailBias,0.5
Custom/NormalEdgeDetection,Look,AutoSave_Look,float,_DepthNear,5
Custom/NormalEdgeDetection,Look,AutoSave_Look,float,_DepthFar,50
Custom/NormalEdgeDetection,Look,AutoSave_Look,float,_ManualDetail,0.5
Custom/NormalEdgeDetection,Look,AutoSave_Look,float,_EnableOuterOutline,1
Custom/NormalEdgeDetection,Look,AutoSave_Look,float,_OuterOutlineWidth,0.005
Custom/NormalEdgeDetection,Look,AutoSave_Look,color,_OuterOutlineColor,0|0|0|1
Custom/NormalEdgeDetection,Look,AutoSave_Look,float,_UseOutlineDepthOffset,0
Custom/NormalEdgeDetection,Look,AutoSave_Look,float,_OutlineDepthBias,1
Custom/NormalEdgeDetection,Look,AutoSave_Look,float,_EnableTextureSobel,0
Custom/NormalEdgeDetection,Look,AutoSave_Look,float,_SobelFilterMode,2
Custom/NormalEdgeDetection,Look,AutoSave_Look,color,_SobelLineColor,0|0|0|1
Custom/NormalEdgeDetection,Look,AutoSave_Look,float,_SobelThreshold,0.2
Custom/NormalEdgeDetection,Look,AutoSave_Look,float,_SobelSampleDistance,0.5
Custom/NormalEdgeDetection,Look,AutoSave_Look,float,_SobelStrength,1
Custom/NormalEdgeDetection,Look,AutoSave_Look,float,_EnableNormalEdges,1
Custom/NormalEdgeDetection,Look,AutoSave_Look,float,_NormalEdgeThreshold,0.1
Custom/NormalEdgeDetection,Look,AutoSave_Look,float,_NormalEdgeStrength,1
Custom/NormalEdgeDetection,Look,AutoSave_Look,float,_NormalEdgeSmoothness,0.1
Custom/NormalEdgeDetection,Look,AutoSave_Look,float,_EnableFresnelEdge,0
Custom/NormalEdgeDetection,Look,AutoSave_Look,float,_FresnelEdgeThreshold,0.3
Custom/NormalEdgeDetection,Look,AutoSave_Look,float,_FresnelEdgeStrength,0.3
Custom/NormalEdgeDetection,Look,AutoSave_Look,color,_EdgeColor,0|0|0|1
Custom/NormalEdgeDetection,Look,AutoSave_Look,float,_EnableRim,1
Custom/NormalEdgeDetection,Look,AutoSave_Look,color,_RimColor,0.408|0.408|0.408|1
Custom/NormalEdgeDetection,Look,AutoSave_Look,float,_RimPower,3
Custom/NormalEdgeDetection,Look,AutoSave_Look,color,_AmbientColor,0.35|0.35|0.35|1
Custom/NormalEdgeDetection,Look,AutoSave_Look,float,_EnableAlphaTest,0
Custom/NormalEdgeDetection,Look,AutoSave_Look,float,_AlphaCutoff,0.07
Custom/NormalEdgeDetection,Look,normal,float,_UseDebugDefaults,0
Custom/NormalEdgeDetection,Look,normal,color,_Color,1|1|1|1
Custom/NormalEdgeDetection,Look,normal,float,_TextureIntensity,1
Custom/NormalEdgeDetection,Look,normal,float,_BumpScale,1
Custom/NormalEdgeDetection,Look,normal,float,_UseNormalMap,1
Custom/NormalEdgeDetection,Look,normal,float,_LightSensitivity,0.8
Custom/NormalEdgeDetection,Look,normal,float,_RampSmoothing,0.05
Custom/NormalEdgeDetection,Look,normal,color,_ShadowColor,0.3|0.3|0.45|1
Custom/NormalEdgeDetection,Look,normal,float,_ShadowStrength,0.7
Custom/NormalEdgeDetection,Look,normal,float,_DetailMode,0
Custom/NormalEdgeDetection,Look,normal,float,_DetailBias,0.5
Custom/NormalEdgeDetection,Look,normal,float,_DepthNear,5
Custom/NormalEdgeDetection,Look,normal,float,_DepthFar,50
Custom/NormalEdgeDetection,Look,normal,float,_ManualDetail,0.5
Custom/NormalEdgeDetection,Look,normal,float,_EnableOuterOutline,1
Custom/NormalEdgeDetection,Look,normal,float,_OuterOutlineWidth,0.005
Custom/NormalEdgeDetection,Look,normal,color,_OuterOutlineColor,0|0|0|1
Custom/NormalEdgeDetection,Look,normal,float,_UseOutlineDepthOffset,0
Custom/NormalEdgeDetection,Look,normal,float,_OutlineDepthBias,1
Custom/NormalEdgeDetection,Look,normal,float,_EnableTextureSobel,0
Custom/NormalEdgeDetection,Look,normal,float,_SobelFilterMode,2
Custom/NormalEdgeDetection,Look,normal,color,_SobelLineColor,0|0|0|1
Custom/NormalEdgeDetection,Look,normal,float,_SobelThreshold,0.2
Custom/NormalEdgeDetection,Look,normal,float,_SobelSampleDistance,0.5
Custom/NormalEdgeDetection,Look,normal,float,_SobelStrength,1
Custom/NormalEdgeDetection,Look,normal,float,_EnableNormalEdges,1
Custom/NormalEdgeDetection,Look,normal,float,_NormalEdgeThreshold,0.1
Custom/NormalEdgeDetection,Look,normal,float,_NormalEdgeStrength,1
Custom/NormalEdgeDetection,Look,normal,float,_NormalEdgeSmoothness,0.1
Custom/NormalEdgeDetection,Look,normal,float,_EnableFresnelEdge,0
Custom/NormalEdgeDetection,Look,normal,float,_FresnelEdgeThreshold,0.3
Custom/NormalEdgeDetection,Look,normal,float,_FresnelEdgeStrength,0.3
Custom/NormalEdgeDetection,Look,normal,color,_EdgeColor,0|0|0|1
Custom/NormalEdgeDetection,Look,normal,float,_EnableRim,1
Custom/NormalEdgeDetection,Look,normal,color,_RimColor,0.408|0.408|0.408|1
Custom/NormalEdgeDetection,Look,normal,float,_RimPower,3
Custom/NormalEdgeDetection,Look,normal,color,_AmbientColor,0.35|0.35|0.35|1
Custom/NormalEdgeDetection,Look,normal,float,_EnableAlphaTest,0
Custom/NormalEdgeDetection,Look,normal,float,_AlphaCutoff,0.07
Custom/NormalEdgeDetection,Hair,AutoSave_Hair,float,_UseDebugDefaults,0
Custom/NormalEdgeDetection,Hair,AutoSave_Hair,color,_Color,1|1|1|1
Custom/NormalEdgeDetection,Hair,AutoSave_Hair,float,_TextureIntensity,1
Custom/NormalEdgeDetection,Hair,AutoSave_Hair,float,_BumpScale,1
Custom/NormalEdgeDetection,Hair,AutoSave_Hair,float,_UseNormalMap,1
Custom/NormalEdgeDetection,Hair,AutoSave_Hair,float,_LightSensitivity,0.8
Custom/NormalEdgeDetection,Hair,AutoSave_Hair,float,_RampSmoothing,0.05
Custom/NormalEdgeDetection,Hair,AutoSave_Hair,color,_ShadowColor,0.3|0.3|0.45|1
Custom/NormalEdgeDetection,Hair,AutoSave_Hair,float,_ShadowStrength,0.7
Custom/NormalEdgeDetection,Hair,AutoSave_Hair,float,_DetailMode,0
Custom/NormalEdgeDetection,Hair,AutoSave_Hair,float,_DetailBias,0.5
Custom/NormalEdgeDetection,Hair,AutoSave_Hair,float,_DepthNear,5
Custom/NormalEdgeDetection,Hair,AutoSave_Hair,float,_DepthFar,50
Custom/NormalEdgeDetection,Hair,AutoSave_Hair,float,_ManualDetail,0.5
Custom/NormalEdgeDetection,Hair,AutoSave_Hair,float,_EnableOuterOutline,1
Custom/NormalEdgeDetection,Hair,AutoSave_Hair,float,_OuterOutlineWidth,0.005
Custom/NormalEdgeDetection,Hair,AutoSave_Hair,color,_OuterOutlineColor,0|0|0|1
Custom/NormalEdgeDetection,Hair,AutoSave_Hair,float,_UseOutlineDepthOffset,0
Custom/NormalEdgeDetection,Hair,AutoSave_Hair,float,_OutlineDepthBias,1
Custom/NormalEdgeDetection,Hair,AutoSave_Hair,float,_EnableTextureSobel,0
Custom/NormalEdgeDetection,Hair,AutoSave_Hair,float,_SobelFilterMode,2
Custom/NormalEdgeDetection,Hair,AutoSave_Hair,color,_SobelLineColor,0|0|0|1
Custom/NormalEdgeDetection,Hair,AutoSave_Hair,float,_SobelThreshold,0.2
Custom/NormalEdgeDetection,Hair,AutoSave_Hair,float,_SobelSampleDistance,0.5
Custom/NormalEdgeDetection,Hair,AutoSave_Hair,float,_SobelStrength,1
Custom/NormalEdgeDetection,Hair,AutoSave_Hair,float,_EnableNormalEdges,1
Custom/NormalEdgeDetection,Hair,AutoSave_Hair,float,_NormalEdgeThreshold,0.1
Custom/NormalEdgeDetection,Hair,AutoSave_Hair,float,_NormalEdgeStrength,1
Custom/NormalEdgeDetection,Hair,AutoSave_Hair,float,_NormalEdgeSmoothness,0.1
Custom/NormalEdgeDetection,Hair,AutoSave_Hair,float,_EnableFresnelEdge,0
Custom/NormalEdgeDetection,Hair,AutoSave_Hair,float,_FresnelEdgeThreshold,0.3
Custom/NormalEdgeDetection,Hair,AutoSave_Hair,float,_FresnelEdgeStrength,0.3
Custom/NormalEdgeDetection,Hair,AutoSave_Hair,color,_EdgeColor,0|0|0|1
Custom/NormalEdgeDetection,Hair,AutoSave_Hair,float,_EnableRim,1
Custom/NormalEdgeDetection,Hair,AutoSave_Hair,color,_RimColor,0.408|0.408|0.408|1
Custom/NormalEdgeDetection,Hair,AutoSave_Hair,float,_RimPower,3
Custom/NormalEdgeDetection,Hair,AutoSave_Hair,color,_AmbientColor,0.35|0.35|0.35|1
Custom/NormalEdgeDetection,Hair,AutoSave_Hair,float,_EnableAlphaTest,1
Custom/NormalEdgeDetection,Hair,AutoSave_Hair,float,_AlphaCutoff,0.1
Custom/NormalEdgeDetection,Hair,normal,float,_UseDebugDefaults,0
Custom/NormalEdgeDetection,Hair,normal,color,_Color,1|1|1|1
Custom/NormalEdgeDetection,Hair,normal,float,_TextureIntensity,1
Custom/NormalEdgeDetection,Hair,normal,float,_BumpScale,1
Custom/NormalEdgeDetection,Hair,normal,float,_UseNormalMap,1
Custom/NormalEdgeDetection,Hair,normal,float,_LightSensitivity,0.8
Custom/NormalEdgeDetection,Hair,normal,float,_RampSmoothing,0.05
Custom/NormalEdgeDetection,Hair,normal,color,_ShadowColor,0.3|0.3|0.45|1
Custom/NormalEdgeDetection,Hair,normal,float,_ShadowStrength,0.7
Custom/NormalEdgeDetection,Hair,normal,float,_DetailMode,0
Custom/NormalEdgeDetection,Hair,normal,float,_DetailBias,0.5
Custom/NormalEdgeDetection,Hair,normal,float,_DepthNear,5
Custom/NormalEdgeDetection,Hair,normal,float,_DepthFar,50
Custom/NormalEdgeDetection,Hair,normal,float,_ManualDetail,0.5
Custom/NormalEdgeDetection,Hair,normal,float,_EnableOuterOutline,1
Custom/NormalEdgeDetection,Hair,normal,float,_OuterOutlineWidth,0.005
Custom/NormalEdgeDetection,Hair,normal,color,_OuterOutlineColor,0|0|0|1
Custom/NormalEdgeDetection,Hair,normal,float,_UseOutlineDepthOffset,0
Custom/NormalEdgeDetection,Hair,normal,float,_OutlineDepthBias,1
Custom/NormalEdgeDetection,Hair,normal,float,_EnableTextureSobel,0
Custom/NormalEdgeDetection,Hair,normal,float,_SobelFilterMode,2
Custom/NormalEdgeDetection,Hair,normal,color,_SobelLineColor,0|0|0|1
Custom/NormalEdgeDetection,Hair,normal,float,_SobelThreshold,0.2
Custom/NormalEdgeDetection,Hair,normal,float,_SobelSampleDistance,0.5
Custom/NormalEdgeDetection,Hair,normal,float,_SobelStrength,1
Custom/NormalEdgeDetection,Hair,normal,float,_EnableNormalEdges,1
Custom/NormalEdgeDetection,Hair,normal,float,_NormalEdgeThreshold,0.1
Custom/NormalEdgeDetection,Hair,normal,float,_NormalEdgeStrength,1
Custom/NormalEdgeDetection,Hair,normal,float,_NormalEdgeSmoothness,0.1
Custom/NormalEdgeDetection,Hair,normal,float,_EnableFresnelEdge,0
Custom/NormalEdgeDetection,Hair,normal,float,_FresnelEdgeThreshold,0.3
Custom/NormalEdgeDetection,Hair,normal,float,_FresnelEdgeStrength,0.3
Custom/NormalEdgeDetection,Hair,normal,color,_EdgeColor,0|0|0|1
Custom/NormalEdgeDetection,Hair,normal,float,_EnableRim,1
Custom/NormalEdgeDetection,Hair,normal,color,_RimColor,0.408|0.408|0.408|1
Custom/NormalEdgeDetection,Hair,normal,float,_RimPower,3
Custom/NormalEdgeDetection,Hair,normal,color,_AmbientColor,0.35|0.35|0.35|1
Custom/NormalEdgeDetection,Hair,normal,float,_EnableAlphaTest,1
Custom/NormalEdgeDetection,Hair,normal,float,_AlphaCutoff,0.1
Custom/SobelEdgeDetection,Head,sobel V1,float,_UseDebugDefaults,0
Custom/SobelEdgeDetection,Head,sobel V1,float,_DebugView,0
Custom/SobelEdgeDetection,Head,sobel V1,color,_Color,1|1|1|1
Custom/SobelEdgeDetection,Head,sobel V1,float,_TextureIntensity,1
Custom/SobelEdgeDetection,Head,sobel V1,float,_BumpScale,1
Custom/SobelEdgeDetection,Head,sobel V1,float,_LightSensitivity,0.8
Custom/SobelEdgeDetection,Head,sobel V1,float,_RampSmoothing,0.05
Custom/SobelEdgeDetection,Head,sobel V1,color,_ShadowColor,0.3|0.3|0.45|1
Custom/SobelEdgeDetection,Head,sobel V1,float,_ShadowStrength,0.5
Custom/SobelEdgeDetection,Head,sobel V1,float,_DetailMode,0
Custom/SobelEdgeDetection,Head,sobel V1,float,_DetailBias,0
Custom/SobelEdgeDetection,Head,sobel V1,float,_DepthNear,5
Custom/SobelEdgeDetection,Head,sobel V1,float,_DepthFar,50
Custom/SobelEdgeDetection,Head,sobel V1,float,_ManualDetail,0.5
Custom/SobelEdgeDetection,Head,sobel V1,float,_EnableOuterOutline,1
Custom/SobelEdgeDetection,Head,sobel V1,float,_OuterOutlineWidth,0.005
Custom/SobelEdgeDetection,Head,sobel V1,color,_OuterOutlineColor,0|0|0|1
Custom/SobelEdgeDetection,Head,sobel V1,float,_UseOutlineDepthOffset,0
Custom/SobelEdgeDetection,Head,sobel V1,float,_OutlineDepthBias,1
Custom/SobelEdgeDetection,Head,sobel V1,float,_EnableInnerLines,1
Custom/SobelEdgeDetection,Head,sobel V1,color,_InnerLineColor,0|0|0|1
Custom/SobelEdgeDetection,Head,sobel V1,float,_InnerLineThreshold,0.2
Custom/SobelEdgeDetection,Head,sobel V1,float,_InnerLineBlur,0.5
Custom/SobelEdgeDetection,Head,sobel V1,float,_InnerLineStrength,1
Custom/SobelEdgeDetection,Head,sobel V1,float,_EnableRim,1
Custom/SobelEdgeDetection,Head,sobel V1,color,_RimColor,0.408|0.408|0.408|1
Custom/SobelEdgeDetection,Head,sobel V1,float,_RimPower,4
Custom/SobelEdgeDetection,Head,sobel V1,color,_AmbientColor,0.35|0.35|0.35|1
Custom/SobelEdgeDetection,Head,sobel V1,float,_EnableAlphaTest,0
Custom/SobelEdgeDetection,Head,sobel V1,float,_AlphaCutoff,0.1
Custom/SobelEdgeDetection,Hair,sobel V1,float,_UseDebugDefaults,0
Custom/SobelEdgeDetection,Hair,sobel V1,float,_DebugView,0
Custom/SobelEdgeDetection,Hair,sobel V1,color,_Color,1|1|1|1
Custom/SobelEdgeDetection,Hair,sobel V1,float,_TextureIntensity,1
Custom/SobelEdgeDetection,Hair,sobel V1,float,_BumpScale,1
Custom/SobelEdgeDetection,Hair,sobel V1,float,_LightSensitivity,0.8
Custom/SobelEdgeDetection,Hair,sobel V1,float,_RampSmoothing,0.05
Custom/SobelEdgeDetection,Hair,sobel V1,color,_ShadowColor,0.3|0.3|0.45|1
Custom/SobelEdgeDetection,Hair,sobel V1,float,_ShadowStrength,0.5
Custom/SobelEdgeDetection,Hair,sobel V1,float,_DetailMode,0
Custom/SobelEdgeDetection,Hair,sobel V1,float,_DetailBias,0
Custom/SobelEdgeDetection,Hair,sobel V1,float,_DepthNear,5
Custom/SobelEdgeDetection,Hair,sobel V1,float,_DepthFar,50
Custom/SobelEdgeDetection,Hair,sobel V1,float,_ManualDetail,0.5
Custom/SobelEdgeDetection,Hair,sobel V1,float,_EnableOuterOutline,1
Custom/SobelEdgeDetection,Hair,sobel V1,float,_OuterOutlineWidth,0.005
Custom/SobelEdgeDetection,Hair,sobel V1,color,_OuterOutlineColor,0|0|0|1
Custom/SobelEdgeDetection,Hair,sobel V1,float,_UseOutlineDepthOffset,0
Custom/SobelEdgeDetection,Hair,sobel V1,float,_OutlineDepthBias,1
Custom/SobelEdgeDetection,Hair,sobel V1,float,_EnableInnerLines,1
Custom/SobelEdgeDetection,Hair,sobel V1,color,_InnerLineColor,0|0|0|1
Custom/SobelEdgeDetection,Hair,sobel V1,float,_InnerLineThreshold,0.2
Custom/SobelEdgeDetection,Hair,sobel V1,float,_InnerLineBlur,0.5
Custom/SobelEdgeDetection,Hair,sobel V1,float,_InnerLineStrength,1
Custom/SobelEdgeDetection,Hair,sobel V1,float,_EnableRim,1
Custom/SobelEdgeDetection,Hair,sobel V1,color,_RimColor,0.408|0.408|0.408|1
Custom/SobelEdgeDetection,Hair,sobel V1,float,_RimPower,4
Custom/SobelEdgeDetection,Hair,sobel V1,color,_AmbientColor,0.35|0.35|0.35|1
Custom/SobelEdgeDetection,Hair,sobel V1,float,_EnableAlphaTest,1
Custom/SobelEdgeDetection,Hair,sobel V1,float,_AlphaCutoff,0.1
Custom/SobelEdgeDetection,Head,sobel v2,float,_UseDebugDefaults,0
Custom/SobelEdgeDetection,Head,sobel v2,float,_DebugView,0
Custom/SobelEdgeDetection,Head,sobel v2,color,_Color,1|1|1|1
Custom/SobelEdgeDetection,Head,sobel v2,float,_TextureIntensity,1
Custom/SobelEdgeDetection,Head,sobel v2,float,_BumpScale,1
Custom/SobelEdgeDetection,Head,sobel v2,float,_LightSensitivity,0.8
Custom/SobelEdgeDetection,Head,sobel v2,float,_RampSmoothing,0.05
Custom/SobelEdgeDetection,Head,sobel v2,color,_ShadowColor,0.3|0.3|0.45|1
Custom/SobelEdgeDetection,Head,sobel v2,float,_ShadowStrength,0.5
Custom/SobelEdgeDetection,Head,sobel v2,float,_DetailMode,0
Custom/SobelEdgeDetection,Head,sobel v2,float,_DetailBias,0
Custom/SobelEdgeDetection,Head,sobel v2,float,_DepthNear,5
Custom/SobelEdgeDetection,Head,sobel v2,float,_DepthFar,50
Custom/SobelEdgeDetection,Head,sobel v2,float,_ManualDetail,0.5
Custom/SobelEdgeDetection,Head,sobel v2,float,_EnableOuterOutline,1
Custom/SobelEdgeDetection,Head,sobel v2,float,_OuterOutlineWidth,0.005
Custom/SobelEdgeDetection,Head,sobel v2,color,_OuterOutlineColor,0|0|0|1
Custom/SobelEdgeDetection,Head,sobel v2,float,_UseOutlineDepthOffset,0
Custom/SobelEdgeDetection,Head,sobel v2,float,_OutlineDepthBias,1
Custom/SobelEdgeDetection,Head,sobel v2,float,_EnableInnerLines,1
Custom/SobelEdgeDetection,Head,sobel v2,color,_InnerLineColor,0|0|0|1
Custom/SobelEdgeDetection,Head,sobel v2,float,_InnerLineThreshold,0.1
Custom/SobelEdgeDetection,Head,sobel v2,float,_InnerLineBlur,0.5
Custom/SobelEdgeDetection,Head,sobel v2,float,_InnerLineStrength,1
Custom/SobelEdgeDetection,Head,sobel v2,float,_EnableRim,1
Custom/SobelEdgeDetection,Head,sobel v2,color,_RimColor,0.408|0.408|0.408|1
Custom/SobelEdgeDetection,Head,sobel v2,float,_RimPower,4
Custom/SobelEdgeDetection,Head,sobel v2,color,_AmbientColor,0.35|0.35|0.35|1
Custom/SobelEdgeDetection,Head,sobel v2,float,_EnableAlphaTest,0
Custom/SobelEdgeDetection,Head,sobel v2,float,_AlphaCutoff,0.1
Custom/SobelEdgeDetection,Hair,sobel v2,float,_UseDebugDefaults,0
Custom/SobelEdgeDetection,Hair,sobel v2,float,_DebugView,0
Custom/SobelEdgeDetection,Hair,sobel v2,color,_Color,1|1|1|1
Custom/SobelEdgeDetection,Hair,sobel v2,float,_TextureIntensity,1
Custom/SobelEdgeDetection,Hair,sobel v2,float,_BumpScale,1
Custom/SobelEdgeDetection,Hair,sobel v2,float,_LightSensitivity,0.8
Custom/SobelEdgeDetection,Hair,sobel v2,float,_RampSmoothing,0.05
Custom/SobelEdgeDetection,Hair,sobel v2,color,_ShadowColor,0.3|0.3|0.45|1
Custom/SobelEdgeDetection,Hair,sobel v2,float,_ShadowStrength,0.5
Custom/SobelEdgeDetection,Hair,sobel v2,float,_DetailMode,0
Custom/SobelEdgeDetection,Hair,sobel v2,float,_DetailBias,0
Custom/SobelEdgeDetection,Hair,sobel v2,float,_DepthNear,5
Custom/SobelEdgeDetection,Hair,sobel v2,float,_DepthFar,50
Custom/SobelEdgeDetection,Hair,sobel v2,float,_ManualDetail,0.5
Custom/SobelEdgeDetection,Hair,sobel v2,float,_EnableOuterOutline,1
Custom/SobelEdgeDetection,Hair,sobel v2,float,_OuterOutlineWidth,0.005
Custom/SobelEdgeDetection,Hair,sobel v2,color,_OuterOutlineColor,0|0|0|1
Custom/SobelEdgeDetection,Hair,sobel v2,float,_UseOutlineDepthOffset,0
Custom/SobelEdgeDetection,Hair,sobel v2,float,_OutlineDepthBias,1
Custom/SobelEdgeDetection,Hair,sobel v2,float,_EnableInnerLines,1
Custom/SobelEdgeDetection,Hair,sobel v2,color,_InnerLineColor,0|0|0|1
Custom/SobelEdgeDetection,Hair,sobel v2,float,_InnerLineThreshold,0.1
Custom/SobelEdgeDetection,Hair,sobel v2,float,_InnerLineBlur,0.5
Custom/SobelEdgeDetection,Hair,sobel v2,float,_InnerLineStrength,1
Custom/SobelEdgeDetection,Hair,sobel v2,float,_EnableRim,1
Custom/SobelEdgeDetection,Hair,sobel v2,color,_RimColor,0.408|0.408|0.408|1
Custom/SobelEdgeDetection,Hair,sobel v2,float,_RimPower,4
Custom/SobelEdgeDetection,Hair,sobel v2,color,_AmbientColor,0.35|0.35|0.35|1
Custom/SobelEdgeDetection,Hair,sobel v2,float,_EnableAlphaTest,1
Custom/SobelEdgeDetection,Hair,sobel v2,float,_AlphaCutoff,0.1
Custom/SobelEdgeDetection,Look,AutoSave_Look,float,_UseDebugDefaults,0
Custom/SobelEdgeDetection,Look,AutoSave_Look,float,_DebugView,0
Custom/SobelEdgeDetection,Look,AutoSave_Look,color,_Color,1|1|1|1
Custom/SobelEdgeDetection,Look,AutoSave_Look,float,_TextureIntensity,1
Custom/SobelEdgeDetection,Look,AutoSave_Look,float,_BumpScale,1
Custom/SobelEdgeDetection,Look,AutoSave_Look,float,_LightSensitivity,0.8
Custom/SobelEdgeDetection,Look,AutoSave_Look,float,_RampSmoothing,0.05
Custom/SobelEdgeDetection,Look,AutoSave_Look,color,_ShadowColor,0.3|0.3|0.45|1
Custom/SobelEdgeDetection,Look,AutoSave_Look,float,_ShadowStrength,0.5
Custom/SobelEdgeDetection,Look,AutoSave_Look,float,_DetailMode,0
Custom/SobelEdgeDetection,Look,AutoSave_Look,float,_DetailBias,0
Custom/SobelEdgeDetection,Look,AutoSave_Look,float,_DepthNear,5
Custom/SobelEdgeDetection,Look,AutoSave_Look,float,_DepthFar,50
Custom/SobelEdgeDetection,Look,AutoSave_Look,float,_ManualDetail,0.5
Custom/SobelEdgeDetection,Look,AutoSave_Look,float,_EnableOuterOutline,1
Custom/SobelEdgeDetection,Look,AutoSave_Look,float,_OuterOutlineWidth,0.005
Custom/SobelEdgeDetection,Look,AutoSave_Look,color,_OuterOutlineColor,0|0|0|1
Custom/SobelEdgeDetection,Look,AutoSave_Look,float,_UseOutlineDepthOffset,0
Custom/SobelEdgeDetection,Look,AutoSave_Look,float,_OutlineDepthBias,1
Custom/SobelEdgeDetection,Look,AutoSave_Look,float,_EnableInnerLines,1
Custom/SobelEdgeDetection,Look,AutoSave_Look,color,_InnerLineColor,0|0|0|1
Custom/SobelEdgeDetection,Look,AutoSave_Look,float,_InnerLineThreshold,0.1
Custom/SobelEdgeDetection,Look,AutoSave_Look,float,_InnerLineBlur,0.5
Custom/SobelEdgeDetection,Look,AutoSave_Look,float,_InnerLineStrength,1
Custom/SobelEdgeDetection,Look,AutoSave_Look,float,_EnableRim,1
Custom/SobelEdgeDetection,Look,AutoSave_Look,color,_RimColor,0.408|0.408|0.408|1
Custom/SobelEdgeDetection,Look,AutoSave_Look,float,_RimPower,4
Custom/SobelEdgeDetection,Look,AutoSave_Look,color,_AmbientColor,0.35|0.35|0.35|1
Custom/SobelEdgeDetection,Look,AutoSave_Look,float,_EnableAlphaTest,1
Custom/SobelEdgeDetection,Look,AutoSave_Look,float,_AlphaCutoff,0.1
Custom/SobelEdgeDetection,Look,sobel v2,float,_UseDebugDefaults,0
Custom/SobelEdgeDetection,Look,sobel v2,float,_DebugView,0
Custom/SobelEdgeDetection,Look,sobel v2,color,_Color,1|1|1|1
Custom/SobelEdgeDetection,Look,sobel v2,float,_TextureIntensity,1
Custom/SobelEdgeDetection,Look,sobel v2,float,_BumpScale,1
Custom/SobelEdgeDetection,Look,sobel v2,float,_LightSensitivity,0.8
Custom/SobelEdgeDetection,Look,sobel v2,float,_RampSmoothing,0.05
Custom/SobelEdgeDetection,Look,sobel v2,color,_ShadowColor,0.3|0.3|0.45|1
Custom/SobelEdgeDetection,Look,sobel v2,float,_ShadowStrength,0.5
Custom/SobelEdgeDetection,Look,sobel v2,float,_DetailMode,0
Custom/SobelEdgeDetection,Look,sobel v2,float,_DetailBias,0
Custom/SobelEdgeDetection,Look,sobel v2,float,_DepthNear,5
Custom/SobelEdgeDetection,Look,sobel v2,float,_DepthFar,50
Custom/SobelEdgeDetection,Look,sobel v2,float,_ManualDetail,0.5
Custom/SobelEdgeDetection,Look,sobel v2,float,_EnableOuterOutline,1
Custom/SobelEdgeDetection,Look,sobel v2,float,_OuterOutlineWidth,0.005
Custom/SobelEdgeDetection,Look,sobel v2,color,_OuterOutlineColor,0|0|0|1
Custom/SobelEdgeDetection,Look,sobel v2,float,_UseOutlineDepthOffset,0
Custom/SobelEdgeDetection,Look,sobel v2,float,_OutlineDepthBias,1
Custom/SobelEdgeDetection,Look,sobel v2,float,_EnableInnerLines,1
Custom/SobelEdgeDetection,Look,sobel v2,color,_InnerLineColor,0|0|0|1
Custom/SobelEdgeDetection,Look,sobel v2,float,_InnerLineThreshold,0.1
Custom/SobelEdgeDetection,Look,sobel v2,float,_InnerLineBlur,0.5
Custom/SobelEdgeDetection,Look,sobel v2,float,_InnerLineStrength,1
Custom/SobelEdgeDetection,Look,sobel v2,float,_EnableRim,1
Custom/SobelEdgeDetection,Look,sobel v2,color,_RimColor,0.408|0.408|0.408|1
Custom/SobelEdgeDetection,Look,sobel v2,float,_RimPower,4
Custom/SobelEdgeDetection,Look,sobel v2,color,_AmbientColor,0.35|0.35|0.35|1
Custom/SobelEdgeDetection,Look,sobel v2,float,_EnableAlphaTest,1
Custom/SobelEdgeDetection,Look,sobel v2,float,_AlphaCutoff,0.1
Custom/SobelEdgeDetection,Head,sobel v3,float,_UseDebugDefaults,0
Custom/SobelEdgeDetection,Head,sobel v3,float,_DebugView,0
Custom/SobelEdgeDetection,Head,sobel v3,color,_Color,1|1|1|1
Custom/SobelEdgeDetection,Head,sobel v3,float,_TextureIntensity,1
Custom/SobelEdgeDetection,Head,sobel v3,float,_BumpScale,1
Custom/SobelEdgeDetection,Head,sobel v3,float,_LightSensitivity,0.8
Custom/SobelEdgeDetection,Head,sobel v3,float,_RampSmoothing,0.05
Custom/SobelEdgeDetection,Head,sobel v3,color,_ShadowColor,0.3|0.3|0.45|1
Custom/SobelEdgeDetection,Head,sobel v3,float,_ShadowStrength,0.5
Custom/SobelEdgeDetection,Head,sobel v3,float,_DetailMode,0
Custom/SobelEdgeDetection,Head,sobel v3,float,_DetailBias,0
Custom/SobelEdgeDetection,Head,sobel v3,float,_DepthNear,5
Custom/SobelEdgeDetection,Head,sobel v3,float,_DepthFar,50
Custom/SobelEdgeDetection,Head,sobel v3,float,_ManualDetail,0.5
Custom/SobelEdgeDetection,Head,sobel v3,float,_EnableOuterOutline,1
Custom/SobelEdgeDetection,Head,sobel v3,float,_OuterOutlineWidth,0.005
Custom/SobelEdgeDetection,Head,sobel v3,color,_OuterOutlineColor,0|0|0|1
Custom/SobelEdgeDetection,Head,sobel v3,float,_UseOutlineDepthOffset,0
Custom/SobelEdgeDetection,Head,sobel v3,float,_OutlineDepthBias,1
Custom/SobelEdgeDetection,Head,sobel v3,float,_EnableInnerLines,1
Custom/SobelEdgeDetection,Head,sobel v3,color,_InnerLineColor,0|0|0|1
Custom/SobelEdgeDetection,Head,sobel v3,float,_InnerLineThreshold,0.3
Custom/SobelEdgeDetection,Head,sobel v3,float,_InnerLineBlur,0.5
Custom/SobelEdgeDetection,Head,sobel v3,float,_InnerLineStrength,1
Custom/SobelEdgeDetection,Head,sobel v3,float,_EnableRim,1
Custom/SobelEdgeDetection,Head,sobel v3,color,_RimColor,0.408|0.408|0.408|1
Custom/SobelEdgeDetection,Head,sobel v3,float,_RimPower,4
Custom/SobelEdgeDetection,Head,sobel v3,color,_AmbientColor,0.35|0.35|0.35|1
Custom/SobelEdgeDetection,Head,sobel v3,float,_EnableAlphaTest,1
Custom/SobelEdgeDetection,Head,sobel v3,float,_AlphaCutoff,0.1
Custom/SobelEdgeDetection,Hair,sobel v3,float,_UseDebugDefaults,0
Custom/SobelEdgeDetection,Hair,sobel v3,float,_DebugView,0
Custom/SobelEdgeDetection,Hair,sobel v3,color,_Color,1|1|1|1
Custom/SobelEdgeDetection,Hair,sobel v3,float,_TextureIntensity,1
Custom/SobelEdgeDetection,Hair,sobel v3,float,_BumpScale,1
Custom/SobelEdgeDetection,Hair,sobel v3,float,_LightSensitivity,0.8
Custom/SobelEdgeDetection,Hair,sobel v3,float,_RampSmoothing,0.05
Custom/SobelEdgeDetection,Hair,sobel v3,color,_ShadowColor,0.3|0.3|0.45|1
Custom/SobelEdgeDetection,Hair,sobel v3,float,_ShadowStrength,0.5
Custom/SobelEdgeDetection,Hair,sobel v3,float,_DetailMode,0
Custom/SobelEdgeDetection,Hair,sobel v3,float,_DetailBias,0
Custom/SobelEdgeDetection,Hair,sobel v3,float,_DepthNear,5
Custom/SobelEdgeDetection,Hair,sobel v3,float,_DepthFar,50
Custom/SobelEdgeDetection,Hair,sobel v3,float,_ManualDetail,0.5
Custom/SobelEdgeDetection,Hair,sobel v3,float,_EnableOuterOutline,1
Custom/SobelEdgeDetection,Hair,sobel v3,float,_OuterOutlineWidth,0.005
Custom/SobelEdgeDetection,Hair,sobel v3,color,_OuterOutlineColor,0|0|0|1
Custom/SobelEdgeDetection,Hair,sobel v3,float,_UseOutlineDepthOffset,0
Custom/SobelEdgeDetection,Hair,sobel v3,float,_OutlineDepthBias,1
Custom/SobelEdgeDetection,Hair,sobel v3,float,_EnableInnerLines,1
Custom/SobelEdgeDetection,Hair,sobel v3,color,_InnerLineColor,0|0|0|1
Custom/SobelEdgeDetection,Hair,sobel v3,float,_InnerLineThreshold,0.3
Custom/SobelEdgeDetection,Hair,sobel v3,float,_InnerLineBlur,0.5
Custom/SobelEdgeDetection,Hair,sobel v3,float,_InnerLineStrength,1
Custom/SobelEdgeDetection,Hair,sobel v3,float,_EnableRim,1
Custom/SobelEdgeDetection,Hair,sobel v3,color,_RimColor,0.408|0.408|0.408|1
Custom/SobelEdgeDetection,Hair,sobel v3,float,_RimPower,4
Custom/SobelEdgeDetection,Hair,sobel v3,color,_AmbientColor,0.35|0.35|0.35|1
Custom/SobelEdgeDetection,Hair,sobel v3,float,_EnableAlphaTest,1
Custom/SobelEdgeDetection,Hair,sobel v3,float,_AlphaCutoff,0.1
Custom/SobelEdgeDetection,Head,AutoSave_Head,float,_UseDebugDefaults,0
Custom/SobelEdgeDetection,Head,AutoSave_Head,float,_DebugView,0
Custom/SobelEdgeDetection,Head,AutoSave_Head,color,_Color,1|1|1|1
Custom/SobelEdgeDetection,Head,AutoSave_Head,float,_TextureIntensity,1
Custom/SobelEdgeDetection,Head,AutoSave_Head,float,_BumpScale,1
Custom/SobelEdgeDetection,Head,AutoSave_Head,float,_LightSensitivity,0.8
Custom/SobelEdgeDetection,Head,AutoSave_Head,float,_RampSmoothing,0.05
Custom/SobelEdgeDetection,Head,AutoSave_Head,color,_ShadowColor,0.3|0.3|0.45|1
Custom/SobelEdgeDetection,Head,AutoSave_Head,float,_ShadowStrength,0.5
Custom/SobelEdgeDetection,Head,AutoSave_Head,float,_DetailMode,0
Custom/SobelEdgeDetection,Head,AutoSave_Head,float,_DetailBias,0
Custom/SobelEdgeDetection,Head,AutoSave_Head,float,_DepthNear,5
Custom/SobelEdgeDetection,Head,AutoSave_Head,float,_DepthFar,50
Custom/SobelEdgeDetection,Head,AutoSave_Head,float,_ManualDetail,0.5
Custom/SobelEdgeDetection,Head,AutoSave_Head,float,_EnableOuterOutline,1
Custom/SobelEdgeDetection,Head,AutoSave_Head,float,_OuterOutlineWidth,0.005
Custom/SobelEdgeDetection,Head,AutoSave_Head,color,_OuterOutlineColor,0|0|0|1
Custom/SobelEdgeDetection,Head,AutoSave_Head,float,_UseOutlineDepthOffset,0
Custom/SobelEdgeDetection,Head,AutoSave_Head,float,_OutlineDepthBias,1
Custom/SobelEdgeDetection,Head,AutoSave_Head,float,_EnableInnerLines,1
Custom/SobelEdgeDetection,Head,AutoSave_Head,color,_InnerLineColor,0|0|0|1
Custom/SobelEdgeDetection,Head,AutoSave_Head,float,_InnerLineThreshold,0.3
Custom/SobelEdgeDetection,Head,AutoSave_Head,float,_InnerLineBlur,0.5
Custom/SobelEdgeDetection,Head,AutoSave_Head,float,_InnerLineStrength,1
Custom/SobelEdgeDetection,Head,AutoSave_Head,float,_EnableRim,1
Custom/SobelEdgeDetection,Head,AutoSave_Head,color,_RimColor,0.408|0.408|0.408|1
Custom/SobelEdgeDetection,Head,AutoSave_Head,float,_RimPower,4
Custom/SobelEdgeDetection,Head,AutoSave_Head,color,_AmbientColor,0.35|0.35|0.35|1
Custom/SobelEdgeDetection,Head,AutoSave_Head,float,_EnableAlphaTest,1
Custom/SobelEdgeDetection,Head,AutoSave_Head,float,_AlphaCutoff,0.1
Custom/SobelEdgeDetection,Head,kuw_sob,float,_UseDebugDefaults,0
Custom/SobelEdgeDetection,Head,kuw_sob,float,_DebugView,0
Custom/SobelEdgeDetection,Head,kuw_sob,color,_Color,1|1|1|1
Custom/SobelEdgeDetection,Head,kuw_sob,float,_TextureIntensity,1
Custom/SobelEdgeDetection,Head,kuw_sob,float,_BumpScale,1
Custom/SobelEdgeDetection,Head,kuw_sob,float,_LightSensitivity,0.8
Custom/SobelEdgeDetection,Head,kuw_sob,float,_RampSmoothing,0.05
Custom/SobelEdgeDetection,Head,kuw_sob,color,_ShadowColor,0.3|0.3|0.45|1
Custom/SobelEdgeDetection,Head,kuw_sob,float,_ShadowStrength,0.5
Custom/SobelEdgeDetection,Head,kuw_sob,float,_DetailMode,0
Custom/SobelEdgeDetection,Head,kuw_sob,float,_DetailBias,0
Custom/SobelEdgeDetection,Head,kuw_sob,float,_DepthNear,5
Custom/SobelEdgeDetection,Head,kuw_sob,float,_DepthFar,50
Custom/SobelEdgeDetection,Head,kuw_sob,float,_ManualDetail,0.5
Custom/SobelEdgeDetection,Head,kuw_sob,float,_EnableOuterOutline,1
Custom/SobelEdgeDetection,Head,kuw_sob,float,_OuterOutlineWidth,0.005
Custom/SobelEdgeDetection,Head,kuw_sob,color,_OuterOutlineColor,0|0|0|1
Custom/SobelEdgeDetection,Head,kuw_sob,float,_UseOutlineDepthOffset,0
Custom/SobelEdgeDetection,Head,kuw_sob,float,_OutlineDepthBias,1
Custom/SobelEdgeDetection,Head,kuw_sob,float,_EnableInnerLines,1
Custom/SobelEdgeDetection,Head,kuw_sob,color,_InnerLineColor,0|0|0|1
Custom/SobelEdgeDetection,Head,kuw_sob,float,_InnerLineThreshold,0.3
Custom/SobelEdgeDetection,Head,kuw_sob,float,_InnerLineBlur,0.5
Custom/SobelEdgeDetection,Head,kuw_sob,float,_InnerLineStrength,1
Custom/SobelEdgeDetection,Head,kuw_sob,float,_EnableRim,1
Custom/SobelEdgeDetection,Head,kuw_sob,color,_RimColor,0.408|0.408|0.408|1
Custom/SobelEdgeDetection,Head,kuw_sob,float,_RimPower,4
Custom/SobelEdgeDetection,Head,kuw_sob,color,_AmbientColor,0.35|0.35|0.35|1
Custom/SobelEdgeDetection,Head,kuw_sob,float,_EnableAlphaTest,1
Custom/SobelEdgeDetection,Head,kuw_sob,float,_AlphaCutoff,0.1
Custom/SobelEdgeDetection,Body,AutoSave_Body,float,_UseDebugDefaults,0
Custom/SobelEdgeDetection,Body,AutoSave_Body,float,_DebugView,0
Custom/SobelEdgeDetection,Body,AutoSave_Body,color,_Color,1|1|1|1
Custom/SobelEdgeDetection,Body,AutoSave_Body,float,_TextureIntensity,1
Custom/SobelEdgeDetection,Body,AutoSave_Body,float,_BumpScale,1
Custom/SobelEdgeDetection,Body,AutoSave_Body,float,_LightSensitivity,0.613
Custom/SobelEdgeDetection,Body,AutoSave_Body,float,_RampSmoothing,0.05
Custom/SobelEdgeDetection,Body,AutoSave_Body,color,_ShadowColor,0.3|0.3|0.45|1
Custom/SobelEdgeDetection,Body,AutoSave_Body,float,_ShadowStrength,0.5
Custom/SobelEdgeDetection,Body,AutoSave_Body,float,_DetailMode,0
Custom/SobelEdgeDetection,Body,AutoSave_Body,float,_DetailBias,0
Custom/SobelEdgeDetection,Body,AutoSave_Body,float,_DepthNear,5
Custom/SobelEdgeDetection,Body,AutoSave_Body,float,_DepthFar,50
Custom/SobelEdgeDetection,Body,AutoSave_Body,float,_ManualDetail,0
Custom/SobelEdgeDetection,Body,AutoSave_Body,float,_EnableOuterOutline,1
Custom/SobelEdgeDetection,Body,AutoSave_Body,float,_OuterOutlineWidth,0.005
Custom/SobelEdgeDetection,Body,AutoSave_Body,color,_OuterOutlineColor,0|0|0|1
Custom/SobelEdgeDetection,Body,AutoSave_Body,float,_UseOutlineDepthOffset,1
Custom/SobelEdgeDetection,Body,AutoSave_Body,float,_OutlineDepthBias,1
Custom/SobelEdgeDetection,Body,AutoSave_Body,float,_EnableInnerLines,1
Custom/SobelEdgeDetection,Body,AutoSave_Body,color,_InnerLineColor,0|0|0|1
Custom/SobelEdgeDetection,Body,AutoSave_Body,float,_InnerLineThreshold,0.2
Custom/SobelEdgeDetection,Body,AutoSave_Body,float,_InnerLineBlur,0.5
Custom/SobelEdgeDetection,Body,AutoSave_Body,float,_InnerLineStrength,1
Custom/SobelEdgeDetection,Body,AutoSave_Body,float,_EnableRim,1
Custom/SobelEdgeDetection,Body,AutoSave_Body,color,_RimColor,0.408|0.408|0.408|1
Custom/SobelEdgeDetection,Body,AutoSave_Body,float,_RimPower,4
Custom/SobelEdgeDetection,Body,AutoSave_Body,color,_AmbientColor,0.3|0.3|0.3|1
Custom/SobelEdgeDetection,Body,AutoSave_Body,float,_EnableAlphaTest,0
Custom/SobelEdgeDetection,Body,AutoSave_Body,float,_AlphaCutoff,0.1
Custom/SobelEdgeDetection,Hair,AutoSave_Hair,float,_UseDebugDefaults,0
Custom/SobelEdgeDetection,Hair,AutoSave_Hair,float,_DebugView,0
Custom/SobelEdgeDetection,Hair,AutoSave_Hair,color,_Color,1|1|1|1
Custom/SobelEdgeDetection,Hair,AutoSave_Hair,float,_TextureIntensity,1
Custom/SobelEdgeDetection,Hair,AutoSave_Hair,float,_BumpScale,1
Custom/SobelEdgeDetection,Hair,AutoSave_Hair,float,_LightSensitivity,0.613
Custom/SobelEdgeDetection,Hair,AutoSave_Hair,float,_RampSmoothing,0.05
Custom/SobelEdgeDetection,Hair,AutoSave_Hair,color,_ShadowColor,0.3|0.3|0.45|1
Custom/SobelEdgeDetection,Hair,AutoSave_Hair,float,_ShadowStrength,0.5
Custom/SobelEdgeDetection,Hair,AutoSave_Hair,float,_DetailMode,0
Custom/SobelEdgeDetection,Hair,AutoSave_Hair,float,_DetailBias,0
Custom/SobelEdgeDetection,Hair,AutoSave_Hair,float,_DepthNear,5
Custom/SobelEdgeDetection,Hair,AutoSave_Hair,float,_DepthFar,50
Custom/SobelEdgeDetection,Hair,AutoSave_Hair,float,_ManualDetail,0
Custom/SobelEdgeDetection,Hair,AutoSave_Hair,float,_EnableOuterOutline,1
Custom/SobelEdgeDetection,Hair,AutoSave_Hair,float,_OuterOutlineWidth,0.005
Custom/SobelEdgeDetection,Hair,AutoSave_Hair,color,_OuterOutlineColor,0|0|0|1
Custom/SobelEdgeDetection,Hair,AutoSave_Hair,float,_UseOutlineDepthOffset,1
Custom/SobelEdgeDetection,Hair,AutoSave_Hair,float,_OutlineDepthBias,1
Custom/SobelEdgeDetection,Hair,AutoSave_Hair,float,_EnableInnerLines,1
Custom/SobelEdgeDetection,Hair,AutoSave_Hair,color,_InnerLineColor,0|0|0|1
Custom/SobelEdgeDetection,Hair,AutoSave_Hair,float,_InnerLineThreshold,0.2
Custom/SobelEdgeDetection,Hair,AutoSave_Hair,float,_InnerLineBlur,0.5
Custom/SobelEdgeDetection,Hair,AutoSave_Hair,float,_InnerLineStrength,1
Custom/SobelEdgeDetection,Hair,AutoSave_Hair,float,_EnableRim,1
Custom/SobelEdgeDetection,Hair,AutoSave_Hair,color,_RimColor,0.408|0.408|0.408|1
Custom/SobelEdgeDetection,Hair,AutoSave_Hair,float,_RimPower,4
Custom/SobelEdgeDetection,Hair,AutoSave_Hair,color,_AmbientColor,0.3|0.3|0.3|1
Custom/SobelEdgeDetection,Hair,AutoSave_Hair,float,_EnableAlphaTest,1
Custom/SobelEdgeDetection,Hair,AutoSave_Hair,float,_AlphaCutoff,0.1
Custom/SobelEdgeDetection,Hair,kuw sobel,float,_UseDebugDefaults,0
Custom/SobelEdgeDetection,Hair,kuw sobel,float,_DebugView,0
Custom/SobelEdgeDetection,Hair,kuw sobel,color,_Color,1|1|1|1
Custom/SobelEdgeDetection,Hair,kuw sobel,float,_TextureIntensity,1
Custom/SobelEdgeDetection,Hair,kuw sobel,float,_BumpScale,1
Custom/SobelEdgeDetection,Hair,kuw sobel,float,_LightSensitivity,0.613
Custom/SobelEdgeDetection,Hair,kuw sobel,float,_RampSmoothing,0.05
Custom/SobelEdgeDetection,Hair,kuw sobel,color,_ShadowColor,0.3|0.3|0.45|1
Custom/SobelEdgeDetection,Hair,kuw sobel,float,_ShadowStrength,0.5
Custom/SobelEdgeDetection,Hair,kuw sobel,float,_DetailMode,0
Custom/SobelEdgeDetection,Hair,kuw sobel,float,_DetailBias,0
Custom/SobelEdgeDetection,Hair,kuw sobel,float,_DepthNear,5
Custom/SobelEdgeDetection,Hair,kuw sobel,float,_DepthFar,50
Custom/SobelEdgeDetection,Hair,kuw sobel,float,_ManualDetail,0
Custom/SobelEdgeDetection,Hair,kuw sobel,float,_EnableOuterOutline,1
Custom/SobelEdgeDetection,Hair,kuw sobel,float,_OuterOutlineWidth,0.005
Custom/SobelEdgeDetection,Hair,kuw sobel,color,_OuterOutlineColor,0|0|0|1
Custom/SobelEdgeDetection,Hair,kuw sobel,float,_UseOutlineDepthOffset,1
Custom/SobelEdgeDetection,Hair,kuw sobel,float,_OutlineDepthBias,1
Custom/SobelEdgeDetection,Hair,kuw sobel,float,_EnableInnerLines,1
Custom/SobelEdgeDetection,Hair,kuw sobel,color,_InnerLineColor,0|0|0|1
Custom/SobelEdgeDetection,Hair,kuw sobel,float,_InnerLineThreshold,0.2
Custom/SobelEdgeDetection,Hair,kuw sobel,float,_InnerLineBlur,0.5
Custom/SobelEdgeDetection,Hair,kuw sobel,float,_InnerLineStrength,1
Custom/SobelEdgeDetection,Hair,kuw sobel,float,_EnableRim,1
Custom/SobelEdgeDetection,Hair,kuw sobel,color,_RimColor,0.408|0.408|0.408|1
Custom/SobelEdgeDetection,Hair,kuw sobel,float,_RimPower,4
Custom/SobelEdgeDetection,Hair,kuw sobel,color,_AmbientColor,0.3|0.3|0.3|1
Custom/SobelEdgeDetection,Hair,kuw sobel,float,_EnableAlphaTest,1
Custom/SobelEdgeDetection,Hair,kuw sobel,float,_AlphaCutoff,0.1
Custom/GaussianPrefilteredSobel,Look,AutoSave_Look,float,_UseDebugDefaults,0
Custom/GaussianPrefilteredSobel,Look,AutoSave_Look,float,_DebugView,0
Custom/GaussianPrefilteredSobel,Look,AutoSave_Look,color,_Color,1|1|1|1
Custom/GaussianPrefilteredSobel,Look,AutoSave_Look,float,_TextureIntensity,1
Custom/GaussianPrefilteredSobel,Look,AutoSave_Look,float,_BumpScale,1
Custom/GaussianPrefilteredSobel,Look,AutoSave_Look,float,_LightSensitivity,0.5
Custom/GaussianPrefilteredSobel,Look,AutoSave_Look,float,_RampSmoothing,0.05
Custom/GaussianPrefilteredSobel,Look,AutoSave_Look,color,_ShadowColor,0.3|0.3|0.45|1
Custom/GaussianPrefilteredSobel,Look,AutoSave_Look,float,_ShadowStrength,0.5
Custom/GaussianPrefilteredSobel,Look,AutoSave_Look,float,_DetailMode,0
Custom/GaussianPrefilteredSobel,Look,AutoSave_Look,float,_DetailBias,0.5
Custom/GaussianPrefilteredSobel,Look,AutoSave_Look,float,_DepthNear,1
Custom/GaussianPrefilteredSobel,Look,AutoSave_Look,float,_DepthFar,50
Custom/GaussianPrefilteredSobel,Look,AutoSave_Look,float,_ManualDetail,0.013
Custom/GaussianPrefilteredSobel,Look,AutoSave_Look,float,_EnableOuterOutline,1
Custom/GaussianPrefilteredSobel,Look,AutoSave_Look,float,_OuterOutlineWidth,0.005
Custom/GaussianPrefilteredSobel,Look,AutoSave_Look,color,_OuterOutlineColor,0|0|0|1
Custom/GaussianPrefilteredSobel,Look,AutoSave_Look,float,_UseOutlineDepthOffset,1
Custom/GaussianPrefilteredSobel,Look,AutoSave_Look,float,_OutlineDepthBias,15
Custom/GaussianPrefilteredSobel,Look,AutoSave_Look,float,_EnableTextureSobel,1
Custom/GaussianPrefilteredSobel,Look,AutoSave_Look,float,_EnableNormalEdges,0
Custom/GaussianPrefilteredSobel,Look,AutoSave_Look,float,_EnableFresnelEdge,0
Custom/GaussianPrefilteredSobel,Look,AutoSave_Look,float,_UseLightFiltering,0
Custom/GaussianPrefilteredSobel,Look,AutoSave_Look,float,_UseModerateFiltering,0
Custom/GaussianPrefilteredSobel,Look,AutoSave_Look,float,_UseAggressiveFiltering,1
Custom/GaussianPrefilteredSobel,Look,AutoSave_Look,color,_InnerLineColor,0|0|0|1
Custom/GaussianPrefilteredSobel,Look,AutoSave_Look,float,_InnerLineThreshold,0.05
Custom/GaussianPrefilteredSobel,Look,AutoSave_Look,float,_InnerLineBlur,0.2
Custom/GaussianPrefilteredSobel,Look,AutoSave_Look,float,_InnerLineStrength,1
Custom/GaussianPrefilteredSobel,Look,AutoSave_Look,float,_EnableGaussianBlur,0
Custom/GaussianPrefilteredSobel,Look,AutoSave_Look,float,_BlurRadiusMultiplier,10
Custom/GaussianPrefilteredSobel,Look,AutoSave_Look,float,_GaussianCenterWeight,0.46
Custom/GaussianPrefilteredSobel,Look,AutoSave_Look,float,_GaussianCardinalWeight,0.309
Custom/GaussianPrefilteredSobel,Look,AutoSave_Look,float,_GaussianDiagonalWeight,0.25
Custom/GaussianPrefilteredSobel,Look,AutoSave_Look,float,_EnableThreshold,1
Custom/GaussianPrefilteredSobel,Look,AutoSave_Look,float,_ThresholdMinMultiplier,0
Custom/GaussianPrefilteredSobel,Look,AutoSave_Look,float,_ThresholdMaxMultiplier,2.6
Custom/GaussianPrefilteredSobel,Look,AutoSave_Look,float,_EnablePass1,0
Custom/GaussianPrefilteredSobel,Look,AutoSave_Look,float,_EnablePass2,0
Custom/GaussianPrefilteredSobel,Look,AutoSave_Look,float,_EnablePass3,0
Custom/GaussianPrefilteredSobel,Look,AutoSave_Look,float,_EnablePass4,0
Custom/GaussianPrefilteredSobel,Look,AutoSave_Look,float,_SmoothstepTightness,0.281
Custom/GaussianPrefilteredSobel,Look,AutoSave_Look,float,_EnablePowerCurve,0
Custom/GaussianPrefilteredSobel,Look,AutoSave_Look,float,_PowerCurve,0.5
Custom/GaussianPrefilteredSobel,Look,AutoSave_Look,float,_NormalEdgeThreshold,0
Custom/GaussianPrefilteredSobel,Look,AutoSave_Look,float,_NormalEdgeStrength,0
Custom/GaussianPrefilteredSobel,Look,AutoSave_Look,float,_NormalEdgeSmoothness,0.01
Custom/GaussianPrefilteredSobel,Look,AutoSave_Look,float,_FresnelEdgeThreshold,0.3
Custom/GaussianPrefilteredSobel,Look,AutoSave_Look,float,_FresnelEdgeStrength,0
Custom/GaussianPrefilteredSobel,Look,AutoSave_Look,color,_EdgeColor,0|0|0|1
Custom/GaussianPrefilteredSobel,Look,AutoSave_Look,float,_EdgeBlendMode,0
Custom/GaussianPrefilteredSobel,Look,AutoSave_Look,float,_EnableRim,1
Custom/GaussianPrefilteredSobel,Look,AutoSave_Look,color,_RimColor,0.408|0.408|0.408|1
Custom/GaussianPrefilteredSobel,Look,AutoSave_Look,float,_RimPower,4
Custom/GaussianPrefilteredSobel,Look,AutoSave_Look,color,_AmbientColor,0.35|0.35|0.35|1
Custom/GaussianPrefilteredSobel,Look,AutoSave_Look,float,_EnableAlphaTest,1
Custom/GaussianPrefilteredSobel,Look,AutoSave_Look,float,_AlphaCutoff,0.1
Custom/GaussianPrefilteredSobel,Head,final conf,float,_UseDebugDefaults,0
Custom/GaussianPrefilteredSobel,Head,final conf,float,_DebugView,0
Custom/GaussianPrefilteredSobel,Head,final conf,color,_Color,1|1|1|1
Custom/GaussianPrefilteredSobel,Head,final conf,float,_TextureIntensity,1
Custom/GaussianPrefilteredSobel,Head,final conf,float,_BumpScale,1
Custom/GaussianPrefilteredSobel,Head,final conf,float,_LightSensitivity,0.5
Custom/GaussianPrefilteredSobel,Head,final conf,float,_RampSmoothing,0.05
Custom/GaussianPrefilteredSobel,Head,final conf,color,_ShadowColor,0.3|0.3|0.45|1
Custom/GaussianPrefilteredSobel,Head,final conf,float,_ShadowStrength,0
Custom/GaussianPrefilteredSobel,Head,final conf,float,_DetailMode,0
Custom/GaussianPrefilteredSobel,Head,final conf,float,_DetailBias,0.5
Custom/GaussianPrefilteredSobel,Head,final conf,float,_DepthNear,1
Custom/GaussianPrefilteredSobel,Head,final conf,float,_DepthFar,50
Custom/GaussianPrefilteredSobel,Head,final conf,float,_ManualDetail,0.013
Custom/GaussianPrefilteredSobel,Head,final conf,float,_EnableOuterOutline,1
Custom/GaussianPrefilteredSobel,Head,final conf,float,_OuterOutlineWidth,0.003
Custom/GaussianPrefilteredSobel,Head,final conf,color,_OuterOutlineColor,0|0|0|1
Custom/GaussianPrefilteredSobel,Head,final conf,float,_UseOutlineDepthOffset,1
Custom/GaussianPrefilteredSobel,Head,final conf,float,_OutlineDepthBias,15
Custom/GaussianPrefilteredSobel,Head,final conf,float,_EnableTextureSobel,1
Custom/GaussianPrefilteredSobel,Head,final conf,float,_EnableNormalEdges,0
Custom/GaussianPrefilteredSobel,Head,final conf,float,_EnableFresnelEdge,0
Custom/GaussianPrefilteredSobel,Head,final conf,float,_UseLightFiltering,0
Custom/GaussianPrefilteredSobel,Head,final conf,float,_UseModerateFiltering,0
Custom/GaussianPrefilteredSobel,Head,final conf,float,_UseAggressiveFiltering,1
Custom/GaussianPrefilteredSobel,Head,final conf,color,_InnerLineColor,0|0|0|1
Custom/GaussianPrefilteredSobel,Head,final conf,float,_InnerLineThreshold,0.05
Custom/GaussianPrefilteredSobel,Head,final conf,float,_InnerLineBlur,0.2
Custom/GaussianPrefilteredSobel,Head,final conf,float,_InnerLineStrength,1
Custom/GaussianPrefilteredSobel,Head,final conf,float,_EnableGaussianBlur,0
Custom/GaussianPrefilteredSobel,Head,final conf,float,_BlurRadiusMultiplier,10
Custom/GaussianPrefilteredSobel,Head,final conf,float,_GaussianCenterWeight,0.46
Custom/GaussianPrefilteredSobel,Head,final conf,float,_GaussianCardinalWeight,0.309
Custom/GaussianPrefilteredSobel,Head,final conf,float,_GaussianDiagonalWeight,0.25
Custom/GaussianPrefilteredSobel,Head,final conf,float,_EnableThreshold,1
Custom/GaussianPrefilteredSobel,Head,final conf,float,_ThresholdMinMultiplier,0
Custom/GaussianPrefilteredSobel,Head,final conf,float,_ThresholdMaxMultiplier,2.6
Custom/GaussianPrefilteredSobel,Head,final conf,float,_EnablePass1,0
Custom/GaussianPrefilteredSobel,Head,final conf,float,_EnablePass2,0
Custom/GaussianPrefilteredSobel,Head,final conf,float,_EnablePass3,0
Custom/GaussianPrefilteredSobel,Head,final conf,float,_EnablePass4,0
Custom/GaussianPrefilteredSobel,Head,final conf,float,_SmoothstepTightness,0.281
Custom/GaussianPrefilteredSobel,Head,final conf,float,_EnablePowerCurve,0
Custom/GaussianPrefilteredSobel,Head,final conf,float,_PowerCurve,0.5
Custom/GaussianPrefilteredSobel,Head,final conf,float,_NormalEdgeThreshold,0
Custom/GaussianPrefilteredSobel,Head,final conf,float,_NormalEdgeStrength,0
Custom/GaussianPrefilteredSobel,Head,final conf,float,_NormalEdgeSmoothness,0.01
Custom/GaussianPrefilteredSobel,Head,final conf,float,_FresnelEdgeThreshold,0.3
Custom/GaussianPrefilteredSobel,Head,final conf,float,_FresnelEdgeStrength,0
Custom/GaussianPrefilteredSobel,Head,final conf,color,_EdgeColor,0|0|0|1
Custom/GaussianPrefilteredSobel,Head,final conf,float,_EdgeBlendMode,0
Custom/GaussianPrefilteredSobel,Head,final conf,float,_EnableRim,1
Custom/GaussianPrefilteredSobel,Head,final conf,color,_RimColor,0.408|0.408|0.408|1
Custom/GaussianPrefilteredSobel,Head,final conf,float,_RimPower,4
Custom/GaussianPrefilteredSobel,Head,final conf,color,_AmbientColor,0.35|0.35|0.35|1
Custom/GaussianPrefilteredSobel,Head,final conf,float,_EnableAlphaTest,1
Custom/GaussianPrefilteredSobel,Head,final conf,float,_AlphaCutoff,0.1
Custom/GaussianPrefilteredSobel,Head,AutoSave_Head,float,_UseDebugDefaults,0
Custom/GaussianPrefilteredSobel,Head,AutoSave_Head,float,_DebugView,0
Custom/GaussianPrefilteredSobel,Head,AutoSave_Head,color,_Color,1|1|1|1
Custom/GaussianPrefilteredSobel,Head,AutoSave_Head,float,_TextureIntensity,1
Custom/GaussianPrefilteredSobel,Head,AutoSave_Head,float,_BumpScale,1
Custom/GaussianPrefilteredSobel,Head,AutoSave_Head,float,_LightSensitivity,0.5
Custom/GaussianPrefilteredSobel,Head,AutoSave_Head,float,_RampSmoothing,0.05
Custom/GaussianPrefilteredSobel,Head,AutoSave_Head,color,_ShadowColor,0.3|0.3|0.45|1
Custom/GaussianPrefilteredSobel,Head,AutoSave_Head,float,_ShadowStrength,0
Custom/GaussianPrefilteredSobel,Head,AutoSave_Head,float,_DetailMode,0
Custom/GaussianPrefilteredSobel,Head,AutoSave_Head,float,_DetailBias,0.5
Custom/GaussianPrefilteredSobel,Head,AutoSave_Head,float,_DepthNear,1
Custom/GaussianPrefilteredSobel,Head,AutoSave_Head,float,_DepthFar,50
Custom/GaussianPrefilteredSobel,Head,AutoSave_Head,float,_ManualDetail,0.013
Custom/GaussianPrefilteredSobel,Head,AutoSave_Head,float,_EnableOuterOutline,1
Custom/GaussianPrefilteredSobel,Head,AutoSave_Head,float,_OuterOutlineWidth,0.005
Custom/GaussianPrefilteredSobel,Head,AutoSave_Head,color,_OuterOutlineColor,0|0|0|1
Custom/GaussianPrefilteredSobel,Head,AutoSave_Head,float,_UseOutlineDepthOffset,1
Custom/GaussianPrefilteredSobel,Head,AutoSave_Head,float,_OutlineDepthBias,15
Custom/GaussianPrefilteredSobel,Head,AutoSave_Head,float,_EnableTextureSobel,1
Custom/GaussianPrefilteredSobel,Head,AutoSave_Head,float,_EnableNormalEdges,0
Custom/GaussianPrefilteredSobel,Head,AutoSave_Head,float,_EnableFresnelEdge,0
Custom/GaussianPrefilteredSobel,Head,AutoSave_Head,float,_UseLightFiltering,1
Custom/GaussianPrefilteredSobel,Head,AutoSave_Head,float,_UseModerateFiltering,1
Custom/GaussianPrefilteredSobel,Head,AutoSave_Head,float,_UseAggressiveFiltering,0
Custom/GaussianPrefilteredSobel,Head,AutoSave_Head,color,_InnerLineColor,0|0|0|1
Custom/GaussianPrefilteredSobel,Head,AutoSave_Head,float,_InnerLineThreshold,0.2
Custom/GaussianPrefilteredSobel,Head,AutoSave_Head,float,_InnerLineBlur,1
Custom/GaussianPrefilteredSobel,Head,AutoSave_Head,float,_InnerLineStrength,1
Custom/GaussianPrefilteredSobel,Head,AutoSave_Head,float,_EnableGaussianBlur,0
Custom/GaussianPrefilteredSobel,Head,AutoSave_Head,float,_BlurRadiusMultiplier,0.1
Custom/GaussianPrefilteredSobel,Head,AutoSave_Head,float,_GaussianCenterWeight,0.46
Custom/GaussianPrefilteredSobel,Head,AutoSave_Head,float,_GaussianCardinalWeight,0.309
Custom/GaussianPrefilteredSobel,Head,AutoSave_Head,float,_GaussianDiagonalWeight,0.25
Custom/GaussianPrefilteredSobel,Head,AutoSave_Head,float,_EnableThreshold,1
Custom/GaussianPrefilteredSobel,Head,AutoSave_Head,float,_ThresholdMinMultiplier,0
Custom/GaussianPrefilteredSobel,Head,AutoSave_Head,float,_ThresholdMaxMultiplier,2.6
Custom/GaussianPrefilteredSobel,Head,AutoSave_Head,float,_EnablePass1,0
Custom/GaussianPrefilteredSobel,Head,AutoSave_Head,float,_EnablePass2,0
Custom/GaussianPrefilteredSobel,Head,AutoSave_Head,float,_EnablePass3,0
Custom/GaussianPrefilteredSobel,Head,AutoSave_Head,float,_EnablePass4,0
Custom/GaussianPrefilteredSobel,Head,AutoSave_Head,float,_SmoothstepTightness,0.281
Custom/GaussianPrefilteredSobel,Head,AutoSave_Head,float,_EnablePowerCurve,0
Custom/GaussianPrefilteredSobel,Head,AutoSave_Head,float,_PowerCurve,0.5
Custom/GaussianPrefilteredSobel,Head,AutoSave_Head,float,_NormalEdgeThreshold,0
Custom/GaussianPrefilteredSobel,Head,AutoSave_Head,float,_NormalEdgeStrength,0
Custom/GaussianPrefilteredSobel,Head,AutoSave_Head,float,_NormalEdgeSmoothness,0.01
Custom/GaussianPrefilteredSobel,Head,AutoSave_Head,float,_FresnelEdgeThreshold,0.3
Custom/GaussianPrefilteredSobel,Head,AutoSave_Head,float,_FresnelEdgeStrength,0
Custom/GaussianPrefilteredSobel,Head,AutoSave_Head,color,_EdgeColor,0|0|0|1
Custom/GaussianPrefilteredSobel,Head,AutoSave_Head,float,_EdgeBlendMode,0
Custom/GaussianPrefilteredSobel,Head,AutoSave_Head,float,_EnableRim,1
Custom/GaussianPrefilteredSobel,Head,AutoSave_Head,color,_RimColor,0.408|0.408|0.408|1
Custom/GaussianPrefilteredSobel,Head,AutoSave_Head,float,_RimPower,4
Custom/GaussianPrefilteredSobel,Head,AutoSave_Head,color,_AmbientColor,0.35|0.35|0.35|1
Custom/GaussianPrefilteredSobel,Head,AutoSave_Head,float,_EnableAlphaTest,1
Custom/GaussianPrefilteredSobel,Head,AutoSave_Head,float,_AlphaCutoff,0.1
Custom/GaussianPrefilteredSobel,Body,AutoSave_Body,float,_UseDebugDefaults,0
Custom/GaussianPrefilteredSobel,Body,AutoSave_Body,float,_DebugView,0
Custom/GaussianPrefilteredSobel,Body,AutoSave_Body,color,_Color,1|1|1|1
Custom/GaussianPrefilteredSobel,Body,AutoSave_Body,float,_TextureIntensity,1
Custom/GaussianPrefilteredSobel,Body,AutoSave_Body,float,_BumpScale,1
Custom/GaussianPrefilteredSobel,Body,AutoSave_Body,float,_LightSensitivity,0.8
Custom/GaussianPrefilteredSobel,Body,AutoSave_Body,float,_RampSmoothing,0.05
Custom/GaussianPrefilteredSobel,Body,AutoSave_Body,color,_ShadowColor,0.3|0.3|0.45|1
Custom/GaussianPrefilteredSobel,Body,AutoSave_Body,float,_ShadowStrength,0.5
Custom/GaussianPrefilteredSobel,Body,AutoSave_Body,float,_DetailMode,0
Custom/GaussianPrefilteredSobel,Body,AutoSave_Body,float,_DetailBias,0
Custom/GaussianPrefilteredSobel,Body,AutoSave_Body,float,_DepthNear,5
Custom/GaussianPrefilteredSobel,Body,AutoSave_Body,float,_DepthFar,50
Custom/GaussianPrefilteredSobel,Body,AutoSave_Body,float,_ManualDetail,0.5
Custom/GaussianPrefilteredSobel,Body,AutoSave_Body,float,_EnableOuterOutline,1
Custom/GaussianPrefilteredSobel,Body,AutoSave_Body,float,_OuterOutlineWidth,0.005
Custom/GaussianPrefilteredSobel,Body,AutoSave_Body,color,_OuterOutlineColor,0|0|0|1
Custom/GaussianPrefilteredSobel,Body,AutoSave_Body,float,_UseOutlineDepthOffset,0
Custom/GaussianPrefilteredSobel,Body,AutoSave_Body,float,_OutlineDepthBias,1
Custom/GaussianPrefilteredSobel,Body,AutoSave_Body,float,_EnableTextureSobel,1
Custom/GaussianPrefilteredSobel,Body,AutoSave_Body,float,_EnableNormalEdges,0
Custom/GaussianPrefilteredSobel,Body,AutoSave_Body,float,_EnableFresnelEdge,0
Custom/GaussianPrefilteredSobel,Body,AutoSave_Body,float,_UseLightFiltering,0
Custom/GaussianPrefilteredSobel,Body,AutoSave_Body,float,_UseModerateFiltering,1
Custom/GaussianPrefilteredSobel,Body,AutoSave_Body,float,_UseAggressiveFiltering,1
Custom/GaussianPrefilteredSobel,Body,AutoSave_Body,color,_InnerLineColor,0|0|0|1
Custom/GaussianPrefilteredSobel,Body,AutoSave_Body,float,_InnerLineThreshold,0.05
Custom/GaussianPrefilteredSobel,Body,AutoSave_Body,float,_InnerLineBlur,0.2
Custom/GaussianPrefilteredSobel,Body,AutoSave_Body,float,_InnerLineStrength,1
Custom/GaussianPrefilteredSobel,Body,AutoSave_Body,float,_EnableGaussianBlur,0
Custom/GaussianPrefilteredSobel,Body,AutoSave_Body,float,_BlurRadiusMultiplier,10
Custom/GaussianPrefilteredSobel,Body,AutoSave_Body,float,_GaussianCenterWeight,0.571
Custom/GaussianPrefilteredSobel,Body,AutoSave_Body,float,_GaussianCardinalWeight,0.5
Custom/GaussianPrefilteredSobel,Body,AutoSave_Body,float,_GaussianDiagonalWeight,0.25
Custom/GaussianPrefilteredSobel,Body,AutoSave_Body,float,_EnableThreshold,1
Custom/GaussianPrefilteredSobel,Body,AutoSave_Body,float,_ThresholdMinMultiplier,0
Custom/GaussianPrefilteredSobel,Body,AutoSave_Body,float,_ThresholdMaxMultiplier,1.97
Custom/GaussianPrefilteredSobel,Body,AutoSave_Body,float,_EnablePass1,1
Custom/GaussianPrefilteredSobel,Body,AutoSave_Body,float,_EnablePass2,1
Custom/GaussianPrefilteredSobel,Body,AutoSave_Body,float,_EnablePass3,1
Custom/GaussianPrefilteredSobel,Body,AutoSave_Body,float,_EnablePass4,1
Custom/GaussianPrefilteredSobel,Body,AutoSave_Body,float,_SmoothstepTightness,0.5
Custom/GaussianPrefilteredSobel,Body,AutoSave_Body,float,_EnablePowerCurve,0
Custom/GaussianPrefilteredSobel,Body,AutoSave_Body,float,_PowerCurve,0.5
Custom/GaussianPrefilteredSobel,Body,AutoSave_Body,float,_NormalEdgeThreshold,0
Custom/GaussianPrefilteredSobel,Body,AutoSave_Body,float,_NormalEdgeStrength,0
Custom/GaussianPrefilteredSobel,Body,AutoSave_Body,float,_NormalEdgeSmoothness,0.01
Custom/GaussianPrefilteredSobel,Body,AutoSave_Body,float,_FresnelEdgeThreshold,0.3
Custom/GaussianPrefilteredSobel,Body,AutoSave_Body,float,_FresnelEdgeStrength,0
Custom/GaussianPrefilteredSobel,Body,AutoSave_Body,color,_EdgeColor,0|0|0|1
Custom/GaussianPrefilteredSobel,Body,AutoSave_Body,float,_EdgeBlendMode,0
Custom/GaussianPrefilteredSobel,Body,AutoSave_Body,float,_EnableRim,1
Custom/GaussianPrefilteredSobel,Body,AutoSave_Body,color,_RimColor,0.408|0.408|0.408|1
Custom/GaussianPrefilteredSobel,Body,AutoSave_Body,float,_RimPower,4
Custom/GaussianPrefilteredSobel,Body,AutoSave_Body,color,_AmbientColor,0.35|0.35|0.35|1
Custom/GaussianPrefilteredSobel,Body,AutoSave_Body,float,_EnableAlphaTest,0
Custom/GaussianPrefilteredSobel,Body,AutoSave_Body,float,_AlphaCutoff,0.1
